session_id,config_id,browser_profile,mux_mode,parallel,padding_mode,resolver_mode,success,pcap_file,browser_log,pcap_size_bytes,packet_count,out_packets,in_packets,unknown_packets,out_payload_bytes,in_payload_bytes,total_payload_bytes,flow_duration_seconds,burst_count,len_1,len_2,len_3,len_4,len_5,len_6,len_7,len_8,len_9,len_10,len_11,len_12,len_13,len_14,len_15,len_16,len_17,len_18,len_19,len_20,model_name,multidetector_proxy_probability,multidetector_label_050
RQ7_CONFIRM_baseline_default_off_01,baseline_default_off,default,off,1,none,standard_dns,1,/opt/praxis/pcaps/RQ7_CONFIRM_baseline_default_off_01.pcap,/opt/praxis/logs/RQ7_CONFIRM_baseline_default_off_01_browser.json,21665,70,36,34,0,10586,4831,15417,1.141853,44,0,0,0,1759,0,-1369,0,80,655,0,-255,0,-255,0,-208,0,-366,0,0,0,logistic,0.9959434027829052,1
RQ7_CONFIRM_baseline_default_off_02,baseline_default_off,default,off,1,none,standard_dns,1,/opt/praxis/pcaps/RQ7_CONFIRM_baseline_default_off_02.pcap,/opt/praxis/logs/RQ7_CONFIRM_baseline_default_off_02_browser.json,21417,69,35,34,0,10426,4831,15257,1.139745,44,0,0,0,1759,0,-1369,0,80,655,0,-255,0,-255,0,-208,0,-366,0,0,0,logistic,0.9958859398432597,1
RQ7_CONFIRM_baseline_default_off_03,baseline_default_off,default,off,1,none,standard_dns,1,/opt/praxis/pcaps/RQ7_CONFIRM_baseline_default_off_03.pcap,/opt/praxis/logs/RQ7_CONFIRM_baseline_default_off_03_browser.json,21521,68,35,33,0,10618,4831,15449,1.139794,42,0,0,0,1823,0,-1369,0,80,655,0,-255,0,-255,0,-574,0,0,0,0,0,logistic,0.9910484650503992,1
RQ7_CONFIRM_baseline_default_off_04,baseline_default_off,default,off,1,none,standard_dns,1,/opt/praxis/pcaps/RQ7_CONFIRM_baseline_default_off_04.pcap,/opt/praxis/logs/RQ7_CONFIRM_baseline_default_off_04_browser.json,21337,67,34,33,0,10522,4831,15353,1.145909,40,0,0,0,1823,0,-1369,0,80,655,0,-255,0,-255,0,-208,-366,0,0,0,0,logistic,0.9860028370920463,1
RQ7_CONFIRM_baseline_default_off_05,baseline_default_off,default,off,1,none,standard_dns,1,/opt/praxis/pcaps/RQ7_CONFIRM_baseline_default_off_05.pcap,/opt/praxis/logs/RQ7_CONFIRM_baseline_default_off_05_browser.json,21369,67,34,33,0,10554,4831,15385,1.147163,44,0,0,0,1727,0,-1369,0,80,655,0,-255,0,-255,0,-574,0,0,0,0,2062,logistic,0.9982283763018177,1
RQ7_CONFIRM_baseline_default_off_06,baseline_default_off,default,off,1,none,standard_dns,1,/opt/praxis/pcaps/RQ7_CONFIRM_baseline_default_off_06.pcap,/opt/praxis/logs/RQ7_CONFIRM_baseline_default_off_06_browser.json,21385,69,35,34,0,10394,4831,15225,1.142792,44,0,0,0,1727,0,-1369,0,80,655,0,-255,0,-255,0,-208,0,-366,0,0,0,logistic,0.9958697800584867,1
RQ7_CONFIRM_baseline_default_off_07,baseline_default_off,default,off,1,none,standard_dns,1,/opt/praxis/pcaps/RQ7_CONFIRM_baseline_default_off_07.pcap,/opt/praxis/logs/RQ7_CONFIRM_baseline_default_off_07_browser.json,21305,67,34,33,0,10490,4831,15321,1.144525,38,0,0,0,1791,0,-1369,0,80,655,0,-255,0,-255,0,-574,0,0,0,0,0,logistic,0.9903647799579266,1
RQ7_CONFIRM_baseline_default_off_08,baseline_default_off,default,off,1,none,standard_dns,1,/opt/praxis/pcaps/RQ7_CONFIRM_baseline_default_off_08.pcap,/opt/praxis/logs/RQ7_CONFIRM_baseline_default_off_08_browser.json,21209,67,34,33,0,10394,4831,15225,1.144064,42,0,0,0,1727,0,-1369,0,80,655,0,-255,0,-255,0,-574,0,0,0,0,2030,logistic,0.9981697328814584,1
RQ7_CONFIRM_baseline_default_off_09,baseline_default_off,default,off,1,none,standard_dns,1,/opt/praxis/pcaps/RQ7_CONFIRM_baseline_default_off_09.pcap,/opt/praxis/logs/RQ7_CONFIRM_baseline_default_off_09_browser.json,21369,67,34,33,0,10554,4831,15385,1.146044,42,0,0,0,1759,0,-1369,0,80,655,0,-255,0,-255,0,-208,-366,0,0,0,0,logistic,0.9863124857783142,1
RQ7_CONFIRM_baseline_default_off_10,baseline_default_off,default,off,1,none,standard_dns,1,/opt/praxis/pcaps/RQ7_CONFIRM_baseline_default_off_10.pcap,/opt/praxis/logs/RQ7_CONFIRM_baseline_default_off_10_browser.json,21569,70,36,34,0,10490,4831,15321,1.141708,46,0,0,0,1759,0,-1369,0,80,655,0,-255,0,-255,0,-208,0,-366,0,0,0,logistic,0.996036913039792,1
RQ7_CONFIRM_baseline_default_off_11,baseline_default_off,default,off,1,none,standard_dns,1,/opt/praxis/pcaps/RQ7_CONFIRM_baseline_default_off_11.pcap,/opt/praxis/logs/RQ7_CONFIRM_baseline_default_off_11_browser.json,21609,69,35,34,0,10618,4831,15449,1.139084,44,0,0,0,1791,0,-1369,0,80,655,0,-255,0,-255,0,-208,0,-366,0,0,0,logistic,0.9959136396846275,1
RQ7_CONFIRM_baseline_default_off_12,baseline_default_off,default,off,1,none,standard_dns,1,/opt/praxis/pcaps/RQ7_CONFIRM_baseline_default_off_12.pcap,/opt/praxis/logs/RQ7_CONFIRM_baseline_default_off_12_browser.json,21937,72,37,35,0,10682,4831,15513,1.144409,42,0,0,0,1823,0,-1369,0,80,655,0,-255,0,-255,0,-208,0,-366,0,0,0,logistic,0.995958229911224,1
RQ7_CONFIRM_baseline_default_off_13,baseline_default_off,default,off,1,none,standard_dns,1,/opt/praxis/pcaps/RQ7_CONFIRM_baseline_default_off_13.pcap,/opt/praxis/logs/RQ7_CONFIRM_baseline_default_off_13_browser.json,21545,69,35,34,0,10554,4831,15385,1.14453,44,0,0,0,1759,0,-1369,0,80,655,0,-255,0,-255,0,-208,0,-366,0,0,0,logistic,0.9958940264963098,1
RQ7_CONFIRM_baseline_default_off_14,baseline_default_off,default,off,1,none,standard_dns,1,/opt/praxis/pcaps/RQ7_CONFIRM_baseline_default_off_14.pcap,/opt/praxis/logs/RQ7_CONFIRM_baseline_default_off_14_browser.json,21633,70,36,34,0,10554,4831,15385,1.143213,44,0,0,0,1791,0,-1369,0,80,655,0,-255,0,-255,0,-208,0,-366,0,0,0,logistic,0.9959516838004142,1
RQ7_CONFIRM_baseline_default_off_15,baseline_default_off,default,off,1,none,standard_dns,1,/opt/praxis/pcaps/RQ7_CONFIRM_baseline_default_off_15.pcap,/opt/praxis/logs/RQ7_CONFIRM_baseline_default_off_15_browser.json,21665,70,36,34,0,10586,4831,15417,1.142199,44,0,0,0,1823,0,-1369,0,80,655,0,-255,0,-255,0,-208,0,-366,0,0,0,logistic,0.9959660569061628,1
RQ7_CONFIRM_baseline_default_off_16,baseline_default_off,default,off,1,none,standard_dns,1,/opt/praxis/pcaps/RQ7_CONFIRM_baseline_default_off_16.pcap,/opt/praxis/logs/RQ7_CONFIRM_baseline_default_off_16_browser.json,21305,67,34,33,0,10490,4831,15321,1.14148,42,0,0,0,1791,0,-1369,0,80,655,0,-255,0,-255,0,-574,0,0,0,0,1998,logistic,0.9981782057788514,1
RQ7_CONFIRM_baseline_default_off_17,baseline_default_off,default,off,1,none,standard_dns,1,/opt/praxis/pcaps/RQ7_CONFIRM_baseline_default_off_17.pcap,/opt/praxis/logs/RQ7_CONFIRM_baseline_default_off_17_browser.json,21577,69,35,34,0,10586,4831,15417,1.141105,44,0,0,0,1791,0,-1369,0,80,655,0,-255,0,-255,0,-208,0,-366,0,0,0,logistic,0.9959100287131636,1
RQ7_CONFIRM_baseline_default_off_18,baseline_default_off,default,off,1,none,standard_dns,1,/opt/praxis/pcaps/RQ7_CONFIRM_baseline_default_off_18.pcap,/opt/praxis/logs/RQ7_CONFIRM_baseline_default_off_18_browser.json,21625,71,37,34,0,10458,4831,15289,1.142971,42,0,0,0,1823,0,-1369,0,80,655,0,-255,0,-255,0,-208,0,-366,0,0,0,logistic,0.9958923662174799,1
RQ7_CONFIRM_baseline_default_off_19,baseline_default_off,default,off,1,none,standard_dns,1,/opt/praxis/pcaps/RQ7_CONFIRM_baseline_default_off_19.pcap,/opt/praxis/logs/RQ7_CONFIRM_baseline_default_off_19_browser.json,21481,69,35,34,0,10490,4831,15321,1.143154,44,0,0,0,1727,0,-1369,0,80,655,0,-255,0,-255,0,-208,0,-366,0,0,0,logistic,0.9958775513951753,1
RQ7_CONFIRM_baseline_default_off_20,baseline_default_off,default,off,1,none,standard_dns,1,/opt/praxis/pcaps/RQ7_CONFIRM_baseline_default_off_20.pcap,/opt/praxis/logs/RQ7_CONFIRM_baseline_default_off_20_browser.json,21545,69,35,34,0,10554,4831,15385,1.141477,44,0,0,0,1823,0,-1369,0,80,655,0,-255,0,-255,0,-208,0,-366,0,0,0,logistic,0.9959186703760105,1
RQ7_CONFIRM_baseline_default_off_21,baseline_default_off,default,off,1,none,standard_dns,1,/opt/praxis/pcaps/RQ7_CONFIRM_baseline_default_off_21.pcap,/opt/praxis/logs/RQ7_CONFIRM_baseline_default_off_21_browser.json,21449,69,35,34,0,10458,4831,15289,1.14448,42,0,0,0,1759,0,-1369,0,80,655,0,-255,0,-255,0,-208,0,-366,0,0,0,logistic,0.9957763074656985,1
RQ7_CONFIRM_baseline_default_off_22,baseline_default_off,default,off,1,none,standard_dns,1,/opt/praxis/pcaps/RQ7_CONFIRM_baseline_default_off_22.pcap,/opt/praxis/logs/RQ7_CONFIRM_baseline_default_off_22_browser.json,21569,70,36,34,0,10490,4831,15321,1.139051,42,0,0,0,1759,0,-1369,0,80,655,0,-255,0,-255,0,-208,0,-366,0,0,0,logistic,0.995828538276607,1
RQ7_CONFIRM_baseline_default_off_23,baseline_default_off,default,off,1,none,standard_dns,1,/opt/praxis/pcaps/RQ7_CONFIRM_baseline_default_off_23.pcap,/opt/praxis/logs/RQ7_CONFIRM_baseline_default_off_23_browser.json,21545,69,35,34,0,10554,4831,15385,1.141934,42,0,0,0,1727,0,-1369,0,80,655,0,-255,0,-255,0,-208,0,-366,0,0,0,logistic,0.9957734873629686,1
RQ7_CONFIRM_baseline_default_off_24,baseline_default_off,default,off,1,none,standard_dns,1,/opt/praxis/pcaps/RQ7_CONFIRM_baseline_default_off_24.pcap,/opt/praxis/logs/RQ7_CONFIRM_baseline_default_off_24_browser.json,21209,67,34,33,0,10394,4831,15225,1.144279,42,0,0,0,1791,0,-1369,0,80,655,0,-255,0,-255,0,-208,0,-366,0,0,0,logistic,0.9956815859857403,1
RQ7_CONFIRM_baseline_default_off_25,baseline_default_off,default,off,1,none,standard_dns,1,/opt/praxis/pcaps/RQ7_CONFIRM_baseline_default_off_25.pcap,/opt/praxis/logs/RQ7_CONFIRM_baseline_default_off_25_browser.json,21577,69,35,34,0,10586,4831,15417,1.144272,46,0,0,0,1823,0,-1369,0,80,655,0,-255,0,-255,0,-208,0,-366,0,0,0,logistic,0.9960214416832186,1
RQ7_CONFIRM_baseline_default_off_26,baseline_default_off,default,off,1,none,standard_dns,1,/opt/praxis/pcaps/RQ7_CONFIRM_baseline_default_off_26.pcap,/opt/praxis/logs/RQ7_CONFIRM_baseline_default_off_26_browser.json,21545,69,36,33,0,10554,4831,15385,1.146769,46,0,0,0,1759,0,-1369,0,80,655,0,-255,0,-255,0,-574,0,0,0,0,2094,logistic,0.9983218568635537,1
RQ7_CONFIRM_baseline_default_off_27,baseline_default_off,default,off,1,none,standard_dns,1,/opt/praxis/pcaps/RQ7_CONFIRM_baseline_default_off_27.pcap,/opt/praxis/logs/RQ7_CONFIRM_baseline_default_off_27_browser.json,21593,71,36,35,0,10426,4831,15257,1.140293,42,0,0,0,1727,0,-1369,0,80,655,0,-255,0,-255,0,-208,0,-366,0,0,0,logistic,0.9958602561404274,1
RQ7_CONFIRM_baseline_default_off_28,baseline_default_off,default,off,1,none,standard_dns,1,/opt/praxis/pcaps/RQ7_CONFIRM_baseline_default_off_28.pcap,/opt/praxis/logs/RQ7_CONFIRM_baseline_default_off_28_browser.json,21513,69,35,34,0,10522,4831,15353,1.141719,44,0,0,0,1791,0,-1369,0,80,655,0,-255,0,-255,0,-208,0,-366,0,0,0,logistic,0.995904512125664,1
RQ7_CONFIRM_baseline_default_off_29,baseline_default_off,default,off,1,none,standard_dns,1,/opt/praxis/pcaps/RQ7_CONFIRM_baseline_default_off_29.pcap,/opt/praxis/logs/RQ7_CONFIRM_baseline_default_off_29_browser.json,21665,70,36,34,0,10586,4831,15417,1.145373,42,0,0,0,1823,0,-1369,0,80,655,0,-255,0,-255,0,-208,0,-366,0,0,0,logistic,0.9958566892010675,1
RQ7_CONFIRM_baseline_default_off_30,baseline_default_off,default,off,1,none,standard_dns,1,/opt/praxis/pcaps/RQ7_CONFIRM_baseline_default_off_30.pcap,/opt/praxis/logs/RQ7_CONFIRM_baseline_default_off_30_browser.json,21273,67,34,33,0,10458,4831,15289,1.141588,44,0,0,0,1727,0,-1369,0,80,655,0,-255,0,-255,0,-208,0,-366,0,0,0,logistic,0.9957765221757281,1
RQ7_CONFIRM_baseline_default_off_31,baseline_default_off,default,off,1,none,standard_dns,1,/opt/praxis/pcaps/RQ7_CONFIRM_baseline_default_off_31.pcap,/opt/praxis/logs/RQ7_CONFIRM_baseline_default_off_31_browser.json,21433,67,34,33,0,10618,4831,15449,1.142839,44,0,0,0,1791,0,-1369,0,80,655,0,-255,0,-255,0,-208,0,-366,0,0,0,logistic,0.995813418241498,1
RQ7_CONFIRM_baseline_default_off_32,baseline_default_off,default,off,1,none,standard_dns,1,/opt/praxis/pcaps/RQ7_CONFIRM_baseline_default_off_32.pcap,/opt/praxis/logs/RQ7_CONFIRM_baseline_default_off_32_browser.json,21577,69,35,34,0,10586,4831,15417,1.146946,40,0,0,0,1791,0,-1369,0,80,655,0,-255,0,-255,0,-574,0,0,0,0,2030,logistic,0.9981795767836685,1
RQ7_CONFIRM_baseline_default_off_33,baseline_default_off,default,off,1,none,standard_dns,1,/opt/praxis/pcaps/RQ7_CONFIRM_baseline_default_off_33.pcap,/opt/praxis/logs/RQ7_CONFIRM_baseline_default_off_33_browser.json,21425,68,35,33,0,10522,4831,15353,1.146236,42,0,0,0,1823,0,-1369,0,80,655,0,-255,0,-255,0,-574,0,0,0,0,1998,logistic,0.9982041288236734,1
RQ7_CONFIRM_baseline_default_off_34,baseline_default_off,default,off,1,none,standard_dns,1,/opt/praxis/pcaps/RQ7_CONFIRM_baseline_default_off_34.pcap,/opt/praxis/logs/RQ7_CONFIRM_baseline_default_off_34_browser.json,21649,72,36,36,0,10394,4831,15225,1.14966,44,0,0,0,1727,0,-1369,0,80,655,0,-255,0,-255,0,-208,0,-366,0,0,0,logistic,0.9960077178852049,1
RQ7_CONFIRM_baseline_default_off_35,baseline_default_off,default,off,1,none,standard_dns,1,/opt/praxis/pcaps/RQ7_CONFIRM_baseline_default_off_35.pcap,/opt/praxis/logs/RQ7_CONFIRM_baseline_default_off_35_browser.json,21305,67,34,33,0,10490,4831,15321,1.142591,44,0,0,0,1759,0,-1369,0,80,655,0,-255,0,-255,0,-208,0,-366,0,0,0,logistic,0.9957909211373416,1
RQ7_CONFIRM_baseline_default_off_36,baseline_default_off,default,off,1,none,standard_dns,1,/opt/praxis/pcaps/RQ7_CONFIRM_baseline_default_off_36.pcap,/opt/praxis/logs/RQ7_CONFIRM_baseline_default_off_36_browser.json,21545,69,35,34,0,10554,4831,15385,1.144784,40,0,0,0,1727,0,-1369,0,80,655,0,-255,0,-255,0,-574,0,0,0,0,2062,logistic,0.9981744559128707,1
RQ7_CONFIRM_baseline_default_off_37,baseline_default_off,default,off,1,none,standard_dns,1,/opt/praxis/pcaps/RQ7_CONFIRM_baseline_default_off_37.pcap,/opt/praxis/logs/RQ7_CONFIRM_baseline_default_off_37_browser.json,21537,70,36,34,0,10458,4831,15289,1.140335,44,0,0,0,1759,0,-1369,0,80,655,0,-255,0,-255,0,-208,-366,0,0,0,0,logistic,0.9871030334058868,1
RQ7_CONFIRM_baseline_default_off_38,baseline_default_off,default,off,1,none,standard_dns,1,/opt/praxis/pcaps/RQ7_CONFIRM_baseline_default_off_38.pcap,/opt/praxis/logs/RQ7_CONFIRM_baseline_default_off_38_browser.json,21537,70,36,34,0,10458,4831,15289,1.143674,48,0,0,0,1759,0,-1369,0,80,655,0,-255,0,-255,0,-208,0,-366,0,0,0,logistic,0.9961281143745101,1
RQ7_CONFIRM_baseline_default_off_39,baseline_default_off,default,off,1,none,standard_dns,1,/opt/praxis/pcaps/RQ7_CONFIRM_baseline_default_off_39.pcap,/opt/praxis/logs/RQ7_CONFIRM_baseline_default_off_39_browser.json,21305,67,34,33,0,10490,4831,15321,1.140609,42,0,0,0,1727,0,-1369,0,80,655,0,-255,0,-255,0,-574,0,0,0,0,1998,logistic,0.9981678828302273,1
RQ7_CONFIRM_baseline_default_off_40,baseline_default_off,default,off,1,none,standard_dns,1,/opt/praxis/pcaps/RQ7_CONFIRM_baseline_default_off_40.pcap,/opt/praxis/logs/RQ7_CONFIRM_baseline_default_off_40_browser.json,21609,69,35,34,0,10618,4831,15449,1.144017,44,0,0,0,1823,0,-1369,0,80,655,0,-255,0,-255,0,-574,0,0,0,0,2094,logistic,0.9982932614148626,1
RQ7_CONFIRM_baseline_default_off_41,baseline_default_off,default,off,1,none,standard_dns,1,/opt/praxis/pcaps/RQ7_CONFIRM_baseline_default_off_41.pcap,/opt/praxis/logs/RQ7_CONFIRM_baseline_default_off_41_browser.json,21337,67,34,33,0,10522,4831,15353,1.141272,46,0,0,0,1727,0,-1369,0,80,655,0,-255,0,-255,0,-208,0,-366,0,0,0,logistic,0.9958870931020133,1
RQ7_CONFIRM_baseline_default_off_42,baseline_default_off,default,off,1,none,standard_dns,1,/opt/praxis/pcaps/RQ7_CONFIRM_baseline_default_off_42.pcap,/opt/praxis/logs/RQ7_CONFIRM_baseline_default_off_42_browser.json,21609,69,35,34,0,10618,4831,15449,1.144226,40,0,0,0,1823,0,-1369,0,80,655,0,-255,0,-255,0,-574,0,0,0,0,2062,logistic,0.9981924416255878,1
RQ7_CONFIRM_baseline_default_off_43,baseline_default_off,default,off,1,none,standard_dns,1,/opt/praxis/pcaps/RQ7_CONFIRM_baseline_default_off_43.pcap,/opt/praxis/logs/RQ7_CONFIRM_baseline_default_off_43_browser.json,21513,69,35,34,0,10522,4831,15353,1.142944,46,0,0,0,1727,0,-1369,0,80,655,0,-255,0,-255,0,-208,0,-366,0,0,0,logistic,0.9959828618564199,1
RQ7_CONFIRM_baseline_default_off_44,baseline_default_off,default,off,1,none,standard_dns,1,/opt/praxis/pcaps/RQ7_CONFIRM_baseline_default_off_44.pcap,/opt/praxis/logs/RQ7_CONFIRM_baseline_default_off_44_browser.json,21681,72,37,35,0,10426,4831,15257,1.140269,46,0,0,0,1727,0,-1369,0,80,655,0,-255,0,-255,0,-208,0,-366,0,0,0,logistic,0.996110717481068,1
RQ7_CONFIRM_baseline_default_off_45,baseline_default_off,default,off,1,none,standard_dns,1,/opt/praxis/pcaps/RQ7_CONFIRM_baseline_default_off_45.pcap,/opt/praxis/logs/RQ7_CONFIRM_baseline_default_off_45_browser.json,21513,69,35,34,0,10522,4831,15353,1.145116,40,0,0,0,1759,0,-1369,0,80,655,0,-255,0,-255,0,-208,-366,0,0,0,0,logistic,0.9862531190130991,1
RQ7_CONFIRM_baseline_default_off_46,baseline_default_off,default,off,1,none,standard_dns,1,/opt/praxis/pcaps/RQ7_CONFIRM_baseline_default_off_46.pcap,/opt/praxis/logs/RQ7_CONFIRM_baseline_default_off_46_browser.json,21273,67,34,33,0,10458,4831,15289,1.139046,44,0,0,0,1823,0,-1369,0,80,655,0,-255,0,-255,0,-208,0,-366,0,0,0,logistic,0.9958137561881393,1
RQ7_CONFIRM_baseline_default_off_47,baseline_default_off,default,off,1,none,standard_dns,1,/opt/praxis/pcaps/RQ7_CONFIRM_baseline_default_off_47.pcap,/opt/praxis/logs/RQ7_CONFIRM_baseline_default_off_47_browser.json,21457,68,35,33,0,10554,4831,15385,1.144308,40,0,0,0,1823,0,-1369,0,80,655,0,-255,0,-255,0,-574,0,0,0,0,1998,logistic,0.9981553483395018,1
RQ7_CONFIRM_baseline_default_off_48,baseline_default_off,default,off,1,none,standard_dns,1,/opt/praxis/pcaps/RQ7_CONFIRM_baseline_default_off_48.pcap,/opt/praxis/logs/RQ7_CONFIRM_baseline_default_off_48_browser.json,21505,70,36,34,0,10426,4831,15257,1.146175,44,0,0,0,1727,0,-1369,0,80,655,0,-255,0,-255,0,-208,0,-366,0,0,0,logistic,0.9959164297454031,1
RQ7_CONFIRM_baseline_default_off_49,baseline_default_off,default,off,1,none,standard_dns,1,/opt/praxis/pcaps/RQ7_CONFIRM_baseline_default_off_49.pcap,/opt/praxis/logs/RQ7_CONFIRM_baseline_default_off_49_browser.json,21481,69,35,34,0,10490,4831,15321,1.1418,42,0,0,0,1727,0,-1369,0,80,655,0,-255,0,-255,0,-208,0,-366,0,0,0,logistic,0.9957681627055056,1
RQ7_CONFIRM_baseline_default_off_50,baseline_default_off,default,off,1,none,standard_dns,1,/opt/praxis/pcaps/RQ7_CONFIRM_baseline_default_off_50.pcap,/opt/praxis/logs/RQ7_CONFIRM_baseline_default_off_50_browser.json,21369,67,34,33,0,10554,4831,15385,1.139078,42,0,0,0,1823,0,-1369,0,80,655,0,-255,0,-255,0,-574,0,0,0,0,0,logistic,0.9909352466813555,1
RQ7_CONFIRM_camouflaged_c2_p1_01,camouflaged_c2_p1,camouflaged,c2,1,none,standard_dns,1,/opt/praxis/pcaps/RQ7_CONFIRM_camouflaged_c2_p1_01.pcap,/opt/praxis/logs/RQ7_CONFIRM_camouflaged_c2_p1_01_browser.json,20585,56,28,28,0,10648,4969,15617,0.184586,34,0,0,0,1800,0,-1377,0,88,687,0,-263,0,-263,0,-216,0,-374,0,-6,0,logistic,0.9948114564787737,1
RQ7_CONFIRM_camouflaged_c2_p1_02,camouflaged_c2_p1,camouflaged,c2,1,none,standard_dns,1,/opt/praxis/pcaps/RQ7_CONFIRM_camouflaged_c2_p1_02.pcap,/opt/praxis/logs/RQ7_CONFIRM_camouflaged_c2_p1_02_browser.json,20089,50,26,24,0,10712,4937,15649,0.197929,28,0,0,0,1768,0,-1377,0,88,687,0,-263,0,-263,0,-582,-6,0,0,6,2052,logistic,0.9980311087071606,1
RQ7_CONFIRM_camouflaged_c2_p1_03,camouflaged_c2_p1,camouflaged,c2,1,none,standard_dns,1,/opt/praxis/pcaps/RQ7_CONFIRM_camouflaged_c2_p1_03.pcap,/opt/praxis/logs/RQ7_CONFIRM_camouflaged_c2_p1_03_browser.json,20153,52,26,26,0,10584,4953,15537,0.190154,32,0,0,0,1768,0,-1377,0,88,687,0,-263,0,-263,0,-582,0,-6,0,6,2020,logistic,0.9987896178912817,1
RQ7_CONFIRM_camouflaged_c2_p1_04,camouflaged_c2_p1,camouflaged,c2,1,none,standard_dns,1,/opt/praxis/pcaps/RQ7_CONFIRM_camouflaged_c2_p1_04.pcap,/opt/praxis/logs/RQ7_CONFIRM_camouflaged_c2_p1_04_browser.json,20417,53,27,26,0,10736,4977,15713,0.188321,34,0,0,0,1832,0,-1377,0,88,687,0,-263,0,-263,0,-216,0,-374,0,-6,0,logistic,0.9945939918746316,1
RQ7_CONFIRM_camouflaged_c2_p1_05,camouflaged_c2_p1,camouflaged,c2,1,none,standard_dns,1,/opt/praxis/pcaps/RQ7_CONFIRM_camouflaged_c2_p1_05.pcap,/opt/praxis/logs/RQ7_CONFIRM_camouflaged_c2_p1_05_browser.json,20897,58,29,29,0,10776,4977,15753,0.183114,34,0,0,0,1768,0,-1377,0,88,687,0,-263,0,-263,0,-216,0,-374,0,-6,0,logistic,0.9949556651238415,1
RQ7_CONFIRM_camouflaged_c2_p1_06,camouflaged_c2_p1,camouflaged,c2,1,none,standard_dns,1,/opt/praxis/pcaps/RQ7_CONFIRM_camouflaged_c2_p1_06.pcap,/opt/praxis/logs/RQ7_CONFIRM_camouflaged_c2_p1_06_browser.json,20193,52,26,26,0,10616,4961,15577,0.189476,30,0,0,0,1768,0,-1377,0,88,687,0,-263,0,-263,0,-216,0,-374,-6,0,0,logistic,0.9949723774855734,1
RQ7_CONFIRM_camouflaged_c2_p1_07,camouflaged_c2_p1,camouflaged,c2,1,none,standard_dns,1,/opt/praxis/pcaps/RQ7_CONFIRM_camouflaged_c2_p1_07.pcap,/opt/praxis/logs/RQ7_CONFIRM_camouflaged_c2_p1_07_browser.json,20441,53,27,26,0,10776,4961,15737,0.183895,30,0,0,0,1800,0,-1377,0,88,687,0,-263,0,-263,0,-216,0,-374,-6,0,0,logistic,0.9950813892907865,1
RQ7_CONFIRM_camouflaged_c2_p1_08,camouflaged_c2_p1,camouflaged,c2,1,none,standard_dns,1,/opt/praxis/pcaps/RQ7_CONFIRM_camouflaged_c2_p1_08.pcap,/opt/praxis/logs/RQ7_CONFIRM_camouflaged_c2_p1_08_browser.json,20481,54,27,27,0,10712,4977,15689,0.190767,38,0,0,0,1736,0,-1377,0,88,687,0,-263,0,-263,0,-216,0,-374,0,-6,0,logistic,0.9949529776677549,1
RQ7_CONFIRM_camouflaged_c2_p1_09,camouflaged_c2_p1,camouflaged,c2,1,none,standard_dns,1,/opt/praxis/pcaps/RQ7_CONFIRM_camouflaged_c2_p1_09.pcap,/opt/praxis/logs/RQ7_CONFIRM_camouflaged_c2_p1_09_browser.json,20193,50,25,25,0,10800,4953,15753,0.191965,32,0,0,0,1800,0,-1377,0,88,687,0,-263,0,-263,0,-582,0,-6,0,6,2052,logistic,0.9987633016851892,1
RQ7_CONFIRM_camouflaged_c2_p1_10,camouflaged_c2_p1,camouflaged,c2,1,none,standard_dns,1,/opt/praxis/pcaps/RQ7_CONFIRM_camouflaged_c2_p1_10.pcap,/opt/praxis/logs/RQ7_CONFIRM_camouflaged_c2_p1_10_browser.json,20313,52,26,26,0,10744,4953,15697,0.189412,34,0,0,0,1832,0,-1377,0,88,687,0,-263,0,-263,0,-582,0,-6,0,6,2084,logistic,0.9988484060371022,1
RQ7_CONFIRM_camouflaged_c2_p1_11,camouflaged_c2_p1,camouflaged,c2,1,none,standard_dns,1,/opt/praxis/pcaps/RQ7_CONFIRM_camouflaged_c2_p1_11.pcap,/opt/praxis/logs/RQ7_CONFIRM_camouflaged_c2_p1_11_browser.json,20497,54,27,27,0,10744,4961,15705,0.187201,36,0,0,0,1768,0,-1377,0,88,687,0,-263,0,-263,0,-582,0,-6,0,6,2084,logistic,0.9989128109734885,1
RQ7_CONFIRM_camouflaged_c2_p1_12,camouflaged_c2_p1,camouflaged,c2,1,none,standard_dns,1,/opt/praxis/pcaps/RQ7_CONFIRM_camouflaged_c2_p1_12.pcap,/opt/praxis/logs/RQ7_CONFIRM_camouflaged_c2_p1_12_browser.json,20649,56,28,28,0,10712,4969,15681,0.200795,34,0,0,0,1800,0,-1377,0,88,687,0,-263,0,-263,0,-216,0,-374,0,-6,0,logistic,0.9947992979986372,1
RQ7_CONFIRM_camouflaged_c2_p1_13,camouflaged_c2_p1,camouflaged,c2,1,none,standard_dns,1,/opt/praxis/pcaps/RQ7_CONFIRM_camouflaged_c2_p1_13.pcap,/opt/praxis/logs/RQ7_CONFIRM_camouflaged_c2_p1_13_browser.json,20353,52,26,26,0,10768,4969,15737,0.187664,34,0,0,0,1768,0,-1377,0,88,687,0,-263,0,-263,0,-216,0,-374,0,-6,0,logistic,0.9944873308045209,1
RQ7_CONFIRM_camouflaged_c2_p1_14,camouflaged_c2_p1,camouflaged,c2,1,none,standard_dns,1,/opt/praxis/pcaps/RQ7_CONFIRM_camouflaged_c2_p1_14.pcap,/opt/praxis/logs/RQ7_CONFIRM_camouflaged_c2_p1_14_browser.json,20033,51,25,26,0,10552,4953,15505,0.189224,34,0,0,0,1768,0,-1377,0,88,687,0,-263,0,-263,0,-582,0,-6,0,6,1988,logistic,0.9988078782781438,1
RQ7_CONFIRM_camouflaged_c2_p1_15,camouflaged_c2_p1,camouflaged,c2,1,none,standard_dns,1,/opt/praxis/pcaps/RQ7_CONFIRM_camouflaged_c2_p1_15.pcap,/opt/praxis/logs/RQ7_CONFIRM_camouflaged_c2_p1_15_browser.json,20201,52,26,26,0,10616,4969,15585,0.191309,36,0,0,0,1768,0,-1377,0,88,687,0,-263,0,-263,0,-582,0,-6,0,6,2020,logistic,0.9988679399671917,1
RQ7_CONFIRM_camouflaged_c2_p1_16,camouflaged_c2_p1,camouflaged,c2,1,none,standard_dns,1,/opt/praxis/pcaps/RQ7_CONFIRM_camouflaged_c2_p1_16.pcap,/opt/praxis/logs/RQ7_CONFIRM_camouflaged_c2_p1_16_browser.json,20817,57,28,29,0,10776,4985,15761,0.18772,32,0,0,0,1768,0,-1377,0,88,687,0,-263,0,-263,0,-216,0,-374,-6,0,0,logistic,0.9955131969616732,1
RQ7_CONFIRM_camouflaged_c2_p1_17,camouflaged_c2_p1,camouflaged,c2,1,none,standard_dns,1,/opt/praxis/pcaps/RQ7_CONFIRM_camouflaged_c2_p1_17.pcap,/opt/praxis/logs/RQ7_CONFIRM_camouflaged_c2_p1_17_browser.json,20385,54,27,27,0,10616,4977,15593,0.192556,40,0,0,0,1832,0,-1377,0,88,687,0,-263,0,-263,0,-216,0,-374,0,-6,0,logistic,0.9951274337955288,1
RQ7_CONFIRM_camouflaged_c2_p1_18,camouflaged_c2_p1,camouflaged,c2,1,none,standard_dns,1,/opt/praxis/pcaps/RQ7_CONFIRM_camouflaged_c2_p1_18.pcap,/opt/praxis/logs/RQ7_CONFIRM_camouflaged_c2_p1_18_browser.json,20409,53,26,27,0,10744,4961,15705,0.186782,32,0,0,0,1768,0,-1377,0,88,687,0,-263,0,-263,0,-582,0,-6,0,6,2052,logistic,0.9988171137505485,1
RQ7_CONFIRM_camouflaged_c2_p1_19,camouflaged_c2_p1,camouflaged,c2,1,none,standard_dns,1,/opt/praxis/pcaps/RQ7_CONFIRM_camouflaged_c2_p1_19.pcap,/opt/praxis/logs/RQ7_CONFIRM_camouflaged_c2_p1_19_browser.json,20337,54,27,27,0,10584,4961,15545,0.191449,30,0,0,0,1736,0,-1377,0,88,687,0,-263,0,-263,0,-216,0,-374,0,-6,0,logistic,0.9942200898381973,1
RQ7_CONFIRM_camouflaged_c2_p1_20,camouflaged_c2_p1,camouflaged,c2,1,none,standard_dns,1,/opt/praxis/pcaps/RQ7_CONFIRM_camouflaged_c2_p1_20.pcap,/opt/praxis/logs/RQ7_CONFIRM_camouflaged_c2_p1_20_browser.json,20441,53,26,27,0,10776,4961,15737,0.190748,38,0,0,0,1832,0,-1377,0,88,687,0,-263,0,-263,0,-582,0,-6,0,6,2052,logistic,0.9989323689197458,1
RQ7_CONFIRM_camouflaged_c2_p1_21,camouflaged_c2_p1,camouflaged,c2,1,none,standard_dns,1,/opt/praxis/pcaps/RQ7_CONFIRM_camouflaged_c2_p1_21.pcap,/opt/praxis/logs/RQ7_CONFIRM_camouflaged_c2_p1_21_browser.json,20577,54,27,27,0,10808,4977,15785,0.185189,36,0,0,0,1800,0,-1377,0,88,687,0,-263,0,-263,0,-216,0,-374,0,-6,0,logistic,0.9948424189012186,1
RQ7_CONFIRM_camouflaged_c2_p1_22,camouflaged_c2_p1,camouflaged,c2,1,none,standard_dns,1,/opt/praxis/pcaps/RQ7_CONFIRM_camouflaged_c2_p1_22.pcap,/opt/praxis/logs/RQ7_CONFIRM_camouflaged_c2_p1_22_browser.json,20473,54,27,27,0,10712,4969,15681,0.190576,36,0,0,0,1736,0,-1377,0,88,687,0,-263,0,-263,0,-216,0,-374,0,-6,0,logistic,0.9947969639585966,1
RQ7_CONFIRM_camouflaged_c2_p1_23,camouflaged_c2_p1,camouflaged,c2,1,none,standard_dns,1,/opt/praxis/pcaps/RQ7_CONFIRM_camouflaged_c2_p1_23.pcap,/opt/praxis/logs/RQ7_CONFIRM_camouflaged_c2_p1_23_browser.json,20497,54,27,27,0,10744,4961,15705,0.185256,34,0,0,0,1832,0,-1377,0,88,687,0,-263,0,-263,0,-582,0,-6,0,6,2052,logistic,0.9988802231814231,1
RQ7_CONFIRM_camouflaged_c2_p1_24,camouflaged_c2_p1,camouflaged,c2,1,none,standard_dns,1,/opt/praxis/pcaps/RQ7_CONFIRM_camouflaged_c2_p1_24.pcap,/opt/praxis/logs/RQ7_CONFIRM_camouflaged_c2_p1_24_browser.json,20649,56,28,28,0,10712,4969,15681,0.195062,32,0,0,0,1768,0,-1377,0,88,687,0,-263,0,-263,0,-216,0,-374,0,-6,0,logistic,0.9946106213098196,1
RQ7_CONFIRM_camouflaged_c2_p1_25,camouflaged_c2_p1,camouflaged,c2,1,none,standard_dns,1,/opt/praxis/pcaps/RQ7_CONFIRM_camouflaged_c2_p1_25.pcap,/opt/praxis/logs/RQ7_CONFIRM_camouflaged_c2_p1_25_browser.json,20249,52,26,26,0,10680,4953,15633,0.18706,32,0,0,0,1832,0,-1377,0,88,687,0,-263,0,-263,0,-582,0,-6,0,6,1988,logistic,0.9987954515891195,1
RQ7_CONFIRM_camouflaged_c2_p1_26,camouflaged_c2_p1,camouflaged,c2,1,none,standard_dns,1,/opt/praxis/pcaps/RQ7_CONFIRM_camouflaged_c2_p1_26.pcap,/opt/praxis/logs/RQ7_CONFIRM_camouflaged_c2_p1_26_browser.json,20473,54,27,27,0,10712,4969,15681,0.187648,32,0,0,0,1832,0,-1377,0,88,687,0,-263,0,-263,0,-582,0,-6,0,6,2020,logistic,0.9988360146543269,1
RQ7_CONFIRM_camouflaged_c2_p1_27,camouflaged_c2_p1,camouflaged,c2,1,none,standard_dns,1,/opt/praxis/pcaps/RQ7_CONFIRM_camouflaged_c2_p1_27.pcap,/opt/praxis/logs/RQ7_CONFIRM_camouflaged_c2_p1_27_browser.json,20345,52,26,26,0,10776,4953,15729,0.186909,30,0,0,0,1832,0,-1377,0,88,687,0,-263,0,-263,0,-582,0,-6,0,6,2052,logistic,0.998761606086182,1
RQ7_CONFIRM_camouflaged_c2_p1_28,camouflaged_c2_p1,camouflaged,c2,1,none,standard_dns,1,/opt/praxis/pcaps/RQ7_CONFIRM_camouflaged_c2_p1_28.pcap,/opt/praxis/logs/RQ7_CONFIRM_camouflaged_c2_p1_28_browser.json,20441,52,26,26,0,10872,4953,15825,0.186969,32,0,0,0,1832,0,-1377,0,88,687,0,-263,0,-263,0,-582,0,-6,0,6,2084,logistic,0.9988119366052328,1
RQ7_CONFIRM_camouflaged_c2_p1_29,camouflaged_c2_p1,camouflaged,c2,1,none,standard_dns,1,/opt/praxis/pcaps/RQ7_CONFIRM_camouflaged_c2_p1_29.pcap,/opt/praxis/logs/RQ7_CONFIRM_camouflaged_c2_p1_29_browser.json,20689,56,28,28,0,10744,4977,15721,0.19442,38,0,0,0,1800,0,-1377,0,88,687,0,-263,0,-263,0,-216,0,-374,0,-6,0,logistic,0.9951251823443346,1
RQ7_CONFIRM_camouflaged_c2_p1_30,camouflaged_c2_p1,camouflaged,c2,1,none,standard_dns,1,/opt/praxis/pcaps/RQ7_CONFIRM_camouflaged_c2_p1_30.pcap,/opt/praxis/logs/RQ7_CONFIRM_camouflaged_c2_p1_30_browser.json,20561,54,27,27,0,10808,4961,15769,0.19206,34,0,0,0,1768,0,-1377,0,88,687,0,-263,0,-263,0,-216,0,-374,-6,0,0,logistic,0.9954679107571385,1
RQ7_CONFIRM_camouflaged_c2_p1_31,camouflaged_c2_p1,camouflaged,c2,1,none,standard_dns,1,/opt/praxis/pcaps/RQ7_CONFIRM_camouflaged_c2_p1_31.pcap,/opt/praxis/logs/RQ7_CONFIRM_camouflaged_c2_p1_31_browser.json,20377,53,26,27,0,10704,4969,15673,0.188454,34,0,0,0,1736,0,-1377,0,88,687,0,-263,0,-263,0,-582,0,-6,0,6,2084,logistic,0.9988560215042007,1
RQ7_CONFIRM_camouflaged_c2_p1_32,camouflaged_c2_p1,camouflaged,c2,1,none,standard_dns,1,/opt/praxis/pcaps/RQ7_CONFIRM_camouflaged_c2_p1_32.pcap,/opt/praxis/logs/RQ7_CONFIRM_camouflaged_c2_p1_32_browser.json,20601,56,28,28,0,10648,4985,15633,0.189031,34,0,0,0,1768,0,-1377,0,88,687,0,-263,0,-263,0,-216,0,-374,0,-6,0,logistic,0.9947915540736937,1
RQ7_CONFIRM_camouflaged_c2_p1_33,camouflaged_c2_p1,camouflaged,c2,1,none,standard_dns,1,/opt/praxis/pcaps/RQ7_CONFIRM_camouflaged_c2_p1_33.pcap,/opt/praxis/logs/RQ7_CONFIRM_camouflaged_c2_p1_33_browser.json,20105,51,26,25,0,10608,4969,15577,0.184619,32,0,0,0,1736,0,-1377,0,88,687,0,-263,0,-263,0,-582,0,-6,0,6,2020,logistic,0.9987683919451451,1
RQ7_CONFIRM_camouflaged_c2_p1_34,camouflaged_c2_p1,camouflaged,c2,1,none,standard_dns,1,/opt/praxis/pcaps/RQ7_CONFIRM_camouflaged_c2_p1_34.pcap,/opt/praxis/logs/RQ7_CONFIRM_camouflaged_c2_p1_34_browser.json,20217,52,26,26,0,10648,4953,15601,0.188466,34,0,0,0,1736,0,-1377,0,88,687,0,-263,0,-263,0,-582,0,-6,0,6,2052,logistic,0.9988327714581968,1
RQ7_CONFIRM_camouflaged_c2_p1_35,camouflaged_c2_p1,camouflaged,c2,1,none,standard_dns,1,/opt/praxis/pcaps/RQ7_CONFIRM_camouflaged_c2_p1_35.pcap,/opt/praxis/logs/RQ7_CONFIRM_camouflaged_c2_p1_35_browser.json,20689,56,28,28,0,10744,4977,15721,0.182962,38,0,0,0,1736,0,-1377,0,88,687,0,-263,0,-263,0,-216,0,-374,-6,0,0,logistic,0.9958572621124138,1
RQ7_CONFIRM_camouflaged_c2_p1_36,camouflaged_c2_p1,camouflaged,c2,1,none,standard_dns,1,/opt/praxis/pcaps/RQ7_CONFIRM_camouflaged_c2_p1_36.pcap,/opt/praxis/logs/RQ7_CONFIRM_camouflaged_c2_p1_36_browser.json,20225,52,26,26,0,10648,4961,15609,0.184936,32,0,0,0,1736,0,-1377,0,88,687,0,-263,0,-263,0,-582,0,-6,0,6,2052,logistic,0.9987930931005411,1
RQ7_CONFIRM_camouflaged_c2_p1_37,camouflaged_c2_p1,camouflaged,c2,1,none,standard_dns,1,/opt/praxis/pcaps/RQ7_CONFIRM_camouflaged_c2_p1_37.pcap,/opt/praxis/logs/RQ7_CONFIRM_camouflaged_c2_p1_37_browser.json,20569,54,27,27,0,10808,4969,15777,0.189214,36,0,0,0,1800,0,-1377,0,88,687,0,-263,0,-263,0,-216,0,-374,0,-6,0,logistic,0.9948378122956746,1
RQ7_CONFIRM_camouflaged_c2_p1_38,camouflaged_c2_p1,camouflaged,c2,1,none,standard_dns,1,/opt/praxis/pcaps/RQ7_CONFIRM_camouflaged_c2_p1_38.pcap,/opt/praxis/logs/RQ7_CONFIRM_camouflaged_c2_p1_38_browser.json,20529,54,27,27,0,10768,4969,15737,0.192467,34,0,0,0,1800,0,-1377,0,88,687,0,-263,0,-263,0,-216,0,-374,-6,0,0,logistic,0.9954767800155193,1
RQ7_CONFIRM_camouflaged_c2_p1_39,camouflaged_c2_p1,camouflaged,c2,1,none,standard_dns,1,/opt/praxis/pcaps/RQ7_CONFIRM_camouflaged_c2_p1_39.pcap,/opt/praxis/logs/RQ7_CONFIRM_camouflaged_c2_p1_39_browser.json,20561,54,27,27,0,10808,4961,15769,0.186439,36,0,0,0,1800,0,-1377,0,88,687,0,-263,0,-263,0,-216,0,-374,0,-6,0,logistic,0.9948410246370376,1
RQ7_CONFIRM_camouflaged_c2_p1_40,camouflaged_c2_p1,camouflaged,c2,1,none,standard_dns,1,/opt/praxis/pcaps/RQ7_CONFIRM_camouflaged_c2_p1_40.pcap,/opt/praxis/logs/RQ7_CONFIRM_camouflaged_c2_p1_40_browser.json,20441,53,26,27,0,10776,4961,15737,0.188658,34,0,0,0,1800,0,-1377,0,88,687,0,-263,0,-263,0,-216,0,-374,0,-6,0,logistic,0.994588033739051,1
RQ7_CONFIRM_camouflaged_c2_p1_41,camouflaged_c2_p1,camouflaged,c2,1,none,standard_dns,1,/opt/praxis/pcaps/RQ7_CONFIRM_camouflaged_c2_p1_41.pcap,/opt/praxis/logs/RQ7_CONFIRM_camouflaged_c2_p1_41_browser.json,20681,56,28,28,0,10744,4969,15713,0.185442,34,0,0,0,1800,0,-1377,0,88,687,0,-263,0,-263,0,-216,0,-374,-6,0,0,logistic,0.9956117859451573,1
RQ7_CONFIRM_camouflaged_c2_p1_42,camouflaged_c2_p1,camouflaged,c2,1,none,standard_dns,1,/opt/praxis/pcaps/RQ7_CONFIRM_camouflaged_c2_p1_42.pcap,/opt/praxis/logs/RQ7_CONFIRM_camouflaged_c2_p1_42_browser.json,20601,56,27,29,0,10648,4985,15633,0.183959,38,0,0,0,1768,0,-1377,0,88,687,0,-263,0,-263,0,-216,0,-374,0,-6,0,logistic,0.9951167006333951,1
RQ7_CONFIRM_camouflaged_c2_p1_43,camouflaged_c2_p1,camouflaged,c2,1,none,standard_dns,1,/opt/praxis/pcaps/RQ7_CONFIRM_camouflaged_c2_p1_43.pcap,/opt/praxis/logs/RQ7_CONFIRM_camouflaged_c2_p1_43_browser.json,20537,55,28,27,0,10680,4977,15657,0.187186,36,0,0,0,1736,0,-1377,0,88,687,0,-263,0,-263,0,-216,0,-374,0,-6,0,logistic,0.9948708895228361,1
RQ7_CONFIRM_camouflaged_c2_p1_44,camouflaged_c2_p1,camouflaged,c2,1,none,standard_dns,1,/opt/praxis/pcaps/RQ7_CONFIRM_camouflaged_c2_p1_44.pcap,/opt/praxis/logs/RQ7_CONFIRM_camouflaged_c2_p1_44_browser.json,20481,52,27,25,0,10904,4961,15865,0.187357,30,0,0,0,1832,0,-1377,0,88,687,0,-263,0,-263,0,-582,0,-6,0,6,2084,logistic,0.998767003584203,1
RQ7_CONFIRM_camouflaged_c2_p1_45,camouflaged_c2_p1,camouflaged,c2,1,none,standard_dns,1,/opt/praxis/pcaps/RQ7_CONFIRM_camouflaged_c2_p1_45.pcap,/opt/praxis/logs/RQ7_CONFIRM_camouflaged_c2_p1_45_browser.json,20625,56,28,28,0,10680,4977,15657,0.190874,38,0,0,0,1768,0,-1377,0,88,687,0,-263,0,-263,0,-216,0,-374,0,-6,0,logistic,0.9951090933967699,1
RQ7_CONFIRM_camouflaged_c2_p1_46,camouflaged_c2_p1,camouflaged,c2,1,none,standard_dns,1,/opt/praxis/pcaps/RQ7_CONFIRM_camouflaged_c2_p1_46.pcap,/opt/praxis/logs/RQ7_CONFIRM_camouflaged_c2_p1_46_browser.json,20289,52,26,26,0,10704,4969,15673,0.181052,38,0,0,0,1800,0,-1377,0,88,687,0,-263,0,-263,0,-216,0,-374,0,-6,0,logistic,0.9948379729933664,1
RQ7_CONFIRM_camouflaged_c2_p1_47,camouflaged_c2_p1,camouflaged,c2,1,none,standard_dns,1,/opt/praxis/pcaps/RQ7_CONFIRM_camouflaged_c2_p1_47.pcap,/opt/praxis/logs/RQ7_CONFIRM_camouflaged_c2_p1_47_browser.json,20513,54,26,28,0,10744,4977,15721,0.181752,34,0,0,0,1800,0,-1377,0,88,687,0,-263,0,-263,0,-582,0,-6,0,6,2052,logistic,0.9988787120488573,1
RQ7_CONFIRM_camouflaged_c2_p1_48,camouflaged_c2_p1,camouflaged,c2,1,none,standard_dns,1,/opt/praxis/pcaps/RQ7_CONFIRM_camouflaged_c2_p1_48.pcap,/opt/praxis/logs/RQ7_CONFIRM_camouflaged_c2_p1_48_browser.json,20401,54,27,27,0,10640,4969,15609,0.190794,36,0,0,0,1800,0,-1377,0,88,687,0,-263,0,-263,0,-216,0,-374,0,-6,0,logistic,0.9948190224196205,1
RQ7_CONFIRM_camouflaged_c2_p1_49,camouflaged_c2_p1,camouflaged,c2,1,none,standard_dns,1,/opt/praxis/pcaps/RQ7_CONFIRM_camouflaged_c2_p1_49.pcap,/opt/praxis/logs/RQ7_CONFIRM_camouflaged_c2_p1_49_browser.json,20465,54,27,27,0,10712,4961,15673,0.185285,32,0,0,0,1832,0,-1377,0,88,687,0,-263,0,-263,0,-216,0,-374,0,-6,0,logistic,0.9944940905333751,1
RQ7_CONFIRM_camouflaged_c2_p1_50,camouflaged_c2_p1,camouflaged,c2,1,none,standard_dns,1,/opt/praxis/pcaps/RQ7_CONFIRM_camouflaged_c2_p1_50.pcap,/opt/praxis/logs/RQ7_CONFIRM_camouflaged_c2_p1_50_browser.json,20529,54,27,27,0,10776,4961,15737,0.181503,36,0,0,0,1832,0,-1377,0,88,687,0,-263,0,-263,0,-216,0,-374,0,-6,0,logistic,0.9948578217787343,1
RQ7_CONFIRM_default_c2_p1_01,default_c2_p1,default,c2,1,none,standard_dns,1,/opt/praxis/pcaps/RQ7_CONFIRM_default_c2_p1_01.pcap,/opt/praxis/logs/RQ7_CONFIRM_default_c2_p1_01_browser.json,20310,54,27,27,0,10557,4961,15518,0.189242,38,0,0,0,1736,0,-1377,0,88,663,0,-263,0,-263,0,-216,0,-374,0,-6,0,logistic,0.9948824824190036,1
RQ7_CONFIRM_default_c2_p1_02,default_c2_p1,default,c2,1,none,standard_dns,1,/opt/praxis/pcaps/RQ7_CONFIRM_default_c2_p1_02.pcap,/opt/praxis/logs/RQ7_CONFIRM_default_c2_p1_02_browser.json,20446,54,27,27,0,10685,4969,15654,0.189728,40,0,0,0,1768,0,-1377,0,88,663,0,-263,0,-263,0,-216,0,-374,0,-6,0,logistic,0.9950548482599757,1
RQ7_CONFIRM_default_c2_p1_03,default_c2_p1,default,c2,1,none,standard_dns,1,/opt/praxis/pcaps/RQ7_CONFIRM_default_c2_p1_03.pcap,/opt/praxis/logs/RQ7_CONFIRM_default_c2_p1_03_browser.json,20030,52,26,26,0,10461,4953,15414,0.196199,34,0,0,0,1768,0,-1377,0,88,663,0,-263,0,-263,0,-582,0,-6,0,6,1988,logistic,0.998808605144891,1
RQ7_CONFIRM_default_c2_p1_04,default_c2_p1,default,c2,1,none,standard_dns,1,/opt/praxis/pcaps/RQ7_CONFIRM_default_c2_p1_04.pcap,/opt/praxis/logs/RQ7_CONFIRM_default_c2_p1_04_browser.json,20438,55,27,28,0,10589,4969,15558,0.190956,36,0,0,0,1768,0,-1377,0,88,663,0,-263,0,-263,0,-216,0,-374,0,-6,0,logistic,0.994819445855254,1
RQ7_CONFIRM_default_c2_p1_05,default_c2_p1,default,c2,1,none,standard_dns,1,/opt/praxis/pcaps/RQ7_CONFIRM_default_c2_p1_05.pcap,/opt/praxis/logs/RQ7_CONFIRM_default_c2_p1_05_browser.json,20254,52,26,26,0,10685,4953,15638,0.188936,34,0,0,0,1832,0,-1377,0,88,663,0,-263,0,-263,0,-582,0,-6,0,6,2052,logistic,0.9988303630690537,1
RQ7_CONFIRM_default_c2_p1_06,default_c2_p1,default,c2,1,none,standard_dns,1,/opt/praxis/pcaps/RQ7_CONFIRM_default_c2_p1_06.pcap,/opt/praxis/logs/RQ7_CONFIRM_default_c2_p1_06_browser.json,20318,53,26,27,0,10645,4969,15614,0.192563,32,0,0,0,1800,0,-1377,0,88,663,0,-263,0,-263,0,-216,0,-374,0,-6,0,logistic,0.9943181840252222,1
RQ7_CONFIRM_default_c2_p1_07,default_c2_p1,default,c2,1,none,standard_dns,1,/opt/praxis/pcaps/RQ7_CONFIRM_default_c2_p1_07.pcap,/opt/praxis/logs/RQ7_CONFIRM_default_c2_p1_07_browser.json,20222,52,26,26,0,10645,4961,15606,0.188237,32,0,0,0,1768,0,-1377,0,88,663,0,-263,0,-263,0,-216,0,-374,0,-6,0,logistic,0.9942177175412142,1
RQ7_CONFIRM_default_c2_p1_08,default_c2_p1,default,c2,1,none,standard_dns,1,/opt/praxis/pcaps/RQ7_CONFIRM_default_c2_p1_08.pcap,/opt/praxis/logs/RQ7_CONFIRM_default_c2_p1_08_browser.json,20438,55,28,27,0,10589,4969,15558,0.187041,32,0,0,0,1800,0,-1377,0,88,663,0,-263,0,-263,0,-216,0,-374,0,-6,0,logistic,0.9944799148966489,1
RQ7_CONFIRM_default_c2_p1_09,default_c2_p1,default,c2,1,none,standard_dns,1,/opt/praxis/pcaps/RQ7_CONFIRM_default_c2_p1_09.pcap,/opt/praxis/logs/RQ7_CONFIRM_default_c2_p1_09_browser.json,20070,51,25,26,0,10581,4961,15542,0.188315,34,0,0,0,1832,0,-1377,0,88,663,0,-263,0,-263,0,-582,0,-6,0,6,1988,logistic,0.998802140025704,1
RQ7_CONFIRM_default_c2_p1_10,default_c2_p1,default,c2,1,none,standard_dns,1,/opt/praxis/pcaps/RQ7_CONFIRM_default_c2_p1_10.pcap,/opt/praxis/logs/RQ7_CONFIRM_default_c2_p1_10_browser.json,20502,55,28,27,0,10653,4969,15622,0.188032,38,0,0,0,1800,0,-1377,0,88,663,0,-263,0,-263,0,-216,0,-374,0,-6,0,logistic,0.9949941394750066,1
RQ7_CONFIRM_default_c2_p1_11,default_c2_p1,default,c2,1,none,standard_dns,1,/opt/praxis/pcaps/RQ7_CONFIRM_default_c2_p1_11.pcap,/opt/praxis/logs/RQ7_CONFIRM_default_c2_p1_11_browser.json,20470,55,28,27,0,10621,4969,15590,0.193895,30,0,0,0,1832,0,-1377,0,88,663,0,-263,0,-263,0,-216,0,-374,0,-6,0,logistic,0.9942872569687732,1
RQ7_CONFIRM_default_c2_p1_12,default_c2_p1,default,c2,1,none,standard_dns,1,/opt/praxis/pcaps/RQ7_CONFIRM_default_c2_p1_12.pcap,/opt/praxis/logs/RQ7_CONFIRM_default_c2_p1_12_browser.json,20222,54,28,26,0,10461,4969,15430,0.186845,34,0,0,0,1800,0,-1377,0,88,663,0,-263,0,-263,0,-582,0,-6,0,6,1988,logistic,0.9988484944291518,1
RQ7_CONFIRM_default_c2_p1_13,default_c2_p1,default,c2,1,none,standard_dns,1,/opt/praxis/pcaps/RQ7_CONFIRM_default_c2_p1_13.pcap,/opt/praxis/logs/RQ7_CONFIRM_default_c2_p1_13_browser.json,20502,56,28,28,0,10557,4977,15534,0.186977,34,0,0,0,1736,0,-1377,0,88,663,0,-263,0,-263,0,-216,0,-374,0,-6,0,logistic,0.9947108297697043,1
RQ7_CONFIRM_default_c2_p1_14,default_c2_p1,default,c2,1,none,standard_dns,1,/opt/praxis/pcaps/RQ7_CONFIRM_default_c2_p1_14.pcap,/opt/praxis/logs/RQ7_CONFIRM_default_c2_p1_14_browser.json,20350,54,27,27,0,10589,4969,15558,0.190316,36,0,0,0,1768,0,-1377,0,88,663,0,-263,0,-263,0,-216,0,-374,0,-6,0,logistic,0.9947412857769454,1
RQ7_CONFIRM_default_c2_p1_15,default_c2_p1,default,c2,1,none,standard_dns,1,/opt/praxis/pcaps/RQ7_CONFIRM_default_c2_p1_15.pcap,/opt/praxis/logs/RQ7_CONFIRM_default_c2_p1_15_browser.json,20158,53,26,27,0,10485,4969,15454,0.191367,36,0,0,0,1736,0,-1377,0,88,663,0,-263,0,-263,0,-216,0,-374,0,-6,0,logistic,0.9946363441807817,1
RQ7_CONFIRM_default_c2_p1_16,default_c2_p1,default,c2,1,none,standard_dns,1,/opt/praxis/pcaps/RQ7_CONFIRM_default_c2_p1_16.pcap,/opt/praxis/logs/RQ7_CONFIRM_default_c2_p1_16_browser.json,20390,54,27,27,0,10621,4977,15598,0.190135,36,0,0,0,1736,0,-1377,0,88,663,0,-263,0,-263,0,-216,0,-374,0,-6,0,logistic,0.9947296380261382,1
RQ7_CONFIRM_default_c2_p1_17,default_c2_p1,default,c2,1,none,standard_dns,1,/opt/praxis/pcaps/RQ7_CONFIRM_default_c2_p1_17.pcap,/opt/praxis/logs/RQ7_CONFIRM_default_c2_p1_17_browser.json,20342,55,27,28,0,10493,4969,15462,0.18957,32,0,0,0,1736,0,-1377,0,88,663,0,-263,0,-263,0,-216,0,-374,0,-6,0,logistic,0.9944397659649824,1
RQ7_CONFIRM_default_c2_p1_18,default_c2_p1,default,c2,1,none,standard_dns,1,/opt/praxis/pcaps/RQ7_CONFIRM_default_c2_p1_18.pcap,/opt/praxis/logs/RQ7_CONFIRM_default_c2_p1_18_browser.json,20374,54,27,27,0,10621,4961,15582,0.190205,34,0,0,0,1832,0,-1377,0,88,663,0,-263,0,-263,0,-216,0,-374,0,-6,0,logistic,0.9946032498230611,1
RQ7_CONFIRM_default_c2_p1_19,default_c2_p1,default,c2,1,none,standard_dns,1,/opt/praxis/pcaps/RQ7_CONFIRM_default_c2_p1_19.pcap,/opt/praxis/logs/RQ7_CONFIRM_default_c2_p1_19_browser.json,20438,54,27,27,0,10685,4961,15646,0.183457,30,0,0,0,1800,0,-1377,0,88,663,0,-263,0,-263,0,-216,0,-374,0,-6,0,logistic,0.9942103546185025,1
RQ7_CONFIRM_default_c2_p1_20,default_c2_p1,default,c2,1,none,standard_dns,1,/opt/praxis/pcaps/RQ7_CONFIRM_default_c2_p1_20.pcap,/opt/praxis/logs/RQ7_CONFIRM_default_c2_p1_20_browser.json,20310,54,27,27,0,10557,4961,15518,0.188362,32,0,0,0,1832,0,-1377,0,88,663,0,-263,0,-263,0,-216,0,-374,0,-6,0,logistic,0.9944114504852499,1
RQ7_CONFIRM_default_c2_p1_21,default_c2_p1,default,c2,1,none,standard_dns,1,/opt/praxis/pcaps/RQ7_CONFIRM_default_c2_p1_21.pcap,/opt/praxis/logs/RQ7_CONFIRM_default_c2_p1_21_browser.json,20158,52,26,26,0,10589,4953,15542,0.189295,30,0,0,0,1800,0,-1377,0,88,663,0,-263,0,-263,0,-582,0,-6,0,6,2020,logistic,0.9987346288337995,1
RQ7_CONFIRM_default_c2_p1_22,default_c2_p1,default,c2,1,none,standard_dns,1,/opt/praxis/pcaps/RQ7_CONFIRM_default_c2_p1_22.pcap,/opt/praxis/logs/RQ7_CONFIRM_default_c2_p1_22_browser.json,20134,52,26,26,0,10557,4961,15518,0.183099,32,0,0,0,1736,0,-1377,0,88,663,0,-263,0,-263,0,-582,0,-6,0,6,2052,logistic,0.9987777880739072,1
RQ7_CONFIRM_default_c2_p1_23,default_c2_p1,default,c2,1,none,standard_dns,1,/opt/praxis/pcaps/RQ7_CONFIRM_default_c2_p1_23.pcap,/opt/praxis/logs/RQ7_CONFIRM_default_c2_p1_23_browser.json,20462,56,28,28,0,10525,4969,15494,0.182594,34,0,0,0,1736,0,-1377,0,88,663,0,-263,0,-263,0,-216,0,-374,0,-6,0,logistic,0.9947126656964325,1
RQ7_CONFIRM_default_c2_p1_24,default_c2_p1,default,c2,1,none,standard_dns,1,/opt/praxis/pcaps/RQ7_CONFIRM_default_c2_p1_24.pcap,/opt/praxis/logs/RQ7_CONFIRM_default_c2_p1_24_browser.json,20214,54,27,27,0,10453,4969,15422,0.183381,36,0,0,0,1736,0,-1377,0,88,663,0,-263,0,-263,0,-216,0,-374,0,-6,0,logistic,0.9947199883114682,1
RQ7_CONFIRM_default_c2_p1_25,default_c2_p1,default,c2,1,none,standard_dns,1,/opt/praxis/pcaps/RQ7_CONFIRM_default_c2_p1_25.pcap,/opt/praxis/logs/RQ7_CONFIRM_default_c2_p1_25_browser.json,20534,56,27,29,0,10589,4977,15566,0.190506,32,0,0,0,1800,0,-1377,0,88,663,0,-263,0,-263,0,-216,0,-374,0,-6,0,logistic,0.9945613672922451,1
RQ7_CONFIRM_default_c2_p1_26,default_c2_p1,default,c2,1,none,standard_dns,1,/opt/praxis/pcaps/RQ7_CONFIRM_default_c2_p1_26.pcap,/opt/praxis/logs/RQ7_CONFIRM_default_c2_p1_26_browser.json,20310,54,27,27,0,10557,4961,15518,0.194178,34,0,0,0,1736,0,-1377,0,88,663,0,-263,0,-263,0,-216,0,-374,0,-6,0,logistic,0.9945455531782887,1
RQ7_CONFIRM_default_c2_p1_27,default_c2_p1,default,c2,1,none,standard_dns,1,/opt/praxis/pcaps/RQ7_CONFIRM_default_c2_p1_27.pcap,/opt/praxis/logs/RQ7_CONFIRM_default_c2_p1_27_browser.json,20406,54,27,27,0,10653,4961,15614,0.189932,30,0,0,0,1736,0,-1377,0,88,663,0,-263,0,-263,0,-216,0,-374,0,-6,0,logistic,0.9941651534952958,1
RQ7_CONFIRM_default_c2_p1_28,default_c2_p1,default,c2,1,none,standard_dns,1,/opt/praxis/pcaps/RQ7_CONFIRM_default_c2_p1_28.pcap,/opt/praxis/logs/RQ7_CONFIRM_default_c2_p1_28_browser.json,20622,57,28,29,0,10589,4977,15566,0.188902,36,0,0,0,1800,0,-1377,0,88,663,0,-263,0,-263,0,-216,0,-374,0,-6,0,logistic,0.9949823459863297,1
RQ7_CONFIRM_default_c2_p1_29,default_c2_p1,default,c2,1,none,standard_dns,1,/opt/praxis/pcaps/RQ7_CONFIRM_default_c2_p1_29.pcap,/opt/praxis/logs/RQ7_CONFIRM_default_c2_p1_29_browser.json,20350,53,26,27,0,10677,4969,15646,0.190608,40,0,0,0,1768,0,-1377,0,88,663,0,-263,0,-263,0,-216,0,-374,0,-6,0,logistic,0.9949804341233003,1
RQ7_CONFIRM_default_c2_p1_30,default_c2_p1,default,c2,1,none,standard_dns,1,/opt/praxis/pcaps/RQ7_CONFIRM_default_c2_p1_30.pcap,/opt/praxis/logs/RQ7_CONFIRM_default_c2_p1_30_browser.json,20342,54,27,27,0,10589,4961,15550,0.193628,32,0,0,0,1768,0,-1377,0,88,663,0,-263,0,-263,0,-216,0,-374,-6,0,0,logistic,0.9952359987132718,1
RQ7_CONFIRM_default_c2_p1_31,default_c2_p1,default,c2,1,none,standard_dns,1,/opt/praxis/pcaps/RQ7_CONFIRM_default_c2_p1_31.pcap,/opt/praxis/logs/RQ7_CONFIRM_default_c2_p1_31_browser.json,20318,55,28,27,0,10461,4977,15438,0.186683,34,0,0,0,1768,0,-1377,0,88,663,0,-263,0,-263,0,-216,0,-374,0,-6,0,logistic,0.9946364624217562,1
RQ7_CONFIRM_default_c2_p1_32,default_c2_p1,default,c2,1,none,standard_dns,1,/opt/praxis/pcaps/RQ7_CONFIRM_default_c2_p1_32.pcap,/opt/praxis/logs/RQ7_CONFIRM_default_c2_p1_32_browser.json,20630,56,28,28,0,10685,4977,15662,0.186946,32,0,0,0,1768,0,-1377,0,88,663,0,-263,0,-263,0,-216,0,-374,-6,0,0,logistic,0.9953886504946998,1
RQ7_CONFIRM_default_c2_p1_33,default_c2_p1,default,c2,1,none,standard_dns,1,/opt/praxis/pcaps/RQ7_CONFIRM_default_c2_p1_33.pcap,/opt/praxis/logs/RQ7_CONFIRM_default_c2_p1_33_browser.json,20134,52,26,26,0,10549,4969,15518,0.190991,34,0,0,0,1768,0,-1377,0,88,663,0,-263,0,-263,0,-216,0,-374,-6,0,0,logistic,0.9952531809956737,1
RQ7_CONFIRM_default_c2_p1_34,default_c2_p1,default,c2,1,none,standard_dns,1,/opt/praxis/pcaps/RQ7_CONFIRM_default_c2_p1_34.pcap,/opt/praxis/logs/RQ7_CONFIRM_default_c2_p1_34_browser.json,20566,55,28,27,0,10717,4969,15686,0.188795,34,0,0,0,1832,0,-1377,0,88,663,0,-263,0,-263,0,-216,0,-374,0,-6,0,logistic,0.9946909172385777,1
RQ7_CONFIRM_default_c2_p1_35,default_c2_p1,default,c2,1,none,standard_dns,1,/opt/praxis/pcaps/RQ7_CONFIRM_default_c2_p1_35.pcap,/opt/praxis/logs/RQ7_CONFIRM_default_c2_p1_35_browser.json,20342,54,27,27,0,10589,4961,15550,0.1877,34,0,0,0,1800,0,-1377,0,88,663,0,-263,0,-263,0,-216,0,-374,0,-6,0,logistic,0.9945878297563329,1
RQ7_CONFIRM_default_c2_p1_36,default_c2_p1,default,c2,1,none,standard_dns,1,/opt/praxis/pcaps/RQ7_CONFIRM_default_c2_p1_36.pcap,/opt/praxis/logs/RQ7_CONFIRM_default_c2_p1_36_browser.json,19878,50,25,25,0,10485,4953,15438,0.184509,32,0,0,0,1768,0,-1377,0,88,663,0,-263,0,-263,0,-582,0,-6,0,6,1988,logistic,0.9987315720333444,1
RQ7_CONFIRM_default_c2_p1_37,default_c2_p1,default,c2,1,none,standard_dns,1,/opt/praxis/pcaps/RQ7_CONFIRM_default_c2_p1_37.pcap,/opt/praxis/logs/RQ7_CONFIRM_default_c2_p1_37_browser.json,20494,56,28,28,0,10557,4969,15526,0.190411,34,0,0,0,1768,0,-1377,0,88,663,0,-263,0,-263,0,-216,0,-374,0,-6,0,logistic,0.994722032768371,1
RQ7_CONFIRM_default_c2_p1_38,default_c2_p1,default,c2,1,none,standard_dns,1,/opt/praxis/pcaps/RQ7_CONFIRM_default_c2_p1_38.pcap,/opt/praxis/logs/RQ7_CONFIRM_default_c2_p1_38_browser.json,20230,52,25,27,0,10645,4969,15614,0.181452,34,0,0,0,1768,0,-1377,0,88,663,0,-263,0,-263,0,-582,0,-6,0,6,2052,logistic,0.9988255891049957,1
RQ7_CONFIRM_default_c2_p1_39,default_c2_p1,default,c2,1,none,standard_dns,1,/opt/praxis/pcaps/RQ7_CONFIRM_default_c2_p1_39.pcap,/opt/praxis/logs/RQ7_CONFIRM_default_c2_p1_39_browser.json,20470,54,27,27,0,10717,4961,15678,0.191269,30,0,0,0,1768,0,-1377,0,88,663,0,-263,0,-263,0,-582,0,-6,0,6,2084,logistic,0.9987796618186773,1
RQ7_CONFIRM_default_c2_p1_40,default_c2_p1,default,c2,1,none,standard_dns,1,/opt/praxis/pcaps/RQ7_CONFIRM_default_c2_p1_40.pcap,/opt/praxis/logs/RQ7_CONFIRM_default_c2_p1_40_browser.json,20310,54,27,27,0,10557,4961,15518,0.18514,30,0,0,0,1800,0,-1377,0,88,663,0,-263,0,-263,0,-216,0,-374,0,-6,0,logistic,0.99419354756786,1
RQ7_CONFIRM_default_c2_p1_41,default_c2_p1,default,c2,1,none,standard_dns,1,/opt/praxis/pcaps/RQ7_CONFIRM_default_c2_p1_41.pcap,/opt/praxis/logs/RQ7_CONFIRM_default_c2_p1_41_browser.json,20254,54,27,27,0,10493,4969,15462,0.186114,34,0,0,0,1736,0,-1377,0,88,663,0,-263,0,-263,0,-216,0,-374,0,-6,0,logistic,0.9945483605179558,1
RQ7_CONFIRM_default_c2_p1_42,default_c2_p1,default,c2,1,none,standard_dns,1,/opt/praxis/pcaps/RQ7_CONFIRM_default_c2_p1_42.pcap,/opt/praxis/logs/RQ7_CONFIRM_default_c2_p1_42_browser.json,20374,54,27,27,0,10621,4961,15582,0.187359,34,0,0,0,1800,0,-1377,0,88,663,0,-263,0,-263,0,-216,0,-374,0,-6,0,logistic,0.9945916595783408,1
RQ7_CONFIRM_default_c2_p1_43,default_c2_p1,default,c2,1,none,standard_dns,1,/opt/praxis/pcaps/RQ7_CONFIRM_default_c2_p1_43.pcap,/opt/praxis/logs/RQ7_CONFIRM_default_c2_p1_43_browser.json,20470,56,28,28,0,10525,4977,15502,0.182789,36,0,0,0,1736,0,-1377,0,88,663,0,-263,0,-263,0,-216,0,-374,0,-6,0,logistic,0.994879873160252,1
RQ7_CONFIRM_default_c2_p1_44,default_c2_p1,default,c2,1,none,standard_dns,1,/opt/praxis/pcaps/RQ7_CONFIRM_default_c2_p1_44.pcap,/opt/praxis/logs/RQ7_CONFIRM_default_c2_p1_44_browser.json,20294,52,26,26,0,10717,4961,15678,0.185416,38,0,0,0,1800,0,-1377,0,88,663,0,-263,0,-263,0,-582,0,-6,0,6,2084,logistic,0.9989037900129432,1
RQ7_CONFIRM_default_c2_p1_45,default_c2_p1,default,c2,1,none,standard_dns,1,/opt/praxis/pcaps/RQ7_CONFIRM_default_c2_p1_45.pcap,/opt/praxis/logs/RQ7_CONFIRM_default_c2_p1_45_browser.json,20030,52,26,26,0,10453,4961,15414,0.194644,34,0,0,0,1800,0,-1377,0,88,663,0,-263,0,-263,0,-216,0,-374,0,-6,0,logistic,0.9943978907749869,1
RQ7_CONFIRM_default_c2_p1_46,default_c2_p1,default,c2,1,none,standard_dns,1,/opt/praxis/pcaps/RQ7_CONFIRM_default_c2_p1_46.pcap,/opt/praxis/logs/RQ7_CONFIRM_default_c2_p1_46_browser.json,20310,54,27,27,0,10557,4961,15518,0.183835,34,0,0,0,1736,0,-1377,0,88,663,0,-263,0,-263,0,-582,0,-6,0,6,2052,logistic,0.9988540466427008,1
RQ7_CONFIRM_default_c2_p1_47,default_c2_p1,default,c2,1,none,standard_dns,1,/opt/praxis/pcaps/RQ7_CONFIRM_default_c2_p1_47.pcap,/opt/praxis/logs/RQ7_CONFIRM_default_c2_p1_47_browser.json,20222,52,26,26,0,10653,4953,15606,0.192541,34,0,0,0,1736,0,-1377,0,88,663,0,-263,0,-263,0,-582,0,-6,0,6,2052,logistic,0.9988186571528213,1
RQ7_CONFIRM_default_c2_p1_48,default_c2_p1,default,c2,1,none,standard_dns,1,/opt/praxis/pcaps/RQ7_CONFIRM_default_c2_p1_48.pcap,/opt/praxis/logs/RQ7_CONFIRM_default_c2_p1_48_browser.json,20254,54,27,27,0,10493,4969,15462,0.182903,32,0,0,0,1800,0,-1377,0,88,663,0,-263,0,-263,0,-216,0,-374,0,-6,0,logistic,0.9943955696612966,1
RQ7_CONFIRM_default_c2_p1_49,default_c2_p1,default,c2,1,none,standard_dns,1,/opt/praxis/pcaps/RQ7_CONFIRM_default_c2_p1_49.pcap,/opt/praxis/logs/RQ7_CONFIRM_default_c2_p1_49_browser.json,20230,53,26,27,0,10557,4969,15526,0.188622,38,0,0,0,1800,0,-1377,0,88,663,0,-263,0,-263,0,-582,0,-6,0,6,2020,logistic,0.9989095084438118,1
RQ7_CONFIRM_default_c2_p1_50,default_c2_p1,default,c2,1,none,standard_dns,1,/opt/praxis/pcaps/RQ7_CONFIRM_default_c2_p1_50.pcap,/opt/praxis/logs/RQ7_CONFIRM_default_c2_p1_50_browser.json,20126,52,26,26,0,10557,4953,15510,0.182422,30,0,0,0,1800,0,-1377,0,88,663,0,-263,0,-263,0,-582,0,-6,0,6,2084,logistic,0.9987441143705814,1
RQ7_CONFIRM_baseline_default_off_01,baseline_default_off,default,off,1,none,standard_dns,1,/opt/praxis/pcaps/RQ7_CONFIRM_baseline_default_off_01.pcap,/opt/praxis/logs/RQ7_CONFIRM_baseline_default_off_01_browser.json,21665,70,36,34,0,10586,4831,15417,1.141853,44,0,0,0,1759,0,-1369,0,80,655,0,-255,0,-255,0,-208,0,-366,0,0,0,random_forest,0.9995670500278251,1
RQ7_CONFIRM_baseline_default_off_02,baseline_default_off,default,off,1,none,standard_dns,1,/opt/praxis/pcaps/RQ7_CONFIRM_baseline_default_off_02.pcap,/opt/praxis/logs/RQ7_CONFIRM_baseline_default_off_02_browser.json,21417,69,35,34,0,10426,4831,15257,1.139745,44,0,0,0,1759,0,-1369,0,80,655,0,-255,0,-255,0,-208,0,-366,0,0,0,random_forest,0.9063371206695423,1
RQ7_CONFIRM_baseline_default_off_03,baseline_default_off,default,off,1,none,standard_dns,1,/opt/praxis/pcaps/RQ7_CONFIRM_baseline_default_off_03.pcap,/opt/praxis/logs/RQ7_CONFIRM_baseline_default_off_03_browser.json,21521,68,35,33,0,10618,4831,15449,1.139794,42,0,0,0,1823,0,-1369,0,80,655,0,-255,0,-255,0,-574,0,0,0,0,0,random_forest,0.9997230769230768,1
RQ7_CONFIRM_baseline_default_off_04,baseline_default_off,default,off,1,none,standard_dns,1,/opt/praxis/pcaps/RQ7_CONFIRM_baseline_default_off_04.pcap,/opt/praxis/logs/RQ7_CONFIRM_baseline_default_off_04_browser.json,21337,67,34,33,0,10522,4831,15353,1.145909,40,0,0,0,1823,0,-1369,0,80,655,0,-255,0,-255,0,-208,-366,0,0,0,0,random_forest,0.9611334913596863,1
RQ7_CONFIRM_baseline_default_off_05,baseline_default_off,default,off,1,none,standard_dns,1,/opt/praxis/pcaps/RQ7_CONFIRM_baseline_default_off_05.pcap,/opt/praxis/logs/RQ7_CONFIRM_baseline_default_off_05_browser.json,21369,67,34,33,0,10554,4831,15385,1.147163,44,0,0,0,1727,0,-1369,0,80,655,0,-255,0,-255,0,-574,0,0,0,0,2062,random_forest,0.965304987136808,1
RQ7_CONFIRM_baseline_default_off_06,baseline_default_off,default,off,1,none,standard_dns,1,/opt/praxis/pcaps/RQ7_CONFIRM_baseline_default_off_06.pcap,/opt/praxis/logs/RQ7_CONFIRM_baseline_default_off_06_browser.json,21385,69,35,34,0,10394,4831,15225,1.142792,44,0,0,0,1727,0,-1369,0,80,655,0,-255,0,-255,0,-208,0,-366,0,0,0,random_forest,0.9059975823397185,1
RQ7_CONFIRM_baseline_default_off_07,baseline_default_off,default,off,1,none,standard_dns,1,/opt/praxis/pcaps/RQ7_CONFIRM_baseline_default_off_07.pcap,/opt/praxis/logs/RQ7_CONFIRM_baseline_default_off_07_browser.json,21305,67,34,33,0,10490,4831,15321,1.144525,38,0,0,0,1791,0,-1369,0,80,655,0,-255,0,-255,0,-574,0,0,0,0,0,random_forest,0.9597931249350048,1
RQ7_CONFIRM_baseline_default_off_08,baseline_default_off,default,off,1,none,standard_dns,1,/opt/praxis/pcaps/RQ7_CONFIRM_baseline_default_off_08.pcap,/opt/praxis/logs/RQ7_CONFIRM_baseline_default_off_08_browser.json,21209,67,34,33,0,10394,4831,15225,1.144064,42,0,0,0,1727,0,-1369,0,80,655,0,-255,0,-255,0,-574,0,0,0,0,2030,random_forest,0.9056606743469312,1
RQ7_CONFIRM_baseline_default_off_09,baseline_default_off,default,off,1,none,standard_dns,1,/opt/praxis/pcaps/RQ7_CONFIRM_baseline_default_off_09.pcap,/opt/praxis/logs/RQ7_CONFIRM_baseline_default_off_09_browser.json,21369,67,34,33,0,10554,4831,15385,1.146044,42,0,0,0,1759,0,-1369,0,80,655,0,-255,0,-255,0,-208,-366,0,0,0,0,random_forest,0.9668188949572786,1
RQ7_CONFIRM_baseline_default_off_10,baseline_default_off,default,off,1,none,standard_dns,1,/opt/praxis/pcaps/RQ7_CONFIRM_baseline_default_off_10.pcap,/opt/praxis/logs/RQ7_CONFIRM_baseline_default_off_10_browser.json,21569,70,36,34,0,10490,4831,15321,1.141708,46,0,0,0,1759,0,-1369,0,80,655,0,-255,0,-255,0,-208,0,-366,0,0,0,random_forest,0.9648653105805215,1
RQ7_CONFIRM_baseline_default_off_11,baseline_default_off,default,off,1,none,standard_dns,1,/opt/praxis/pcaps/RQ7_CONFIRM_baseline_default_off_11.pcap,/opt/praxis/logs/RQ7_CONFIRM_baseline_default_off_11_browser.json,21609,69,35,34,0,10618,4831,15449,1.139084,44,0,0,0,1791,0,-1369,0,80,655,0,-255,0,-255,0,-208,0,-366,0,0,0,random_forest,0.9991777997877782,1
RQ7_CONFIRM_baseline_default_off_12,baseline_default_off,default,off,1,none,standard_dns,1,/opt/praxis/pcaps/RQ7_CONFIRM_baseline_default_off_12.pcap,/opt/praxis/logs/RQ7_CONFIRM_baseline_default_off_12_browser.json,21937,72,37,35,0,10682,4831,15513,1.144409,42,0,0,0,1823,0,-1369,0,80,655,0,-255,0,-255,0,-208,0,-366,0,0,0,random_forest,0.9997059896987575,1
RQ7_CONFIRM_baseline_default_off_13,baseline_default_off,default,off,1,none,standard_dns,1,/opt/praxis/pcaps/RQ7_CONFIRM_baseline_default_off_13.pcap,/opt/praxis/logs/RQ7_CONFIRM_baseline_default_off_13_browser.json,21545,69,35,34,0,10554,4831,15385,1.14453,44,0,0,0,1759,0,-1369,0,80,655,0,-255,0,-255,0,-208,0,-366,0,0,0,random_forest,0.9670805635413385,1
RQ7_CONFIRM_baseline_default_off_14,baseline_default_off,default,off,1,none,standard_dns,1,/opt/praxis/pcaps/RQ7_CONFIRM_baseline_default_off_14.pcap,/opt/praxis/logs/RQ7_CONFIRM_baseline_default_off_14_browser.json,21633,70,36,34,0,10554,4831,15385,1.143213,44,0,0,0,1791,0,-1369,0,80,655,0,-255,0,-255,0,-208,0,-366,0,0,0,random_forest,0.9675670500278251,1
RQ7_CONFIRM_baseline_default_off_15,baseline_default_off,default,off,1,none,standard_dns,1,/opt/praxis/pcaps/RQ7_CONFIRM_baseline_default_off_15.pcap,/opt/praxis/logs/RQ7_CONFIRM_baseline_default_off_15_browser.json,21665,70,36,34,0,10586,4831,15417,1.142199,44,0,0,0,1823,0,-1369,0,80,655,0,-255,0,-255,0,-208,0,-366,0,0,0,random_forest,0.9995670500278251,1
RQ7_CONFIRM_baseline_default_off_16,baseline_default_off,default,off,1,none,standard_dns,1,/opt/praxis/pcaps/RQ7_CONFIRM_baseline_default_off_16.pcap,/opt/praxis/logs/RQ7_CONFIRM_baseline_default_off_16_browser.json,21305,67,34,33,0,10490,4831,15321,1.14148,42,0,0,0,1791,0,-1369,0,80,655,0,-255,0,-255,0,-574,0,0,0,0,1998,random_forest,0.9647813940407256,1
RQ7_CONFIRM_baseline_default_off_17,baseline_default_off,default,off,1,none,standard_dns,1,/opt/praxis/pcaps/RQ7_CONFIRM_baseline_default_off_17.pcap,/opt/praxis/logs/RQ7_CONFIRM_baseline_default_off_17_browser.json,21577,69,35,34,0,10586,4831,15417,1.141105,44,0,0,0,1791,0,-1369,0,80,655,0,-255,0,-255,0,-208,0,-366,0,0,0,random_forest,0.9995670500278251,1
RQ7_CONFIRM_baseline_default_off_18,baseline_default_off,default,off,1,none,standard_dns,1,/opt/praxis/pcaps/RQ7_CONFIRM_baseline_default_off_18.pcap,/opt/praxis/logs/RQ7_CONFIRM_baseline_default_off_18_browser.json,21625,71,37,34,0,10458,4831,15289,1.142971,42,0,0,0,1823,0,-1369,0,80,655,0,-255,0,-255,0,-208,0,-366,0,0,0,random_forest,0.9548653105805215,1
RQ7_CONFIRM_baseline_default_off_19,baseline_default_off,default,off,1,none,standard_dns,1,/opt/praxis/pcaps/RQ7_CONFIRM_baseline_default_off_19.pcap,/opt/praxis/logs/RQ7_CONFIRM_baseline_default_off_19_browser.json,21481,69,35,34,0,10490,4831,15321,1.143154,44,0,0,0,1727,0,-1369,0,80,655,0,-255,0,-255,0,-208,0,-366,0,0,0,random_forest,0.9639975823397186,1
RQ7_CONFIRM_baseline_default_off_20,baseline_default_off,default,off,1,none,standard_dns,1,/opt/praxis/pcaps/RQ7_CONFIRM_baseline_default_off_20.pcap,/opt/praxis/logs/RQ7_CONFIRM_baseline_default_off_20_browser.json,21545,69,35,34,0,10554,4831,15385,1.141477,44,0,0,0,1823,0,-1369,0,80,655,0,-255,0,-255,0,-208,0,-366,0,0,0,random_forest,0.9675670500278251,1
RQ7_CONFIRM_baseline_default_off_21,baseline_default_off,default,off,1,none,standard_dns,1,/opt/praxis/pcaps/RQ7_CONFIRM_baseline_default_off_21.pcap,/opt/praxis/logs/RQ7_CONFIRM_baseline_default_off_21_browser.json,21449,69,35,34,0,10458,4831,15289,1.14448,42,0,0,0,1759,0,-1369,0,80,655,0,-255,0,-255,0,-208,0,-366,0,0,0,random_forest,0.9543788240940351,1
RQ7_CONFIRM_baseline_default_off_22,baseline_default_off,default,off,1,none,standard_dns,1,/opt/praxis/pcaps/RQ7_CONFIRM_baseline_default_off_22.pcap,/opt/praxis/logs/RQ7_CONFIRM_baseline_default_off_22_browser.json,21569,70,36,34,0,10490,4831,15321,1.139051,42,0,0,0,1759,0,-1369,0,80,655,0,-255,0,-255,0,-208,0,-366,0,0,0,random_forest,0.9643371206695422,1
RQ7_CONFIRM_baseline_default_off_23,baseline_default_off,default,off,1,none,standard_dns,1,/opt/praxis/pcaps/RQ7_CONFIRM_baseline_default_off_23.pcap,/opt/praxis/logs/RQ7_CONFIRM_baseline_default_off_23_browser.json,21545,69,35,34,0,10554,4831,15385,1.141934,42,0,0,0,1727,0,-1369,0,80,655,0,-255,0,-255,0,-208,0,-366,0,0,0,random_forest,0.9666993217870221,1
RQ7_CONFIRM_baseline_default_off_24,baseline_default_off,default,off,1,none,standard_dns,1,/opt/praxis/pcaps/RQ7_CONFIRM_baseline_default_off_24.pcap,/opt/praxis/logs/RQ7_CONFIRM_baseline_default_off_24_browser.json,21209,67,34,33,0,10394,4831,15225,1.144279,42,0,0,0,1791,0,-1369,0,80,655,0,-255,0,-255,0,-208,0,-366,0,0,0,random_forest,0.9062778203299195,1
RQ7_CONFIRM_baseline_default_off_25,baseline_default_off,default,off,1,none,standard_dns,1,/opt/praxis/pcaps/RQ7_CONFIRM_baseline_default_off_25.pcap,/opt/praxis/logs/RQ7_CONFIRM_baseline_default_off_25_browser.json,21577,69,35,34,0,10586,4831,15417,1.144272,46,0,0,0,1823,0,-1369,0,80,655,0,-255,0,-255,0,-208,0,-366,0,0,0,random_forest,0.9990805635413385,1
RQ7_CONFIRM_baseline_default_off_26,baseline_default_off,default,off,1,none,standard_dns,1,/opt/praxis/pcaps/RQ7_CONFIRM_baseline_default_off_26.pcap,/opt/praxis/logs/RQ7_CONFIRM_baseline_default_off_26_browser.json,21545,69,36,33,0,10554,4831,15385,1.146769,46,0,0,0,1759,0,-1369,0,80,655,0,-255,0,-255,0,-574,0,0,0,0,2094,random_forest,0.9668275652955726,1
RQ7_CONFIRM_baseline_default_off_27,baseline_default_off,default,off,1,none,standard_dns,1,/opt/praxis/pcaps/RQ7_CONFIRM_baseline_default_off_27.pcap,/opt/praxis/logs/RQ7_CONFIRM_baseline_default_off_27_browser.json,21593,71,36,35,0,10426,4831,15257,1.140293,42,0,0,0,1727,0,-1369,0,80,655,0,-255,0,-255,0,-208,0,-366,0,0,0,random_forest,0.9051805035398504,1
RQ7_CONFIRM_baseline_default_off_28,baseline_default_off,default,off,1,none,standard_dns,1,/opt/praxis/pcaps/RQ7_CONFIRM_baseline_default_off_28.pcap,/opt/praxis/logs/RQ7_CONFIRM_baseline_default_off_28_browser.json,21513,69,35,34,0,10522,4831,15353,1.141719,44,0,0,0,1791,0,-1369,0,80,655,0,-255,0,-255,0,-208,0,-366,0,0,0,random_forest,0.9648653105805215,1
RQ7_CONFIRM_baseline_default_off_29,baseline_default_off,default,off,1,none,standard_dns,1,/opt/praxis/pcaps/RQ7_CONFIRM_baseline_default_off_29.pcap,/opt/praxis/logs/RQ7_CONFIRM_baseline_default_off_29_browser.json,21665,70,36,34,0,10586,4831,15417,1.145373,42,0,0,0,1823,0,-1369,0,80,655,0,-255,0,-255,0,-208,0,-366,0,0,0,random_forest,0.9990805635413385,1
RQ7_CONFIRM_baseline_default_off_30,baseline_default_off,default,off,1,none,standard_dns,1,/opt/praxis/pcaps/RQ7_CONFIRM_baseline_default_off_30.pcap,/opt/praxis/logs/RQ7_CONFIRM_baseline_default_off_30_browser.json,21273,67,34,33,0,10458,4831,15289,1.141588,44,0,0,0,1727,0,-1369,0,80,655,0,-255,0,-255,0,-208,0,-366,0,0,0,random_forest,0.9536435871226118,1
RQ7_CONFIRM_baseline_default_off_31,baseline_default_off,default,off,1,none,standard_dns,1,/opt/praxis/pcaps/RQ7_CONFIRM_baseline_default_off_31.pcap,/opt/praxis/logs/RQ7_CONFIRM_baseline_default_off_31_browser.json,21433,67,34,33,0,10618,4831,15449,1.142839,44,0,0,0,1791,0,-1369,0,80,655,0,-255,0,-255,0,-208,0,-366,0,0,0,random_forest,0.999604985934642,1
RQ7_CONFIRM_baseline_default_off_32,baseline_default_off,default,off,1,none,standard_dns,1,/opt/praxis/pcaps/RQ7_CONFIRM_baseline_default_off_32.pcap,/opt/praxis/logs/RQ7_CONFIRM_baseline_default_off_32_browser.json,21577,69,35,34,0,10586,4831,15417,1.146946,40,0,0,0,1791,0,-1369,0,80,655,0,-255,0,-255,0,-574,0,0,0,0,2030,random_forest,0.995843901145284,1
RQ7_CONFIRM_baseline_default_off_33,baseline_default_off,default,off,1,none,standard_dns,1,/opt/praxis/pcaps/RQ7_CONFIRM_baseline_default_off_33.pcap,/opt/praxis/logs/RQ7_CONFIRM_baseline_default_off_33_browser.json,21425,68,35,33,0,10522,4831,15353,1.146236,42,0,0,0,1823,0,-1369,0,80,655,0,-255,0,-255,0,-574,0,0,0,0,1998,random_forest,0.9643959113183544,1
RQ7_CONFIRM_baseline_default_off_34,baseline_default_off,default,off,1,none,standard_dns,1,/opt/praxis/pcaps/RQ7_CONFIRM_baseline_default_off_34.pcap,/opt/praxis/logs/RQ7_CONFIRM_baseline_default_off_34_browser.json,21649,72,36,36,0,10394,4831,15225,1.14966,44,0,0,0,1727,0,-1369,0,80,655,0,-255,0,-255,0,-208,0,-366,0,0,0,random_forest,0.9049213522634885,1
RQ7_CONFIRM_baseline_default_off_35,baseline_default_off,default,off,1,none,standard_dns,1,/opt/praxis/pcaps/RQ7_CONFIRM_baseline_default_off_35.pcap,/opt/praxis/logs/RQ7_CONFIRM_baseline_default_off_35_browser.json,21305,67,34,33,0,10490,4831,15321,1.142591,44,0,0,0,1759,0,-1369,0,80,655,0,-255,0,-255,0,-208,0,-366,0,0,0,random_forest,0.9647643068164061,1
RQ7_CONFIRM_baseline_default_off_36,baseline_default_off,default,off,1,none,standard_dns,1,/opt/praxis/pcaps/RQ7_CONFIRM_baseline_default_off_36.pcap,/opt/praxis/logs/RQ7_CONFIRM_baseline_default_off_36_browser.json,21545,69,35,34,0,10554,4831,15385,1.144784,40,0,0,0,1727,0,-1369,0,80,655,0,-255,0,-255,0,-574,0,0,0,0,2062,random_forest,0.9629454036737117,1
RQ7_CONFIRM_baseline_default_off_37,baseline_default_off,default,off,1,none,standard_dns,1,/opt/praxis/pcaps/RQ7_CONFIRM_baseline_default_off_37.pcap,/opt/praxis/logs/RQ7_CONFIRM_baseline_default_off_37_browser.json,21537,70,36,34,0,10458,4831,15289,1.140335,44,0,0,0,1759,0,-1369,0,80,655,0,-255,0,-255,0,-208,-366,0,0,0,0,random_forest,0.9547046457605769,1
RQ7_CONFIRM_baseline_default_off_38,baseline_default_off,default,off,1,none,standard_dns,1,/opt/praxis/pcaps/RQ7_CONFIRM_baseline_default_off_38.pcap,/opt/praxis/logs/RQ7_CONFIRM_baseline_default_off_38_browser.json,21537,70,36,34,0,10458,4831,15289,1.143674,48,0,0,0,1759,0,-1369,0,80,655,0,-255,0,-255,0,-208,0,-366,0,0,0,random_forest,0.9548653105805215,1
RQ7_CONFIRM_baseline_default_off_39,baseline_default_off,default,off,1,none,standard_dns,1,/opt/praxis/pcaps/RQ7_CONFIRM_baseline_default_off_39.pcap,/opt/praxis/logs/RQ7_CONFIRM_baseline_default_off_39_browser.json,21305,67,34,33,0,10490,4831,15321,1.140609,42,0,0,0,1727,0,-1369,0,80,655,0,-255,0,-255,0,-574,0,0,0,0,1998,random_forest,0.9636606743469311,1
RQ7_CONFIRM_baseline_default_off_40,baseline_default_off,default,off,1,none,standard_dns,1,/opt/praxis/pcaps/RQ7_CONFIRM_baseline_default_off_40.pcap,/opt/praxis/logs/RQ7_CONFIRM_baseline_default_off_40_browser.json,21609,69,35,34,0,10618,4831,15449,1.144017,44,0,0,0,1823,0,-1369,0,80,655,0,-255,0,-255,0,-574,0,0,0,0,2094,random_forest,0.9997230769230768,1
RQ7_CONFIRM_baseline_default_off_41,baseline_default_off,default,off,1,none,standard_dns,1,/opt/praxis/pcaps/RQ7_CONFIRM_baseline_default_off_41.pcap,/opt/praxis/logs/RQ7_CONFIRM_baseline_default_off_41_browser.json,21337,67,34,33,0,10522,4831,15353,1.141272,46,0,0,0,1727,0,-1369,0,80,655,0,-255,0,-255,0,-208,0,-366,0,0,0,random_forest,0.9634958129142593,1
RQ7_CONFIRM_baseline_default_off_42,baseline_default_off,default,off,1,none,standard_dns,1,/opt/praxis/pcaps/RQ7_CONFIRM_baseline_default_off_42.pcap,/opt/praxis/logs/RQ7_CONFIRM_baseline_default_off_42_browser.json,21609,69,35,34,0,10618,4831,15449,1.144226,40,0,0,0,1823,0,-1369,0,80,655,0,-255,0,-255,0,-574,0,0,0,0,2062,random_forest,0.9967394127727883,1
RQ7_CONFIRM_baseline_default_off_43,baseline_default_off,default,off,1,none,standard_dns,1,/opt/praxis/pcaps/RQ7_CONFIRM_baseline_default_off_43.pcap,/opt/praxis/logs/RQ7_CONFIRM_baseline_default_off_43_browser.json,21513,69,35,34,0,10522,4831,15353,1.142944,46,0,0,0,1727,0,-1369,0,80,655,0,-255,0,-255,0,-208,0,-366,0,0,0,random_forest,0.9638498081313661,1
RQ7_CONFIRM_baseline_default_off_44,baseline_default_off,default,off,1,none,standard_dns,1,/opt/praxis/pcaps/RQ7_CONFIRM_baseline_default_off_44.pcap,/opt/praxis/logs/RQ7_CONFIRM_baseline_default_off_44_browser.json,21681,72,37,35,0,10426,4831,15257,1.140269,46,0,0,0,1727,0,-1369,0,80,655,0,-255,0,-255,0,-208,0,-366,0,0,0,random_forest,0.905032729331498,1
RQ7_CONFIRM_baseline_default_off_45,baseline_default_off,default,off,1,none,standard_dns,1,/opt/praxis/pcaps/RQ7_CONFIRM_baseline_default_off_45.pcap,/opt/praxis/logs/RQ7_CONFIRM_baseline_default_off_45_browser.json,21513,69,35,34,0,10522,4831,15353,1.145116,40,0,0,0,1759,0,-1369,0,80,655,0,-255,0,-255,0,-208,-366,0,0,0,0,random_forest,0.9612344951238018,1
RQ7_CONFIRM_baseline_default_off_46,baseline_default_off,default,off,1,none,standard_dns,1,/opt/praxis/pcaps/RQ7_CONFIRM_baseline_default_off_46.pcap,/opt/praxis/logs/RQ7_CONFIRM_baseline_default_off_46_browser.json,21273,67,34,33,0,10458,4831,15289,1.139046,44,0,0,0,1823,0,-1369,0,80,655,0,-255,0,-255,0,-208,0,-366,0,0,0,random_forest,0.9542361169054269,1
RQ7_CONFIRM_baseline_default_off_47,baseline_default_off,default,off,1,none,standard_dns,1,/opt/praxis/pcaps/RQ7_CONFIRM_baseline_default_off_47.pcap,/opt/praxis/logs/RQ7_CONFIRM_baseline_default_off_47_browser.json,21457,68,35,33,0,10554,4831,15385,1.144308,40,0,0,0,1823,0,-1369,0,80,655,0,-255,0,-255,0,-574,0,0,0,0,1998,random_forest,0.9641139866153695,1
RQ7_CONFIRM_baseline_default_off_48,baseline_default_off,default,off,1,none,standard_dns,1,/opt/praxis/pcaps/RQ7_CONFIRM_baseline_default_off_48.pcap,/opt/praxis/logs/RQ7_CONFIRM_baseline_default_off_48_browser.json,21505,70,36,34,0,10426,4831,15257,1.146175,44,0,0,0,1727,0,-1369,0,80,655,0,-255,0,-255,0,-208,0,-366,0,0,0,random_forest,0.9049213522634885,1
RQ7_CONFIRM_baseline_default_off_49,baseline_default_off,default,off,1,none,standard_dns,1,/opt/praxis/pcaps/RQ7_CONFIRM_baseline_default_off_49.pcap,/opt/praxis/logs/RQ7_CONFIRM_baseline_default_off_49_browser.json,21481,69,35,34,0,10490,4831,15321,1.1418,42,0,0,0,1727,0,-1369,0,80,655,0,-255,0,-255,0,-208,0,-366,0,0,0,random_forest,0.9639975823397186,1
RQ7_CONFIRM_baseline_default_off_50,baseline_default_off,default,off,1,none,standard_dns,1,/opt/praxis/pcaps/RQ7_CONFIRM_baseline_default_off_50.pcap,/opt/praxis/logs/RQ7_CONFIRM_baseline_default_off_50_browser.json,21369,67,34,33,0,10554,4831,15385,1.139078,42,0,0,0,1823,0,-1369,0,80,655,0,-255,0,-255,0,-574,0,0,0,0,0,random_forest,0.9674831334880292,1
RQ7_CONFIRM_camouflaged_c2_p1_01,camouflaged_c2_p1,camouflaged,c2,1,none,standard_dns,1,/opt/praxis/pcaps/RQ7_CONFIRM_camouflaged_c2_p1_01.pcap,/opt/praxis/logs/RQ7_CONFIRM_camouflaged_c2_p1_01_browser.json,20585,56,28,28,0,10648,4969,15617,0.184586,34,0,0,0,1800,0,-1377,0,88,687,0,-263,0,-263,0,-216,0,-374,0,-6,0,random_forest,0.5456091985731082,1
RQ7_CONFIRM_camouflaged_c2_p1_02,camouflaged_c2_p1,camouflaged,c2,1,none,standard_dns,1,/opt/praxis/pcaps/RQ7_CONFIRM_camouflaged_c2_p1_02.pcap,/opt/praxis/logs/RQ7_CONFIRM_camouflaged_c2_p1_02_browser.json,20089,50,26,24,0,10712,4937,15649,0.197929,28,0,0,0,1768,0,-1377,0,88,687,0,-263,0,-263,0,-582,-6,0,0,6,2052,random_forest,0.510636534133266,1
RQ7_CONFIRM_camouflaged_c2_p1_03,camouflaged_c2_p1,camouflaged,c2,1,none,standard_dns,1,/opt/praxis/pcaps/RQ7_CONFIRM_camouflaged_c2_p1_03.pcap,/opt/praxis/logs/RQ7_CONFIRM_camouflaged_c2_p1_03_browser.json,20153,52,26,26,0,10584,4953,15537,0.190154,32,0,0,0,1768,0,-1377,0,88,687,0,-263,0,-263,0,-582,0,-6,0,6,2020,random_forest,0.5299657838887297,1
RQ7_CONFIRM_camouflaged_c2_p1_04,camouflaged_c2_p1,camouflaged,c2,1,none,standard_dns,1,/opt/praxis/pcaps/RQ7_CONFIRM_camouflaged_c2_p1_04.pcap,/opt/praxis/logs/RQ7_CONFIRM_camouflaged_c2_p1_04_browser.json,20417,53,27,26,0,10736,4977,15713,0.188321,34,0,0,0,1832,0,-1377,0,88,687,0,-263,0,-263,0,-216,0,-374,0,-6,0,random_forest,0.5376091985731082,1
RQ7_CONFIRM_camouflaged_c2_p1_05,camouflaged_c2_p1,camouflaged,c2,1,none,standard_dns,1,/opt/praxis/pcaps/RQ7_CONFIRM_camouflaged_c2_p1_05.pcap,/opt/praxis/logs/RQ7_CONFIRM_camouflaged_c2_p1_05_browser.json,20897,58,29,29,0,10776,4977,15753,0.183114,34,0,0,0,1768,0,-1377,0,88,687,0,-263,0,-263,0,-216,0,-374,0,-6,0,random_forest,0.5496091985731082,1
RQ7_CONFIRM_camouflaged_c2_p1_06,camouflaged_c2_p1,camouflaged,c2,1,none,standard_dns,1,/opt/praxis/pcaps/RQ7_CONFIRM_camouflaged_c2_p1_06.pcap,/opt/praxis/logs/RQ7_CONFIRM_camouflaged_c2_p1_06_browser.json,20193,52,26,26,0,10616,4961,15577,0.189476,30,0,0,0,1768,0,-1377,0,88,687,0,-263,0,-263,0,-216,0,-374,-6,0,0,random_forest,0.5302598009827468,1
RQ7_CONFIRM_camouflaged_c2_p1_07,camouflaged_c2_p1,camouflaged,c2,1,none,standard_dns,1,/opt/praxis/pcaps/RQ7_CONFIRM_camouflaged_c2_p1_07.pcap,/opt/praxis/logs/RQ7_CONFIRM_camouflaged_c2_p1_07_browser.json,20441,53,27,26,0,10776,4961,15737,0.183895,30,0,0,0,1800,0,-1377,0,88,687,0,-263,0,-263,0,-216,0,-374,-6,0,0,random_forest,0.5342598009827468,1
RQ7_CONFIRM_camouflaged_c2_p1_08,camouflaged_c2_p1,camouflaged,c2,1,none,standard_dns,1,/opt/praxis/pcaps/RQ7_CONFIRM_camouflaged_c2_p1_08.pcap,/opt/praxis/logs/RQ7_CONFIRM_camouflaged_c2_p1_08_browser.json,20481,54,27,27,0,10712,4977,15689,0.190767,38,0,0,0,1736,0,-1377,0,88,687,0,-263,0,-263,0,-216,0,-374,0,-6,0,random_forest,0.7463124713076102,1
RQ7_CONFIRM_camouflaged_c2_p1_09,camouflaged_c2_p1,camouflaged,c2,1,none,standard_dns,1,/opt/praxis/pcaps/RQ7_CONFIRM_camouflaged_c2_p1_09.pcap,/opt/praxis/logs/RQ7_CONFIRM_camouflaged_c2_p1_09_browser.json,20193,50,25,25,0,10800,4953,15753,0.191965,32,0,0,0,1800,0,-1377,0,88,687,0,-263,0,-263,0,-582,0,-6,0,6,2052,random_forest,0.5259657838887297,1
RQ7_CONFIRM_camouflaged_c2_p1_10,camouflaged_c2_p1,camouflaged,c2,1,none,standard_dns,1,/opt/praxis/pcaps/RQ7_CONFIRM_camouflaged_c2_p1_10.pcap,/opt/praxis/logs/RQ7_CONFIRM_camouflaged_c2_p1_10_browser.json,20313,52,26,26,0,10744,4953,15697,0.189412,34,0,0,0,1832,0,-1377,0,88,687,0,-263,0,-263,0,-582,0,-6,0,6,2084,random_forest,0.5299657838887297,1
RQ7_CONFIRM_camouflaged_c2_p1_11,camouflaged_c2_p1,camouflaged,c2,1,none,standard_dns,1,/opt/praxis/pcaps/RQ7_CONFIRM_camouflaged_c2_p1_11.pcap,/opt/praxis/logs/RQ7_CONFIRM_camouflaged_c2_p1_11_browser.json,20497,54,27,27,0,10744,4961,15705,0.187201,36,0,0,0,1768,0,-1377,0,88,687,0,-263,0,-263,0,-582,0,-6,0,6,2084,random_forest,0.7425252178692235,1
RQ7_CONFIRM_camouflaged_c2_p1_12,camouflaged_c2_p1,camouflaged,c2,1,none,standard_dns,1,/opt/praxis/pcaps/RQ7_CONFIRM_camouflaged_c2_p1_12.pcap,/opt/praxis/logs/RQ7_CONFIRM_camouflaged_c2_p1_12_browser.json,20649,56,28,28,0,10712,4969,15681,0.200795,34,0,0,0,1800,0,-1377,0,88,687,0,-263,0,-263,0,-216,0,-374,0,-6,0,random_forest,0.5456091985731082,1
RQ7_CONFIRM_camouflaged_c2_p1_13,camouflaged_c2_p1,camouflaged,c2,1,none,standard_dns,1,/opt/praxis/pcaps/RQ7_CONFIRM_camouflaged_c2_p1_13.pcap,/opt/praxis/logs/RQ7_CONFIRM_camouflaged_c2_p1_13_browser.json,20353,52,26,26,0,10768,4969,15737,0.187664,34,0,0,0,1768,0,-1377,0,88,687,0,-263,0,-263,0,-216,0,-374,0,-6,0,random_forest,0.5336091985731082,1
RQ7_CONFIRM_camouflaged_c2_p1_14,camouflaged_c2_p1,camouflaged,c2,1,none,standard_dns,1,/opt/praxis/pcaps/RQ7_CONFIRM_camouflaged_c2_p1_14.pcap,/opt/praxis/logs/RQ7_CONFIRM_camouflaged_c2_p1_14_browser.json,20033,51,25,26,0,10552,4953,15505,0.189224,34,0,0,0,1768,0,-1377,0,88,687,0,-263,0,-263,0,-582,0,-6,0,6,1988,random_forest,0.5084122531370213,1
RQ7_CONFIRM_camouflaged_c2_p1_15,camouflaged_c2_p1,camouflaged,c2,1,none,standard_dns,1,/opt/praxis/pcaps/RQ7_CONFIRM_camouflaged_c2_p1_15.pcap,/opt/praxis/logs/RQ7_CONFIRM_camouflaged_c2_p1_15_browser.json,20201,52,26,26,0,10616,4969,15585,0.191309,36,0,0,0,1768,0,-1377,0,88,687,0,-263,0,-263,0,-582,0,-6,0,6,2020,random_forest,0.7366769420071546,1
RQ7_CONFIRM_camouflaged_c2_p1_16,camouflaged_c2_p1,camouflaged,c2,1,none,standard_dns,1,/opt/praxis/pcaps/RQ7_CONFIRM_camouflaged_c2_p1_16.pcap,/opt/praxis/logs/RQ7_CONFIRM_camouflaged_c2_p1_16_browser.json,20817,57,28,29,0,10776,4985,15761,0.18772,32,0,0,0,1768,0,-1377,0,88,687,0,-263,0,-263,0,-216,0,-374,-6,0,0,random_forest,0.5502598009827467,1
RQ7_CONFIRM_camouflaged_c2_p1_17,camouflaged_c2_p1,camouflaged,c2,1,none,standard_dns,1,/opt/praxis/pcaps/RQ7_CONFIRM_camouflaged_c2_p1_17.pcap,/opt/praxis/logs/RQ7_CONFIRM_camouflaged_c2_p1_17_browser.json,20385,54,27,27,0,10616,4977,15593,0.192556,40,0,0,0,1832,0,-1377,0,88,687,0,-263,0,-263,0,-216,0,-374,0,-6,0,random_forest,0.7481641417110404,1
RQ7_CONFIRM_camouflaged_c2_p1_18,camouflaged_c2_p1,camouflaged,c2,1,none,standard_dns,1,/opt/praxis/pcaps/RQ7_CONFIRM_camouflaged_c2_p1_18.pcap,/opt/praxis/logs/RQ7_CONFIRM_camouflaged_c2_p1_18_browser.json,20409,53,26,27,0,10744,4961,15705,0.186782,32,0,0,0,1768,0,-1377,0,88,687,0,-263,0,-263,0,-582,0,-6,0,6,2052,random_forest,0.5319657838887297,1
RQ7_CONFIRM_camouflaged_c2_p1_19,camouflaged_c2_p1,camouflaged,c2,1,none,standard_dns,1,/opt/praxis/pcaps/RQ7_CONFIRM_camouflaged_c2_p1_19.pcap,/opt/praxis/logs/RQ7_CONFIRM_camouflaged_c2_p1_19_browser.json,20337,54,27,27,0,10584,4961,15545,0.191449,30,0,0,0,1736,0,-1377,0,88,687,0,-263,0,-263,0,-216,0,-374,0,-6,0,random_forest,0.5396091985731082,1
RQ7_CONFIRM_camouflaged_c2_p1_20,camouflaged_c2_p1,camouflaged,c2,1,none,standard_dns,1,/opt/praxis/pcaps/RQ7_CONFIRM_camouflaged_c2_p1_20.pcap,/opt/praxis/logs/RQ7_CONFIRM_camouflaged_c2_p1_20_browser.json,20441,53,26,27,0,10776,4961,15737,0.190748,38,0,0,0,1832,0,-1377,0,88,687,0,-263,0,-263,0,-582,0,-6,0,6,2052,random_forest,0.7385252178692235,1
RQ7_CONFIRM_camouflaged_c2_p1_21,camouflaged_c2_p1,camouflaged,c2,1,none,standard_dns,1,/opt/praxis/pcaps/RQ7_CONFIRM_camouflaged_c2_p1_21.pcap,/opt/praxis/logs/RQ7_CONFIRM_camouflaged_c2_p1_21_browser.json,20577,54,27,27,0,10808,4977,15785,0.185189,36,0,0,0,1800,0,-1377,0,88,687,0,-263,0,-263,0,-216,0,-374,0,-6,0,random_forest,0.7463124713076102,1
RQ7_CONFIRM_camouflaged_c2_p1_22,camouflaged_c2_p1,camouflaged,c2,1,none,standard_dns,1,/opt/praxis/pcaps/RQ7_CONFIRM_camouflaged_c2_p1_22.pcap,/opt/praxis/logs/RQ7_CONFIRM_camouflaged_c2_p1_22_browser.json,20473,54,27,27,0,10712,4969,15681,0.190576,36,0,0,0,1736,0,-1377,0,88,687,0,-263,0,-263,0,-216,0,-374,0,-6,0,random_forest,0.7463124713076102,1
RQ7_CONFIRM_camouflaged_c2_p1_23,camouflaged_c2_p1,camouflaged,c2,1,none,standard_dns,1,/opt/praxis/pcaps/RQ7_CONFIRM_camouflaged_c2_p1_23.pcap,/opt/praxis/logs/RQ7_CONFIRM_camouflaged_c2_p1_23_browser.json,20497,54,27,27,0,10744,4961,15705,0.185256,34,0,0,0,1832,0,-1377,0,88,687,0,-263,0,-263,0,-582,0,-6,0,6,2052,random_forest,0.5359657838887297,1
RQ7_CONFIRM_camouflaged_c2_p1_24,camouflaged_c2_p1,camouflaged,c2,1,none,standard_dns,1,/opt/praxis/pcaps/RQ7_CONFIRM_camouflaged_c2_p1_24.pcap,/opt/praxis/logs/RQ7_CONFIRM_camouflaged_c2_p1_24_browser.json,20649,56,28,28,0,10712,4969,15681,0.195062,32,0,0,0,1768,0,-1377,0,88,687,0,-263,0,-263,0,-216,0,-374,0,-6,0,random_forest,0.5456091985731082,1
RQ7_CONFIRM_camouflaged_c2_p1_25,camouflaged_c2_p1,camouflaged,c2,1,none,standard_dns,1,/opt/praxis/pcaps/RQ7_CONFIRM_camouflaged_c2_p1_25.pcap,/opt/praxis/logs/RQ7_CONFIRM_camouflaged_c2_p1_25_browser.json,20249,52,26,26,0,10680,4953,15633,0.18706,32,0,0,0,1832,0,-1377,0,88,687,0,-263,0,-263,0,-582,0,-6,0,6,1988,random_forest,0.5299657838887297,1
RQ7_CONFIRM_camouflaged_c2_p1_26,camouflaged_c2_p1,camouflaged,c2,1,none,standard_dns,1,/opt/praxis/pcaps/RQ7_CONFIRM_camouflaged_c2_p1_26.pcap,/opt/praxis/logs/RQ7_CONFIRM_camouflaged_c2_p1_26_browser.json,20473,54,27,27,0,10712,4969,15681,0.187648,32,0,0,0,1832,0,-1377,0,88,687,0,-263,0,-263,0,-582,0,-6,0,6,2020,random_forest,0.5359657838887297,1
RQ7_CONFIRM_camouflaged_c2_p1_27,camouflaged_c2_p1,camouflaged,c2,1,none,standard_dns,1,/opt/praxis/pcaps/RQ7_CONFIRM_camouflaged_c2_p1_27.pcap,/opt/praxis/logs/RQ7_CONFIRM_camouflaged_c2_p1_27_browser.json,20345,52,26,26,0,10776,4953,15729,0.186909,30,0,0,0,1832,0,-1377,0,88,687,0,-263,0,-263,0,-582,0,-6,0,6,2052,random_forest,0.5299657838887297,1
RQ7_CONFIRM_camouflaged_c2_p1_28,camouflaged_c2_p1,camouflaged,c2,1,none,standard_dns,1,/opt/praxis/pcaps/RQ7_CONFIRM_camouflaged_c2_p1_28.pcap,/opt/praxis/logs/RQ7_CONFIRM_camouflaged_c2_p1_28_browser.json,20441,52,26,26,0,10872,4953,15825,0.186969,32,0,0,0,1832,0,-1377,0,88,687,0,-263,0,-263,0,-582,0,-6,0,6,2084,random_forest,0.5299657838887297,1
RQ7_CONFIRM_camouflaged_c2_p1_29,camouflaged_c2_p1,camouflaged,c2,1,none,standard_dns,1,/opt/praxis/pcaps/RQ7_CONFIRM_camouflaged_c2_p1_29.pcap,/opt/praxis/logs/RQ7_CONFIRM_camouflaged_c2_p1_29_browser.json,20689,56,28,28,0,10744,4977,15721,0.19442,38,0,0,0,1800,0,-1377,0,88,687,0,-263,0,-263,0,-216,0,-374,0,-6,0,random_forest,0.7523124713076103,1
RQ7_CONFIRM_camouflaged_c2_p1_30,camouflaged_c2_p1,camouflaged,c2,1,none,standard_dns,1,/opt/praxis/pcaps/RQ7_CONFIRM_camouflaged_c2_p1_30.pcap,/opt/praxis/logs/RQ7_CONFIRM_camouflaged_c2_p1_30_browser.json,20561,54,27,27,0,10808,4961,15769,0.19206,34,0,0,0,1768,0,-1377,0,88,687,0,-263,0,-263,0,-216,0,-374,-6,0,0,random_forest,0.5362598009827468,1
RQ7_CONFIRM_camouflaged_c2_p1_31,camouflaged_c2_p1,camouflaged,c2,1,none,standard_dns,1,/opt/praxis/pcaps/RQ7_CONFIRM_camouflaged_c2_p1_31.pcap,/opt/praxis/logs/RQ7_CONFIRM_camouflaged_c2_p1_31_browser.json,20377,53,26,27,0,10704,4969,15673,0.188454,34,0,0,0,1736,0,-1377,0,88,687,0,-263,0,-263,0,-582,0,-6,0,6,2084,random_forest,0.5319657838887297,1
RQ7_CONFIRM_camouflaged_c2_p1_32,camouflaged_c2_p1,camouflaged,c2,1,none,standard_dns,1,/opt/praxis/pcaps/RQ7_CONFIRM_camouflaged_c2_p1_32.pcap,/opt/praxis/logs/RQ7_CONFIRM_camouflaged_c2_p1_32_browser.json,20601,56,28,28,0,10648,4985,15633,0.189031,34,0,0,0,1768,0,-1377,0,88,687,0,-263,0,-263,0,-216,0,-374,0,-6,0,random_forest,0.5456091985731082,1
RQ7_CONFIRM_camouflaged_c2_p1_33,camouflaged_c2_p1,camouflaged,c2,1,none,standard_dns,1,/opt/praxis/pcaps/RQ7_CONFIRM_camouflaged_c2_p1_33.pcap,/opt/praxis/logs/RQ7_CONFIRM_camouflaged_c2_p1_33_browser.json,20105,51,26,25,0,10608,4969,15577,0.184619,32,0,0,0,1736,0,-1377,0,88,687,0,-263,0,-263,0,-582,0,-6,0,6,2020,random_forest,0.5259657838887297,1
RQ7_CONFIRM_camouflaged_c2_p1_34,camouflaged_c2_p1,camouflaged,c2,1,none,standard_dns,1,/opt/praxis/pcaps/RQ7_CONFIRM_camouflaged_c2_p1_34.pcap,/opt/praxis/logs/RQ7_CONFIRM_camouflaged_c2_p1_34_browser.json,20217,52,26,26,0,10648,4953,15601,0.188466,34,0,0,0,1736,0,-1377,0,88,687,0,-263,0,-263,0,-582,0,-6,0,6,2052,random_forest,0.5299657838887297,1
RQ7_CONFIRM_camouflaged_c2_p1_35,camouflaged_c2_p1,camouflaged,c2,1,none,standard_dns,1,/opt/praxis/pcaps/RQ7_CONFIRM_camouflaged_c2_p1_35.pcap,/opt/praxis/logs/RQ7_CONFIRM_camouflaged_c2_p1_35_browser.json,20689,56,28,28,0,10744,4977,15721,0.182962,38,0,0,0,1736,0,-1377,0,88,687,0,-263,0,-263,0,-216,0,-374,-6,0,0,random_forest,0.7508959934535808,1
RQ7_CONFIRM_camouflaged_c2_p1_36,camouflaged_c2_p1,camouflaged,c2,1,none,standard_dns,1,/opt/praxis/pcaps/RQ7_CONFIRM_camouflaged_c2_p1_36.pcap,/opt/praxis/logs/RQ7_CONFIRM_camouflaged_c2_p1_36_browser.json,20225,52,26,26,0,10648,4961,15609,0.184936,32,0,0,0,1736,0,-1377,0,88,687,0,-263,0,-263,0,-582,0,-6,0,6,2052,random_forest,0.5299657838887297,1
RQ7_CONFIRM_camouflaged_c2_p1_37,camouflaged_c2_p1,camouflaged,c2,1,none,standard_dns,1,/opt/praxis/pcaps/RQ7_CONFIRM_camouflaged_c2_p1_37.pcap,/opt/praxis/logs/RQ7_CONFIRM_camouflaged_c2_p1_37_browser.json,20569,54,27,27,0,10808,4969,15777,0.189214,36,0,0,0,1800,0,-1377,0,88,687,0,-263,0,-263,0,-216,0,-374,0,-6,0,random_forest,0.7463124713076102,1
RQ7_CONFIRM_camouflaged_c2_p1_38,camouflaged_c2_p1,camouflaged,c2,1,none,standard_dns,1,/opt/praxis/pcaps/RQ7_CONFIRM_camouflaged_c2_p1_38.pcap,/opt/praxis/logs/RQ7_CONFIRM_camouflaged_c2_p1_38_browser.json,20529,54,27,27,0,10768,4969,15737,0.192467,34,0,0,0,1800,0,-1377,0,88,687,0,-263,0,-263,0,-216,0,-374,-6,0,0,random_forest,0.5362598009827468,1
RQ7_CONFIRM_camouflaged_c2_p1_39,camouflaged_c2_p1,camouflaged,c2,1,none,standard_dns,1,/opt/praxis/pcaps/RQ7_CONFIRM_camouflaged_c2_p1_39.pcap,/opt/praxis/logs/RQ7_CONFIRM_camouflaged_c2_p1_39_browser.json,20561,54,27,27,0,10808,4961,15769,0.186439,36,0,0,0,1800,0,-1377,0,88,687,0,-263,0,-263,0,-216,0,-374,0,-6,0,random_forest,0.7463124713076102,1
RQ7_CONFIRM_camouflaged_c2_p1_40,camouflaged_c2_p1,camouflaged,c2,1,none,standard_dns,1,/opt/praxis/pcaps/RQ7_CONFIRM_camouflaged_c2_p1_40.pcap,/opt/praxis/logs/RQ7_CONFIRM_camouflaged_c2_p1_40_browser.json,20441,53,26,27,0,10776,4961,15737,0.188658,34,0,0,0,1800,0,-1377,0,88,687,0,-263,0,-263,0,-216,0,-374,0,-6,0,random_forest,0.5356091985731082,1
RQ7_CONFIRM_camouflaged_c2_p1_41,camouflaged_c2_p1,camouflaged,c2,1,none,standard_dns,1,/opt/praxis/pcaps/RQ7_CONFIRM_camouflaged_c2_p1_41.pcap,/opt/praxis/logs/RQ7_CONFIRM_camouflaged_c2_p1_41_browser.json,20681,56,28,28,0,10744,4969,15713,0.185442,34,0,0,0,1800,0,-1377,0,88,687,0,-263,0,-263,0,-216,0,-374,-6,0,0,random_forest,0.5442598009827467,1
RQ7_CONFIRM_camouflaged_c2_p1_42,camouflaged_c2_p1,camouflaged,c2,1,none,standard_dns,1,/opt/praxis/pcaps/RQ7_CONFIRM_camouflaged_c2_p1_42.pcap,/opt/praxis/logs/RQ7_CONFIRM_camouflaged_c2_p1_42_browser.json,20601,56,27,29,0,10648,4985,15633,0.183959,38,0,0,0,1768,0,-1377,0,88,687,0,-263,0,-263,0,-216,0,-374,0,-6,0,random_forest,0.7484641954455413,1
RQ7_CONFIRM_camouflaged_c2_p1_43,camouflaged_c2_p1,camouflaged,c2,1,none,standard_dns,1,/opt/praxis/pcaps/RQ7_CONFIRM_camouflaged_c2_p1_43.pcap,/opt/praxis/logs/RQ7_CONFIRM_camouflaged_c2_p1_43_browser.json,20537,55,28,27,0,10680,4977,15657,0.187186,36,0,0,0,1736,0,-1377,0,88,687,0,-263,0,-263,0,-216,0,-374,0,-6,0,random_forest,0.7504641954455413,1
RQ7_CONFIRM_camouflaged_c2_p1_44,camouflaged_c2_p1,camouflaged,c2,1,none,standard_dns,1,/opt/praxis/pcaps/RQ7_CONFIRM_camouflaged_c2_p1_44.pcap,/opt/praxis/logs/RQ7_CONFIRM_camouflaged_c2_p1_44_browser.json,20481,52,27,25,0,10904,4961,15865,0.187357,30,0,0,0,1832,0,-1377,0,88,687,0,-263,0,-263,0,-582,0,-6,0,6,2084,random_forest,0.5299657838887297,1
RQ7_CONFIRM_camouflaged_c2_p1_45,camouflaged_c2_p1,camouflaged,c2,1,none,standard_dns,1,/opt/praxis/pcaps/RQ7_CONFIRM_camouflaged_c2_p1_45.pcap,/opt/praxis/logs/RQ7_CONFIRM_camouflaged_c2_p1_45_browser.json,20625,56,28,28,0,10680,4977,15657,0.190874,38,0,0,0,1768,0,-1377,0,88,687,0,-263,0,-263,0,-216,0,-374,0,-6,0,random_forest,0.7524641954455413,1
RQ7_CONFIRM_camouflaged_c2_p1_46,camouflaged_c2_p1,camouflaged,c2,1,none,standard_dns,1,/opt/praxis/pcaps/RQ7_CONFIRM_camouflaged_c2_p1_46.pcap,/opt/praxis/logs/RQ7_CONFIRM_camouflaged_c2_p1_46_browser.json,20289,52,26,26,0,10704,4969,15673,0.181052,38,0,0,0,1800,0,-1377,0,88,687,0,-263,0,-263,0,-216,0,-374,0,-6,0,random_forest,0.7403124713076102,1
RQ7_CONFIRM_camouflaged_c2_p1_47,camouflaged_c2_p1,camouflaged,c2,1,none,standard_dns,1,/opt/praxis/pcaps/RQ7_CONFIRM_camouflaged_c2_p1_47.pcap,/opt/praxis/logs/RQ7_CONFIRM_camouflaged_c2_p1_47_browser.json,20513,54,26,28,0,10744,4977,15721,0.181752,34,0,0,0,1800,0,-1377,0,88,687,0,-263,0,-263,0,-582,0,-6,0,6,2052,random_forest,0.5319657838887297,1
RQ7_CONFIRM_camouflaged_c2_p1_48,camouflaged_c2_p1,camouflaged,c2,1,none,standard_dns,1,/opt/praxis/pcaps/RQ7_CONFIRM_camouflaged_c2_p1_48.pcap,/opt/praxis/logs/RQ7_CONFIRM_camouflaged_c2_p1_48_browser.json,20401,54,27,27,0,10640,4969,15609,0.190794,36,0,0,0,1800,0,-1377,0,88,687,0,-263,0,-263,0,-216,0,-374,0,-6,0,random_forest,0.7464641954455413,1
RQ7_CONFIRM_camouflaged_c2_p1_49,camouflaged_c2_p1,camouflaged,c2,1,none,standard_dns,1,/opt/praxis/pcaps/RQ7_CONFIRM_camouflaged_c2_p1_49.pcap,/opt/praxis/logs/RQ7_CONFIRM_camouflaged_c2_p1_49_browser.json,20465,54,27,27,0,10712,4961,15673,0.185285,32,0,0,0,1832,0,-1377,0,88,687,0,-263,0,-263,0,-216,0,-374,0,-6,0,random_forest,0.5396091985731082,1
RQ7_CONFIRM_camouflaged_c2_p1_50,camouflaged_c2_p1,camouflaged,c2,1,none,standard_dns,1,/opt/praxis/pcaps/RQ7_CONFIRM_camouflaged_c2_p1_50.pcap,/opt/praxis/logs/RQ7_CONFIRM_camouflaged_c2_p1_50_browser.json,20529,54,27,27,0,10776,4961,15737,0.181503,36,0,0,0,1832,0,-1377,0,88,687,0,-263,0,-263,0,-216,0,-374,0,-6,0,random_forest,0.7463124713076102,1
RQ7_CONFIRM_default_c2_p1_01,default_c2_p1,default,c2,1,none,standard_dns,1,/opt/praxis/pcaps/RQ7_CONFIRM_default_c2_p1_01.pcap,/opt/praxis/logs/RQ7_CONFIRM_default_c2_p1_01_browser.json,20310,54,27,27,0,10557,4961,15518,0.189242,38,0,0,0,1736,0,-1377,0,88,663,0,-263,0,-263,0,-216,0,-374,0,-6,0,random_forest,0.7246337416169099,1
RQ7_CONFIRM_default_c2_p1_02,default_c2_p1,default,c2,1,none,standard_dns,1,/opt/praxis/pcaps/RQ7_CONFIRM_default_c2_p1_02.pcap,/opt/praxis/logs/RQ7_CONFIRM_default_c2_p1_02_browser.json,20446,54,27,27,0,10685,4969,15654,0.189728,40,0,0,0,1768,0,-1377,0,88,663,0,-263,0,-263,0,-216,0,-374,0,-6,0,random_forest,0.7478872186341174,1
RQ7_CONFIRM_default_c2_p1_03,default_c2_p1,default,c2,1,none,standard_dns,1,/opt/praxis/pcaps/RQ7_CONFIRM_default_c2_p1_03.pcap,/opt/praxis/logs/RQ7_CONFIRM_default_c2_p1_03_browser.json,20030,52,26,26,0,10461,4953,15414,0.196199,34,0,0,0,1768,0,-1377,0,88,663,0,-263,0,-263,0,-582,0,-6,0,6,1988,random_forest,0.49912217927122937,0
RQ7_CONFIRM_default_c2_p1_04,default_c2_p1,default,c2,1,none,standard_dns,1,/opt/praxis/pcaps/RQ7_CONFIRM_default_c2_p1_04.pcap,/opt/praxis/logs/RQ7_CONFIRM_default_c2_p1_04_browser.json,20438,55,27,28,0,10589,4969,15558,0.190956,36,0,0,0,1768,0,-1377,0,88,663,0,-263,0,-263,0,-216,0,-374,0,-6,0,random_forest,0.7461872723686184,1
RQ7_CONFIRM_default_c2_p1_05,default_c2_p1,default,c2,1,none,standard_dns,1,/opt/praxis/pcaps/RQ7_CONFIRM_default_c2_p1_05.pcap,/opt/praxis/logs/RQ7_CONFIRM_default_c2_p1_05_browser.json,20254,52,26,26,0,10685,4953,15638,0.188936,34,0,0,0,1832,0,-1377,0,88,663,0,-263,0,-263,0,-582,0,-6,0,6,2052,random_forest,0.5296888608118066,1
RQ7_CONFIRM_default_c2_p1_06,default_c2_p1,default,c2,1,none,standard_dns,1,/opt/praxis/pcaps/RQ7_CONFIRM_default_c2_p1_06.pcap,/opt/praxis/logs/RQ7_CONFIRM_default_c2_p1_06_browser.json,20318,53,26,27,0,10645,4969,15614,0.192563,32,0,0,0,1800,0,-1377,0,88,663,0,-263,0,-263,0,-216,0,-374,0,-6,0,random_forest,0.5353322754961851,1
RQ7_CONFIRM_default_c2_p1_07,default_c2_p1,default,c2,1,none,standard_dns,1,/opt/praxis/pcaps/RQ7_CONFIRM_default_c2_p1_07.pcap,/opt/praxis/logs/RQ7_CONFIRM_default_c2_p1_07_browser.json,20222,52,26,26,0,10645,4961,15606,0.188237,32,0,0,0,1768,0,-1377,0,88,663,0,-263,0,-263,0,-216,0,-374,0,-6,0,random_forest,0.5333322754961851,1
RQ7_CONFIRM_default_c2_p1_08,default_c2_p1,default,c2,1,none,standard_dns,1,/opt/praxis/pcaps/RQ7_CONFIRM_default_c2_p1_08.pcap,/opt/praxis/logs/RQ7_CONFIRM_default_c2_p1_08_browser.json,20438,55,28,27,0,10589,4969,15558,0.187041,32,0,0,0,1800,0,-1377,0,88,663,0,-263,0,-263,0,-216,0,-374,0,-6,0,random_forest,0.543332275496185,1
RQ7_CONFIRM_default_c2_p1_09,default_c2_p1,default,c2,1,none,standard_dns,1,/opt/praxis/pcaps/RQ7_CONFIRM_default_c2_p1_09.pcap,/opt/praxis/logs/RQ7_CONFIRM_default_c2_p1_09_browser.json,20070,51,25,26,0,10581,4961,15542,0.188315,34,0,0,0,1832,0,-1377,0,88,663,0,-263,0,-263,0,-582,0,-6,0,6,1988,random_forest,0.5296888608118066,1
RQ7_CONFIRM_default_c2_p1_10,default_c2_p1,default,c2,1,none,standard_dns,1,/opt/praxis/pcaps/RQ7_CONFIRM_default_c2_p1_10.pcap,/opt/praxis/logs/RQ7_CONFIRM_default_c2_p1_10_browser.json,20502,55,28,27,0,10653,4969,15622,0.188032,38,0,0,0,1800,0,-1377,0,88,663,0,-263,0,-263,0,-216,0,-374,0,-6,0,random_forest,0.7501872723686184,1
RQ7_CONFIRM_default_c2_p1_11,default_c2_p1,default,c2,1,none,standard_dns,1,/opt/praxis/pcaps/RQ7_CONFIRM_default_c2_p1_11.pcap,/opt/praxis/logs/RQ7_CONFIRM_default_c2_p1_11_browser.json,20470,55,28,27,0,10621,4969,15590,0.193895,30,0,0,0,1832,0,-1377,0,88,663,0,-263,0,-263,0,-216,0,-374,0,-6,0,random_forest,0.543332275496185,1
RQ7_CONFIRM_default_c2_p1_12,default_c2_p1,default,c2,1,none,standard_dns,1,/opt/praxis/pcaps/RQ7_CONFIRM_default_c2_p1_12.pcap,/opt/praxis/logs/RQ7_CONFIRM_default_c2_p1_12_browser.json,20222,54,28,26,0,10461,4969,15430,0.186845,34,0,0,0,1800,0,-1377,0,88,663,0,-263,0,-263,0,-582,0,-6,0,6,1988,random_forest,0.5064874083817414,1
RQ7_CONFIRM_default_c2_p1_13,default_c2_p1,default,c2,1,none,standard_dns,1,/opt/praxis/pcaps/RQ7_CONFIRM_default_c2_p1_13.pcap,/opt/praxis/logs/RQ7_CONFIRM_default_c2_p1_13_browser.json,20502,56,28,28,0,10557,4977,15534,0.186977,34,0,0,0,1736,0,-1377,0,88,663,0,-263,0,-263,0,-216,0,-374,0,-6,0,random_forest,0.5237787447444767,1
RQ7_CONFIRM_default_c2_p1_14,default_c2_p1,default,c2,1,none,standard_dns,1,/opt/praxis/pcaps/RQ7_CONFIRM_default_c2_p1_14.pcap,/opt/praxis/logs/RQ7_CONFIRM_default_c2_p1_14_browser.json,20350,54,27,27,0,10589,4969,15558,0.190316,36,0,0,0,1768,0,-1377,0,88,663,0,-263,0,-263,0,-216,0,-374,0,-6,0,random_forest,0.7461872723686184,1
RQ7_CONFIRM_default_c2_p1_15,default_c2_p1,default,c2,1,none,standard_dns,1,/opt/praxis/pcaps/RQ7_CONFIRM_default_c2_p1_15.pcap,/opt/praxis/logs/RQ7_CONFIRM_default_c2_p1_15_browser.json,20158,53,26,27,0,10485,4969,15454,0.191367,36,0,0,0,1736,0,-1377,0,88,663,0,-263,0,-263,0,-216,0,-374,0,-6,0,random_forest,0.7196205908280412,1
RQ7_CONFIRM_default_c2_p1_16,default_c2_p1,default,c2,1,none,standard_dns,1,/opt/praxis/pcaps/RQ7_CONFIRM_default_c2_p1_16.pcap,/opt/praxis/logs/RQ7_CONFIRM_default_c2_p1_16_browser.json,20390,54,27,27,0,10621,4977,15598,0.190135,36,0,0,0,1736,0,-1377,0,88,663,0,-263,0,-263,0,-216,0,-374,0,-6,0,random_forest,0.7461872723686184,1
RQ7_CONFIRM_default_c2_p1_17,default_c2_p1,default,c2,1,none,standard_dns,1,/opt/praxis/pcaps/RQ7_CONFIRM_default_c2_p1_17.pcap,/opt/praxis/logs/RQ7_CONFIRM_default_c2_p1_17_browser.json,20342,55,27,28,0,10493,4969,15462,0.18957,32,0,0,0,1736,0,-1377,0,88,663,0,-263,0,-263,0,-216,0,-374,0,-6,0,random_forest,0.516765593955608,1
RQ7_CONFIRM_default_c2_p1_18,default_c2_p1,default,c2,1,none,standard_dns,1,/opt/praxis/pcaps/RQ7_CONFIRM_default_c2_p1_18.pcap,/opt/praxis/logs/RQ7_CONFIRM_default_c2_p1_18_browser.json,20374,54,27,27,0,10621,4961,15582,0.190205,34,0,0,0,1832,0,-1377,0,88,663,0,-263,0,-263,0,-216,0,-374,0,-6,0,random_forest,0.5393322754961851,1
RQ7_CONFIRM_default_c2_p1_19,default_c2_p1,default,c2,1,none,standard_dns,1,/opt/praxis/pcaps/RQ7_CONFIRM_default_c2_p1_19.pcap,/opt/praxis/logs/RQ7_CONFIRM_default_c2_p1_19_browser.json,20438,54,27,27,0,10685,4961,15646,0.183457,30,0,0,0,1800,0,-1377,0,88,663,0,-263,0,-263,0,-216,0,-374,0,-6,0,random_forest,0.5393322754961851,1
RQ7_CONFIRM_default_c2_p1_20,default_c2_p1,default,c2,1,none,standard_dns,1,/opt/praxis/pcaps/RQ7_CONFIRM_default_c2_p1_20.pcap,/opt/praxis/logs/RQ7_CONFIRM_default_c2_p1_20_browser.json,20310,54,27,27,0,10557,4961,15518,0.188362,32,0,0,0,1832,0,-1377,0,88,663,0,-263,0,-263,0,-216,0,-374,0,-6,0,random_forest,0.5177787447444767,1
RQ7_CONFIRM_default_c2_p1_21,default_c2_p1,default,c2,1,none,standard_dns,1,/opt/praxis/pcaps/RQ7_CONFIRM_default_c2_p1_21.pcap,/opt/praxis/logs/RQ7_CONFIRM_default_c2_p1_21_browser.json,20158,52,26,26,0,10589,4953,15542,0.189295,30,0,0,0,1800,0,-1377,0,88,663,0,-263,0,-263,0,-582,0,-6,0,6,2020,random_forest,0.5296888608118066,1
RQ7_CONFIRM_default_c2_p1_22,default_c2_p1,default,c2,1,none,standard_dns,1,/opt/praxis/pcaps/RQ7_CONFIRM_default_c2_p1_22.pcap,/opt/praxis/logs/RQ7_CONFIRM_default_c2_p1_22_browser.json,20134,52,26,26,0,10557,4961,15518,0.183099,32,0,0,0,1736,0,-1377,0,88,663,0,-263,0,-263,0,-582,0,-6,0,6,2052,random_forest,0.5081353300600981,1
RQ7_CONFIRM_default_c2_p1_23,default_c2_p1,default,c2,1,none,standard_dns,1,/opt/praxis/pcaps/RQ7_CONFIRM_default_c2_p1_23.pcap,/opt/praxis/logs/RQ7_CONFIRM_default_c2_p1_23_browser.json,20462,56,28,28,0,10525,4969,15494,0.182594,34,0,0,0,1736,0,-1377,0,88,663,0,-263,0,-263,0,-216,0,-374,0,-6,0,random_forest,0.52213082306612,1
RQ7_CONFIRM_default_c2_p1_24,default_c2_p1,default,c2,1,none,standard_dns,1,/opt/praxis/pcaps/RQ7_CONFIRM_default_c2_p1_24.pcap,/opt/praxis/logs/RQ7_CONFIRM_default_c2_p1_24_browser.json,20214,54,27,27,0,10453,4969,15422,0.183381,36,0,0,0,1736,0,-1377,0,88,663,0,-263,0,-263,0,-216,0,-374,0,-6,0,random_forest,0.7156205908280412,1
RQ7_CONFIRM_default_c2_p1_25,default_c2_p1,default,c2,1,none,standard_dns,1,/opt/praxis/pcaps/RQ7_CONFIRM_default_c2_p1_25.pcap,/opt/praxis/logs/RQ7_CONFIRM_default_c2_p1_25_browser.json,20534,56,27,29,0,10589,4977,15566,0.190506,32,0,0,0,1800,0,-1377,0,88,663,0,-263,0,-263,0,-216,0,-374,0,-6,0,random_forest,0.5413322754961851,1
RQ7_CONFIRM_default_c2_p1_26,default_c2_p1,default,c2,1,none,standard_dns,1,/opt/praxis/pcaps/RQ7_CONFIRM_default_c2_p1_26.pcap,/opt/praxis/logs/RQ7_CONFIRM_default_c2_p1_26_browser.json,20310,54,27,27,0,10557,4961,15518,0.194178,34,0,0,0,1736,0,-1377,0,88,663,0,-263,0,-263,0,-216,0,-374,0,-6,0,random_forest,0.5177787447444767,1
RQ7_CONFIRM_default_c2_p1_27,default_c2_p1,default,c2,1,none,standard_dns,1,/opt/praxis/pcaps/RQ7_CONFIRM_default_c2_p1_27.pcap,/opt/praxis/logs/RQ7_CONFIRM_default_c2_p1_27_browser.json,20406,54,27,27,0,10653,4961,15614,0.189932,30,0,0,0,1736,0,-1377,0,88,663,0,-263,0,-263,0,-216,0,-374,0,-6,0,random_forest,0.5393322754961851,1
RQ7_CONFIRM_default_c2_p1_28,default_c2_p1,default,c2,1,none,standard_dns,1,/opt/praxis/pcaps/RQ7_CONFIRM_default_c2_p1_28.pcap,/opt/praxis/logs/RQ7_CONFIRM_default_c2_p1_28_browser.json,20622,57,28,29,0,10589,4977,15566,0.188902,36,0,0,0,1800,0,-1377,0,88,663,0,-263,0,-263,0,-216,0,-374,0,-6,0,random_forest,0.7561872723686183,1
RQ7_CONFIRM_default_c2_p1_29,default_c2_p1,default,c2,1,none,standard_dns,1,/opt/praxis/pcaps/RQ7_CONFIRM_default_c2_p1_29.pcap,/opt/praxis/logs/RQ7_CONFIRM_default_c2_p1_29_browser.json,20350,53,26,27,0,10677,4969,15646,0.190608,40,0,0,0,1768,0,-1377,0,88,663,0,-263,0,-263,0,-216,0,-374,0,-6,0,random_forest,0.7438872186341174,1
RQ7_CONFIRM_default_c2_p1_30,default_c2_p1,default,c2,1,none,standard_dns,1,/opt/praxis/pcaps/RQ7_CONFIRM_default_c2_p1_30.pcap,/opt/praxis/logs/RQ7_CONFIRM_default_c2_p1_30_browser.json,20342,54,27,27,0,10589,4961,15550,0.193628,32,0,0,0,1768,0,-1377,0,88,663,0,-263,0,-263,0,-216,0,-374,-6,0,0,random_forest,0.5359828779058237,1
RQ7_CONFIRM_default_c2_p1_31,default_c2_p1,default,c2,1,none,standard_dns,1,/opt/praxis/pcaps/RQ7_CONFIRM_default_c2_p1_31.pcap,/opt/praxis/logs/RQ7_CONFIRM_default_c2_p1_31_browser.json,20318,55,28,27,0,10461,4977,15438,0.186683,34,0,0,0,1768,0,-1377,0,88,663,0,-263,0,-263,0,-216,0,-374,0,-6,0,random_forest,0.51213082306612,1
RQ7_CONFIRM_default_c2_p1_32,default_c2_p1,default,c2,1,none,standard_dns,1,/opt/praxis/pcaps/RQ7_CONFIRM_default_c2_p1_32.pcap,/opt/praxis/logs/RQ7_CONFIRM_default_c2_p1_32_browser.json,20630,56,28,28,0,10685,4977,15662,0.186946,32,0,0,0,1768,0,-1377,0,88,663,0,-263,0,-263,0,-216,0,-374,-6,0,0,random_forest,0.5439828779058237,1
RQ7_CONFIRM_default_c2_p1_33,default_c2_p1,default,c2,1,none,standard_dns,1,/opt/praxis/pcaps/RQ7_CONFIRM_default_c2_p1_33.pcap,/opt/praxis/logs/RQ7_CONFIRM_default_c2_p1_33_browser.json,20134,52,26,26,0,10549,4969,15518,0.190991,34,0,0,0,1768,0,-1377,0,88,663,0,-263,0,-263,0,-216,0,-374,-6,0,0,random_forest,0.5084293471541153,1
RQ7_CONFIRM_default_c2_p1_34,default_c2_p1,default,c2,1,none,standard_dns,1,/opt/praxis/pcaps/RQ7_CONFIRM_default_c2_p1_34.pcap,/opt/praxis/logs/RQ7_CONFIRM_default_c2_p1_34_browser.json,20566,55,28,27,0,10717,4969,15686,0.188795,34,0,0,0,1832,0,-1377,0,88,663,0,-263,0,-263,0,-216,0,-374,0,-6,0,random_forest,0.543332275496185,1
RQ7_CONFIRM_default_c2_p1_35,default_c2_p1,default,c2,1,none,standard_dns,1,/opt/praxis/pcaps/RQ7_CONFIRM_default_c2_p1_35.pcap,/opt/praxis/logs/RQ7_CONFIRM_default_c2_p1_35_browser.json,20342,54,27,27,0,10589,4961,15550,0.1877,34,0,0,0,1800,0,-1377,0,88,663,0,-263,0,-263,0,-216,0,-374,0,-6,0,random_forest,0.5393322754961851,1
RQ7_CONFIRM_default_c2_p1_36,default_c2_p1,default,c2,1,none,standard_dns,1,/opt/praxis/pcaps/RQ7_CONFIRM_default_c2_p1_36.pcap,/opt/praxis/logs/RQ7_CONFIRM_default_c2_p1_36_browser.json,19878,50,25,25,0,10485,4953,15438,0.184509,32,0,0,0,1768,0,-1377,0,88,663,0,-263,0,-263,0,-582,0,-6,0,6,1988,random_forest,0.5031221792712294,1
RQ7_CONFIRM_default_c2_p1_37,default_c2_p1,default,c2,1,none,standard_dns,1,/opt/praxis/pcaps/RQ7_CONFIRM_default_c2_p1_37.pcap,/opt/praxis/logs/RQ7_CONFIRM_default_c2_p1_37_browser.json,20494,56,28,28,0,10557,4969,15526,0.190411,34,0,0,0,1768,0,-1377,0,88,663,0,-263,0,-263,0,-216,0,-374,0,-6,0,random_forest,0.5237787447444767,1
RQ7_CONFIRM_default_c2_p1_38,default_c2_p1,default,c2,1,none,standard_dns,1,/opt/praxis/pcaps/RQ7_CONFIRM_default_c2_p1_38.pcap,/opt/praxis/logs/RQ7_CONFIRM_default_c2_p1_38_browser.json,20230,52,25,27,0,10645,4969,15614,0.181452,34,0,0,0,1768,0,-1377,0,88,663,0,-263,0,-263,0,-582,0,-6,0,6,2052,random_forest,0.5316888608118066,1
RQ7_CONFIRM_default_c2_p1_39,default_c2_p1,default,c2,1,none,standard_dns,1,/opt/praxis/pcaps/RQ7_CONFIRM_default_c2_p1_39.pcap,/opt/praxis/logs/RQ7_CONFIRM_default_c2_p1_39_browser.json,20470,54,27,27,0,10717,4961,15678,0.191269,30,0,0,0,1768,0,-1377,0,88,663,0,-263,0,-263,0,-582,0,-6,0,6,2084,random_forest,0.5356888608118066,1
RQ7_CONFIRM_default_c2_p1_40,default_c2_p1,default,c2,1,none,standard_dns,1,/opt/praxis/pcaps/RQ7_CONFIRM_default_c2_p1_40.pcap,/opt/praxis/logs/RQ7_CONFIRM_default_c2_p1_40_browser.json,20310,54,27,27,0,10557,4961,15518,0.18514,30,0,0,0,1800,0,-1377,0,88,663,0,-263,0,-263,0,-216,0,-374,0,-6,0,random_forest,0.5177787447444767,1
RQ7_CONFIRM_default_c2_p1_41,default_c2_p1,default,c2,1,none,standard_dns,1,/opt/praxis/pcaps/RQ7_CONFIRM_default_c2_p1_41.pcap,/opt/praxis/logs/RQ7_CONFIRM_default_c2_p1_41_browser.json,20254,54,27,27,0,10493,4969,15462,0.186114,34,0,0,0,1736,0,-1377,0,88,663,0,-263,0,-263,0,-216,0,-374,0,-6,0,random_forest,0.516765593955608,1
RQ7_CONFIRM_default_c2_p1_42,default_c2_p1,default,c2,1,none,standard_dns,1,/opt/praxis/pcaps/RQ7_CONFIRM_default_c2_p1_42.pcap,/opt/praxis/logs/RQ7_CONFIRM_default_c2_p1_42_browser.json,20374,54,27,27,0,10621,4961,15582,0.187359,34,0,0,0,1800,0,-1377,0,88,663,0,-263,0,-263,0,-216,0,-374,0,-6,0,random_forest,0.5393322754961851,1
RQ7_CONFIRM_default_c2_p1_43,default_c2_p1,default,c2,1,none,standard_dns,1,/opt/praxis/pcaps/RQ7_CONFIRM_default_c2_p1_43.pcap,/opt/praxis/logs/RQ7_CONFIRM_default_c2_p1_43_browser.json,20470,56,28,28,0,10525,4977,15502,0.182789,36,0,0,0,1736,0,-1377,0,88,663,0,-263,0,-263,0,-216,0,-374,0,-6,0,random_forest,0.7289858199385533,1
RQ7_CONFIRM_default_c2_p1_44,default_c2_p1,default,c2,1,none,standard_dns,1,/opt/praxis/pcaps/RQ7_CONFIRM_default_c2_p1_44.pcap,/opt/praxis/logs/RQ7_CONFIRM_default_c2_p1_44_browser.json,20294,52,26,26,0,10717,4961,15678,0.185416,38,0,0,0,1800,0,-1377,0,88,663,0,-263,0,-263,0,-582,0,-6,0,6,2084,random_forest,0.7362482947923005,1
RQ7_CONFIRM_default_c2_p1_45,default_c2_p1,default,c2,1,none,standard_dns,1,/opt/praxis/pcaps/RQ7_CONFIRM_default_c2_p1_45.pcap,/opt/praxis/logs/RQ7_CONFIRM_default_c2_p1_45_browser.json,20030,52,26,26,0,10453,4961,15414,0.194644,34,0,0,0,1800,0,-1377,0,88,663,0,-263,0,-263,0,-216,0,-374,0,-6,0,random_forest,0.5027655939556078,1
RQ7_CONFIRM_default_c2_p1_46,default_c2_p1,default,c2,1,none,standard_dns,1,/opt/praxis/pcaps/RQ7_CONFIRM_default_c2_p1_46.pcap,/opt/praxis/logs/RQ7_CONFIRM_default_c2_p1_46_browser.json,20310,54,27,27,0,10557,4961,15518,0.183835,34,0,0,0,1736,0,-1377,0,88,663,0,-263,0,-263,0,-582,0,-6,0,6,2052,random_forest,0.5141353300600983,1
RQ7_CONFIRM_default_c2_p1_47,default_c2_p1,default,c2,1,none,standard_dns,1,/opt/praxis/pcaps/RQ7_CONFIRM_default_c2_p1_47.pcap,/opt/praxis/logs/RQ7_CONFIRM_default_c2_p1_47_browser.json,20222,52,26,26,0,10653,4953,15606,0.192541,34,0,0,0,1736,0,-1377,0,88,663,0,-263,0,-263,0,-582,0,-6,0,6,2052,random_forest,0.5296888608118066,1
RQ7_CONFIRM_default_c2_p1_48,default_c2_p1,default,c2,1,none,standard_dns,1,/opt/praxis/pcaps/RQ7_CONFIRM_default_c2_p1_48.pcap,/opt/praxis/logs/RQ7_CONFIRM_default_c2_p1_48_browser.json,20254,54,27,27,0,10493,4969,15462,0.182903,32,0,0,0,1800,0,-1377,0,88,663,0,-263,0,-263,0,-216,0,-374,0,-6,0,random_forest,0.516765593955608,1
RQ7_CONFIRM_default_c2_p1_49,default_c2_p1,default,c2,1,none,standard_dns,1,/opt/praxis/pcaps/RQ7_CONFIRM_default_c2_p1_49.pcap,/opt/praxis/logs/RQ7_CONFIRM_default_c2_p1_49_browser.json,20230,53,26,27,0,10557,4969,15526,0.188622,38,0,0,0,1800,0,-1377,0,88,663,0,-263,0,-263,0,-582,0,-6,0,6,2020,random_forest,0.716846488178523,1
RQ7_CONFIRM_default_c2_p1_50,default_c2_p1,default,c2,1,none,standard_dns,1,/opt/praxis/pcaps/RQ7_CONFIRM_default_c2_p1_50.pcap,/opt/praxis/logs/RQ7_CONFIRM_default_c2_p1_50_browser.json,20126,52,26,26,0,10557,4953,15510,0.182422,30,0,0,0,1800,0,-1377,0,88,663,0,-263,0,-263,0,-582,0,-6,0,6,2084,random_forest,0.5081353300600981,1
RQ7_CONFIRM_baseline_default_off_01,baseline_default_off,default,off,1,none,standard_dns,1,/opt/praxis/pcaps/RQ7_CONFIRM_baseline_default_off_01.pcap,/opt/praxis/logs/RQ7_CONFIRM_baseline_default_off_01_browser.json,21665,70,36,34,0,10586,4831,15417,1.141853,44,0,0,0,1759,0,-1369,0,80,655,0,-255,0,-255,0,-208,0,-366,0,0,0,extra_trees,0.9967035488011525,1
RQ7_CONFIRM_baseline_default_off_02,baseline_default_off,default,off,1,none,standard_dns,1,/opt/praxis/pcaps/RQ7_CONFIRM_baseline_default_off_02.pcap,/opt/praxis/logs/RQ7_CONFIRM_baseline_default_off_02_browser.json,21417,69,35,34,0,10426,4831,15257,1.139745,44,0,0,0,1759,0,-1369,0,80,655,0,-255,0,-255,0,-208,0,-366,0,0,0,extra_trees,0.9942615065354841,1
RQ7_CONFIRM_baseline_default_off_03,baseline_default_off,default,off,1,none,standard_dns,1,/opt/praxis/pcaps/RQ7_CONFIRM_baseline_default_off_03.pcap,/opt/praxis/logs/RQ7_CONFIRM_baseline_default_off_03_browser.json,21521,68,35,33,0,10618,4831,15449,1.139794,42,0,0,0,1823,0,-1369,0,80,655,0,-255,0,-255,0,-574,0,0,0,0,0,extra_trees,0.9949520539365098,1
RQ7_CONFIRM_baseline_default_off_04,baseline_default_off,default,off,1,none,standard_dns,1,/opt/praxis/pcaps/RQ7_CONFIRM_baseline_default_off_04.pcap,/opt/praxis/logs/RQ7_CONFIRM_baseline_default_off_04_browser.json,21337,67,34,33,0,10522,4831,15353,1.145909,40,0,0,0,1823,0,-1369,0,80,655,0,-255,0,-255,0,-208,-366,0,0,0,0,extra_trees,0.9907078178366756,1
RQ7_CONFIRM_baseline_default_off_05,baseline_default_off,default,off,1,none,standard_dns,1,/opt/praxis/pcaps/RQ7_CONFIRM_baseline_default_off_05.pcap,/opt/praxis/logs/RQ7_CONFIRM_baseline_default_off_05_browser.json,21369,67,34,33,0,10554,4831,15385,1.147163,44,0,0,0,1727,0,-1369,0,80,655,0,-255,0,-255,0,-574,0,0,0,0,2062,extra_trees,0.9951501482939344,1
RQ7_CONFIRM_baseline_default_off_06,baseline_default_off,default,off,1,none,standard_dns,1,/opt/praxis/pcaps/RQ7_CONFIRM_baseline_default_off_06.pcap,/opt/praxis/logs/RQ7_CONFIRM_baseline_default_off_06_browser.json,21385,69,35,34,0,10394,4831,15225,1.142792,44,0,0,0,1727,0,-1369,0,80,655,0,-255,0,-255,0,-208,0,-366,0,0,0,extra_trees,0.9940984369911194,1
RQ7_CONFIRM_baseline_default_off_07,baseline_default_off,default,off,1,none,standard_dns,1,/opt/praxis/pcaps/RQ7_CONFIRM_baseline_default_off_07.pcap,/opt/praxis/logs/RQ7_CONFIRM_baseline_default_off_07_browser.json,21305,67,34,33,0,10490,4831,15321,1.144525,38,0,0,0,1791,0,-1369,0,80,655,0,-255,0,-255,0,-574,0,0,0,0,0,extra_trees,0.9852044167875453,1
RQ7_CONFIRM_baseline_default_off_08,baseline_default_off,default,off,1,none,standard_dns,1,/opt/praxis/pcaps/RQ7_CONFIRM_baseline_default_off_08.pcap,/opt/praxis/logs/RQ7_CONFIRM_baseline_default_off_08_browser.json,21209,67,34,33,0,10394,4831,15225,1.144064,42,0,0,0,1727,0,-1369,0,80,655,0,-255,0,-255,0,-574,0,0,0,0,2030,extra_trees,0.9924880223660022,1
RQ7_CONFIRM_baseline_default_off_09,baseline_default_off,default,off,1,none,standard_dns,1,/opt/praxis/pcaps/RQ7_CONFIRM_baseline_default_off_09.pcap,/opt/praxis/logs/RQ7_CONFIRM_baseline_default_off_09_browser.json,21369,67,34,33,0,10554,4831,15385,1.146044,42,0,0,0,1759,0,-1369,0,80,655,0,-255,0,-255,0,-208,-366,0,0,0,0,extra_trees,0.9914110074364337,1
RQ7_CONFIRM_baseline_default_off_10,baseline_default_off,default,off,1,none,standard_dns,1,/opt/praxis/pcaps/RQ7_CONFIRM_baseline_default_off_10.pcap,/opt/praxis/logs/RQ7_CONFIRM_baseline_default_off_10_browser.json,21569,70,36,34,0,10490,4831,15321,1.141708,46,0,0,0,1759,0,-1369,0,80,655,0,-255,0,-255,0,-208,0,-366,0,0,0,extra_trees,0.9962667949045642,1
RQ7_CONFIRM_baseline_default_off_11,baseline_default_off,default,off,1,none,standard_dns,1,/opt/praxis/pcaps/RQ7_CONFIRM_baseline_default_off_11.pcap,/opt/praxis/logs/RQ7_CONFIRM_baseline_default_off_11_browser.json,21609,69,35,34,0,10618,4831,15449,1.139084,44,0,0,0,1791,0,-1369,0,80,655,0,-255,0,-255,0,-208,0,-366,0,0,0,extra_trees,0.9968163890267931,1
RQ7_CONFIRM_baseline_default_off_12,baseline_default_off,default,off,1,none,standard_dns,1,/opt/praxis/pcaps/RQ7_CONFIRM_baseline_default_off_12.pcap,/opt/praxis/logs/RQ7_CONFIRM_baseline_default_off_12_browser.json,21937,72,37,35,0,10682,4831,15513,1.144409,42,0,0,0,1823,0,-1369,0,80,655,0,-255,0,-255,0,-208,0,-366,0,0,0,extra_trees,0.9966776320425762,1
RQ7_CONFIRM_baseline_default_off_13,baseline_default_off,default,off,1,none,standard_dns,1,/opt/praxis/pcaps/RQ7_CONFIRM_baseline_default_off_13.pcap,/opt/praxis/logs/RQ7_CONFIRM_baseline_default_off_13_browser.json,21545,69,35,34,0,10554,4831,15385,1.14453,44,0,0,0,1759,0,-1369,0,80,655,0,-255,0,-255,0,-208,0,-366,0,0,0,extra_trees,0.9967689692220512,1
RQ7_CONFIRM_baseline_default_off_14,baseline_default_off,default,off,1,none,standard_dns,1,/opt/praxis/pcaps/RQ7_CONFIRM_baseline_default_off_14.pcap,/opt/praxis/logs/RQ7_CONFIRM_baseline_default_off_14_browser.json,21633,70,36,34,0,10554,4831,15385,1.143213,44,0,0,0,1791,0,-1369,0,80,655,0,-255,0,-255,0,-208,0,-366,0,0,0,extra_trees,0.9967509686058945,1
RQ7_CONFIRM_baseline_default_off_15,baseline_default_off,default,off,1,none,standard_dns,1,/opt/praxis/pcaps/RQ7_CONFIRM_baseline_default_off_15.pcap,/opt/praxis/logs/RQ7_CONFIRM_baseline_default_off_15_browser.json,21665,70,36,34,0,10586,4831,15417,1.142199,44,0,0,0,1823,0,-1369,0,80,655,0,-255,0,-255,0,-208,0,-366,0,0,0,extra_trees,0.9967670290688138,1
RQ7_CONFIRM_baseline_default_off_16,baseline_default_off,default,off,1,none,standard_dns,1,/opt/praxis/pcaps/RQ7_CONFIRM_baseline_default_off_16.pcap,/opt/praxis/logs/RQ7_CONFIRM_baseline_default_off_16_browser.json,21305,67,34,33,0,10490,4831,15321,1.14148,42,0,0,0,1791,0,-1369,0,80,655,0,-255,0,-255,0,-574,0,0,0,0,1998,extra_trees,0.9946510919103667,1
RQ7_CONFIRM_baseline_default_off_17,baseline_default_off,default,off,1,none,standard_dns,1,/opt/praxis/pcaps/RQ7_CONFIRM_baseline_default_off_17.pcap,/opt/praxis/logs/RQ7_CONFIRM_baseline_default_off_17_browser.json,21577,69,35,34,0,10586,4831,15417,1.141105,44,0,0,0,1791,0,-1369,0,80,655,0,-255,0,-255,0,-208,0,-366,0,0,0,extra_trees,0.9968163890267931,1
RQ7_CONFIRM_baseline_default_off_18,baseline_default_off,default,off,1,none,standard_dns,1,/opt/praxis/pcaps/RQ7_CONFIRM_baseline_default_off_18.pcap,/opt/praxis/logs/RQ7_CONFIRM_baseline_default_off_18_browser.json,21625,71,37,34,0,10458,4831,15289,1.142971,42,0,0,0,1823,0,-1369,0,80,655,0,-255,0,-255,0,-208,0,-366,0,0,0,extra_trees,0.9941701693560091,1
RQ7_CONFIRM_baseline_default_off_19,baseline_default_off,default,off,1,none,standard_dns,1,/opt/praxis/pcaps/RQ7_CONFIRM_baseline_default_off_19.pcap,/opt/praxis/logs/RQ7_CONFIRM_baseline_default_off_19_browser.json,21481,69,35,34,0,10490,4831,15321,1.143154,44,0,0,0,1727,0,-1369,0,80,655,0,-255,0,-255,0,-208,0,-366,0,0,0,extra_trees,0.9960984369911194,1
RQ7_CONFIRM_baseline_default_off_20,baseline_default_off,default,off,1,none,standard_dns,1,/opt/praxis/pcaps/RQ7_CONFIRM_baseline_default_off_20.pcap,/opt/praxis/logs/RQ7_CONFIRM_baseline_default_off_20_browser.json,21545,69,35,34,0,10554,4831,15385,1.141477,44,0,0,0,1823,0,-1369,0,80,655,0,-255,0,-255,0,-208,0,-366,0,0,0,extra_trees,0.9968324494897123,1
RQ7_CONFIRM_baseline_default_off_21,baseline_default_off,default,off,1,none,standard_dns,1,/opt/praxis/pcaps/RQ7_CONFIRM_baseline_default_off_21.pcap,/opt/praxis/logs/RQ7_CONFIRM_baseline_default_off_21_browser.json,21449,69,35,34,0,10458,4831,15289,1.14448,42,0,0,0,1759,0,-1369,0,80,655,0,-255,0,-255,0,-208,0,-366,0,0,0,extra_trees,0.9942222897264267,1
RQ7_CONFIRM_baseline_default_off_22,baseline_default_off,default,off,1,none,standard_dns,1,/opt/praxis/pcaps/RQ7_CONFIRM_baseline_default_off_22.pcap,/opt/praxis/logs/RQ7_CONFIRM_baseline_default_off_22_browser.json,21569,70,36,34,0,10490,4831,15321,1.139051,42,0,0,0,1759,0,-1369,0,80,655,0,-255,0,-255,0,-208,0,-366,0,0,0,extra_trees,0.9961568693055279,1
RQ7_CONFIRM_baseline_default_off_23,baseline_default_off,default,off,1,none,standard_dns,1,/opt/praxis/pcaps/RQ7_CONFIRM_baseline_default_off_23.pcap,/opt/praxis/logs/RQ7_CONFIRM_baseline_default_off_23_browser.json,21545,69,35,34,0,10554,4831,15385,1.141934,42,0,0,0,1727,0,-1369,0,80,655,0,-255,0,-255,0,-208,0,-366,0,0,0,extra_trees,0.9965666828686292,1
RQ7_CONFIRM_baseline_default_off_24,baseline_default_off,default,off,1,none,standard_dns,1,/opt/praxis/pcaps/RQ7_CONFIRM_baseline_default_off_24.pcap,/opt/praxis/logs/RQ7_CONFIRM_baseline_default_off_24_browser.json,21209,67,34,33,0,10394,4831,15225,1.144279,42,0,0,0,1791,0,-1369,0,80,655,0,-255,0,-255,0,-208,0,-366,0,0,0,extra_trees,0.9939532639926397,1
RQ7_CONFIRM_baseline_default_off_25,baseline_default_off,default,off,1,none,standard_dns,1,/opt/praxis/pcaps/RQ7_CONFIRM_baseline_default_off_25.pcap,/opt/praxis/logs/RQ7_CONFIRM_baseline_default_off_25_browser.json,21577,69,35,34,0,10586,4831,15417,1.144272,46,0,0,0,1823,0,-1369,0,80,655,0,-255,0,-255,0,-208,0,-366,0,0,0,extra_trees,0.9969031582796911,1
RQ7_CONFIRM_baseline_default_off_26,baseline_default_off,default,off,1,none,standard_dns,1,/opt/praxis/pcaps/RQ7_CONFIRM_baseline_default_off_26.pcap,/opt/praxis/logs/RQ7_CONFIRM_baseline_default_off_26_browser.json,21545,69,36,33,0,10554,4831,15385,1.146769,46,0,0,0,1759,0,-1369,0,80,655,0,-255,0,-255,0,-574,0,0,0,0,2094,extra_trees,0.9951660332301171,1
RQ7_CONFIRM_baseline_default_off_27,baseline_default_off,default,off,1,none,standard_dns,1,/opt/praxis/pcaps/RQ7_CONFIRM_baseline_default_off_27.pcap,/opt/praxis/logs/RQ7_CONFIRM_baseline_default_off_27_browser.json,21593,71,36,35,0,10426,4831,15257,1.140293,42,0,0,0,1727,0,-1369,0,80,655,0,-255,0,-255,0,-208,0,-366,0,0,0,extra_trees,0.9939937997611633,1
RQ7_CONFIRM_baseline_default_off_28,baseline_default_off,default,off,1,none,standard_dns,1,/opt/praxis/pcaps/RQ7_CONFIRM_baseline_default_off_28.pcap,/opt/praxis/logs/RQ7_CONFIRM_baseline_default_off_28_browser.json,21513,69,35,34,0,10522,4831,15353,1.141719,44,0,0,0,1791,0,-1369,0,80,655,0,-255,0,-255,0,-208,0,-366,0,0,0,extra_trees,0.9963089263402259,1
RQ7_CONFIRM_baseline_default_off_29,baseline_default_off,default,off,1,none,standard_dns,1,/opt/praxis/pcaps/RQ7_CONFIRM_baseline_default_off_29.pcap,/opt/praxis/logs/RQ7_CONFIRM_baseline_default_off_29_browser.json,21665,70,36,34,0,10586,4831,15417,1.145373,42,0,0,0,1823,0,-1369,0,80,655,0,-255,0,-255,0,-208,0,-366,0,0,0,extra_trees,0.9966803924550143,1
RQ7_CONFIRM_baseline_default_off_30,baseline_default_off,default,off,1,none,standard_dns,1,/opt/praxis/pcaps/RQ7_CONFIRM_baseline_default_off_30.pcap,/opt/praxis/logs/RQ7_CONFIRM_baseline_default_off_30_browser.json,21273,67,34,33,0,10458,4831,15289,1.141588,44,0,0,0,1727,0,-1369,0,80,655,0,-255,0,-255,0,-208,0,-366,0,0,0,extra_trees,0.9938294112573325,1
RQ7_CONFIRM_baseline_default_off_31,baseline_default_off,default,off,1,none,standard_dns,1,/opt/praxis/pcaps/RQ7_CONFIRM_baseline_default_off_31.pcap,/opt/praxis/logs/RQ7_CONFIRM_baseline_default_off_31_browser.json,21433,67,34,33,0,10618,4831,15449,1.142839,44,0,0,0,1791,0,-1369,0,80,655,0,-255,0,-255,0,-208,0,-366,0,0,0,extra_trees,0.9965473632930061,1
RQ7_CONFIRM_baseline_default_off_32,baseline_default_off,default,off,1,none,standard_dns,1,/opt/praxis/pcaps/RQ7_CONFIRM_baseline_default_off_32.pcap,/opt/praxis/logs/RQ7_CONFIRM_baseline_default_off_32_browser.json,21577,69,35,34,0,10586,4831,15417,1.146946,40,0,0,0,1791,0,-1369,0,80,655,0,-255,0,-255,0,-574,0,0,0,0,2030,extra_trees,0.994965922431694,1
RQ7_CONFIRM_baseline_default_off_33,baseline_default_off,default,off,1,none,standard_dns,1,/opt/praxis/pcaps/RQ7_CONFIRM_baseline_default_off_33.pcap,/opt/praxis/logs/RQ7_CONFIRM_baseline_default_off_33_browser.json,21425,68,35,33,0,10522,4831,15353,1.146236,42,0,0,0,1823,0,-1369,0,80,655,0,-255,0,-255,0,-574,0,0,0,0,1998,extra_trees,0.9945466657613111,1
RQ7_CONFIRM_baseline_default_off_34,baseline_default_off,default,off,1,none,standard_dns,1,/opt/praxis/pcaps/RQ7_CONFIRM_baseline_default_off_34.pcap,/opt/praxis/logs/RQ7_CONFIRM_baseline_default_off_34_browser.json,21649,72,36,36,0,10394,4831,15225,1.14966,44,0,0,0,1727,0,-1369,0,80,655,0,-255,0,-255,0,-208,0,-366,0,0,0,extra_trees,0.9940394406676907,1
RQ7_CONFIRM_baseline_default_off_35,baseline_default_off,default,off,1,none,standard_dns,1,/opt/praxis/pcaps/RQ7_CONFIRM_baseline_default_off_35.pcap,/opt/praxis/logs/RQ7_CONFIRM_baseline_default_off_35_browser.json,21305,67,34,33,0,10490,4831,15321,1.142591,44,0,0,0,1759,0,-1369,0,80,655,0,-255,0,-255,0,-208,0,-366,0,0,0,extra_trees,0.9959924808016971,1
RQ7_CONFIRM_baseline_default_off_36,baseline_default_off,default,off,1,none,standard_dns,1,/opt/praxis/pcaps/RQ7_CONFIRM_baseline_default_off_36.pcap,/opt/praxis/logs/RQ7_CONFIRM_baseline_default_off_36_browser.json,21545,69,35,34,0,10554,4831,15385,1.144784,40,0,0,0,1727,0,-1369,0,80,655,0,-255,0,-255,0,-574,0,0,0,0,2062,extra_trees,0.9948028528873294,1
RQ7_CONFIRM_baseline_default_off_37,baseline_default_off,default,off,1,none,standard_dns,1,/opt/praxis/pcaps/RQ7_CONFIRM_baseline_default_off_37.pcap,/opt/praxis/logs/RQ7_CONFIRM_baseline_default_off_37_browser.json,21537,70,36,34,0,10458,4831,15289,1.140335,44,0,0,0,1759,0,-1369,0,80,655,0,-255,0,-255,0,-208,-366,0,0,0,0,extra_trees,0.989102398145417,1
RQ7_CONFIRM_baseline_default_off_38,baseline_default_off,default,off,1,none,standard_dns,1,/opt/praxis/pcaps/RQ7_CONFIRM_baseline_default_off_38.pcap,/opt/praxis/logs/RQ7_CONFIRM_baseline_default_off_38_browser.json,21537,70,36,34,0,10458,4831,15289,1.143674,48,0,0,0,1759,0,-1369,0,80,655,0,-255,0,-255,0,-208,0,-366,0,0,0,extra_trees,0.9942784507153285,1
RQ7_CONFIRM_baseline_default_off_39,baseline_default_off,default,off,1,none,standard_dns,1,/opt/praxis/pcaps/RQ7_CONFIRM_baseline_default_off_39.pcap,/opt/praxis/logs/RQ7_CONFIRM_baseline_default_off_39_browser.json,21305,67,34,33,0,10490,4831,15321,1.140609,42,0,0,0,1727,0,-1369,0,80,655,0,-255,0,-255,0,-574,0,0,0,0,1998,extra_trees,0.9944880223660022,1
RQ7_CONFIRM_baseline_default_off_40,baseline_default_off,default,off,1,none,standard_dns,1,/opt/praxis/pcaps/RQ7_CONFIRM_baseline_default_off_40.pcap,/opt/praxis/logs/RQ7_CONFIRM_baseline_default_off_40_browser.json,21609,69,35,34,0,10618,4831,15449,1.144017,44,0,0,0,1823,0,-1369,0,80,655,0,-255,0,-255,0,-574,0,0,0,0,2094,extra_trees,0.9952829465420243,1
RQ7_CONFIRM_baseline_default_off_41,baseline_default_off,default,off,1,none,standard_dns,1,/opt/praxis/pcaps/RQ7_CONFIRM_baseline_default_off_41.pcap,/opt/praxis/logs/RQ7_CONFIRM_baseline_default_off_41_browser.json,21337,67,34,33,0,10522,4831,15353,1.141272,46,0,0,0,1727,0,-1369,0,80,655,0,-255,0,-255,0,-208,0,-366,0,0,0,extra_trees,0.9959001200473112,1
RQ7_CONFIRM_baseline_default_off_42,baseline_default_off,default,off,1,none,standard_dns,1,/opt/praxis/pcaps/RQ7_CONFIRM_baseline_default_off_42.pcap,/opt/praxis/logs/RQ7_CONFIRM_baseline_default_off_42_browser.json,21609,69,35,34,0,10618,4831,15449,1.144226,40,0,0,0,1823,0,-1369,0,80,655,0,-255,0,-255,0,-574,0,0,0,0,2062,extra_trees,0.994965922431694,1
RQ7_CONFIRM_baseline_default_off_43,baseline_default_off,default,off,1,none,standard_dns,1,/opt/praxis/pcaps/RQ7_CONFIRM_baseline_default_off_43.pcap,/opt/praxis/logs/RQ7_CONFIRM_baseline_default_off_43_browser.json,21513,69,35,34,0,10522,4831,15353,1.142944,46,0,0,0,1727,0,-1369,0,80,655,0,-255,0,-255,0,-208,0,-366,0,0,0,extra_trees,0.9961691457810983,1
RQ7_CONFIRM_baseline_default_off_44,baseline_default_off,default,off,1,none,standard_dns,1,/opt/praxis/pcaps/RQ7_CONFIRM_baseline_default_off_44.pcap,/opt/praxis/logs/RQ7_CONFIRM_baseline_default_off_44_browser.json,21681,72,37,35,0,10426,4831,15257,1.140269,46,0,0,0,1727,0,-1369,0,80,655,0,-255,0,-255,0,-208,0,-366,0,0,0,extra_trees,0.9941009649477615,1
RQ7_CONFIRM_baseline_default_off_45,baseline_default_off,default,off,1,none,standard_dns,1,/opt/praxis/pcaps/RQ7_CONFIRM_baseline_default_off_45.pcap,/opt/praxis/logs/RQ7_CONFIRM_baseline_default_off_45_browser.json,21513,69,35,34,0,10522,4831,15353,1.145116,40,0,0,0,1759,0,-1369,0,80,655,0,-255,0,-255,0,-208,-366,0,0,0,0,extra_trees,0.9911315321604312,1
RQ7_CONFIRM_baseline_default_off_46,baseline_default_off,default,off,1,none,standard_dns,1,/opt/praxis/pcaps/RQ7_CONFIRM_baseline_default_off_46.pcap,/opt/praxis/logs/RQ7_CONFIRM_baseline_default_off_46_browser.json,21273,67,34,33,0,10458,4831,15289,1.139046,44,0,0,0,1823,0,-1369,0,80,655,0,-255,0,-255,0,-208,0,-366,0,0,0,extra_trees,0.9940559610693582,1
RQ7_CONFIRM_baseline_default_off_47,baseline_default_off,default,off,1,none,standard_dns,1,/opt/praxis/pcaps/RQ7_CONFIRM_baseline_default_off_47.pcap,/opt/praxis/logs/RQ7_CONFIRM_baseline_default_off_47_browser.json,21457,68,35,33,0,10554,4831,15385,1.144308,40,0,0,0,1823,0,-1369,0,80,655,0,-255,0,-255,0,-574,0,0,0,0,1998,extra_trees,0.9947350855512636,1
RQ7_CONFIRM_baseline_default_off_48,baseline_default_off,default,off,1,none,standard_dns,1,/opt/praxis/pcaps/RQ7_CONFIRM_baseline_default_off_48.pcap,/opt/praxis/logs/RQ7_CONFIRM_baseline_default_off_48_browser.json,21505,70,36,34,0,10426,4831,15257,1.146175,44,0,0,0,1727,0,-1369,0,80,655,0,-255,0,-255,0,-208,0,-366,0,0,0,extra_trees,0.9940330165702209,1
RQ7_CONFIRM_baseline_default_off_49,baseline_default_off,default,off,1,none,standard_dns,1,/opt/praxis/pcaps/RQ7_CONFIRM_baseline_default_off_49.pcap,/opt/praxis/logs/RQ7_CONFIRM_baseline_default_off_49_browser.json,21481,69,35,34,0,10490,4831,15321,1.1418,42,0,0,0,1727,0,-1369,0,80,655,0,-255,0,-255,0,-208,0,-366,0,0,0,extra_trees,0.996059220182062,1
RQ7_CONFIRM_baseline_default_off_50,baseline_default_off,default,off,1,none,standard_dns,1,/opt/praxis/pcaps/RQ7_CONFIRM_baseline_default_off_50.pcap,/opt/praxis/logs/RQ7_CONFIRM_baseline_default_off_50_browser.json,21369,67,34,33,0,10554,4831,15385,1.139078,42,0,0,0,1823,0,-1369,0,80,655,0,-255,0,-255,0,-574,0,0,0,0,0,extra_trees,0.9948997980579155,1
RQ7_CONFIRM_camouflaged_c2_p1_01,camouflaged_c2_p1,camouflaged,c2,1,none,standard_dns,1,/opt/praxis/pcaps/RQ7_CONFIRM_camouflaged_c2_p1_01.pcap,/opt/praxis/logs/RQ7_CONFIRM_camouflaged_c2_p1_01_browser.json,20585,56,28,28,0,10648,4969,15617,0.184586,34,0,0,0,1800,0,-1377,0,88,687,0,-263,0,-263,0,-216,0,-374,0,-6,0,extra_trees,0.8595630004639702,1
RQ7_CONFIRM_camouflaged_c2_p1_02,camouflaged_c2_p1,camouflaged,c2,1,none,standard_dns,1,/opt/praxis/pcaps/RQ7_CONFIRM_camouflaged_c2_p1_02.pcap,/opt/praxis/logs/RQ7_CONFIRM_camouflaged_c2_p1_02_browser.json,20089,50,26,24,0,10712,4937,15649,0.197929,28,0,0,0,1768,0,-1377,0,88,687,0,-263,0,-263,0,-582,-6,0,0,6,2052,extra_trees,0.7850617184325357,1
RQ7_CONFIRM_camouflaged_c2_p1_03,camouflaged_c2_p1,camouflaged,c2,1,none,standard_dns,1,/opt/praxis/pcaps/RQ7_CONFIRM_camouflaged_c2_p1_03.pcap,/opt/praxis/logs/RQ7_CONFIRM_camouflaged_c2_p1_03_browser.json,20153,52,26,26,0,10584,4953,15537,0.190154,32,0,0,0,1768,0,-1377,0,88,687,0,-263,0,-263,0,-582,0,-6,0,6,2020,extra_trees,0.8239052672782339,1
RQ7_CONFIRM_camouflaged_c2_p1_04,camouflaged_c2_p1,camouflaged,c2,1,none,standard_dns,1,/opt/praxis/pcaps/RQ7_CONFIRM_camouflaged_c2_p1_04.pcap,/opt/praxis/logs/RQ7_CONFIRM_camouflaged_c2_p1_04_browser.json,20417,53,27,26,0,10736,4977,15713,0.188321,34,0,0,0,1832,0,-1377,0,88,687,0,-263,0,-263,0,-216,0,-374,0,-6,0,extra_trees,0.8359159014007987,1
RQ7_CONFIRM_camouflaged_c2_p1_05,camouflaged_c2_p1,camouflaged,c2,1,none,standard_dns,1,/opt/praxis/pcaps/RQ7_CONFIRM_camouflaged_c2_p1_05.pcap,/opt/praxis/logs/RQ7_CONFIRM_camouflaged_c2_p1_05_browser.json,20897,58,29,29,0,10776,4977,15753,0.183114,34,0,0,0,1768,0,-1377,0,88,687,0,-263,0,-263,0,-216,0,-374,0,-6,0,extra_trees,0.8675078951155097,1
RQ7_CONFIRM_camouflaged_c2_p1_06,camouflaged_c2_p1,camouflaged,c2,1,none,standard_dns,1,/opt/praxis/pcaps/RQ7_CONFIRM_camouflaged_c2_p1_06.pcap,/opt/praxis/logs/RQ7_CONFIRM_camouflaged_c2_p1_06_browser.json,20193,52,26,26,0,10616,4961,15577,0.189476,30,0,0,0,1768,0,-1377,0,88,687,0,-263,0,-263,0,-216,0,-374,-6,0,0,extra_trees,0.8081404967632391,1
RQ7_CONFIRM_camouflaged_c2_p1_07,camouflaged_c2_p1,camouflaged,c2,1,none,standard_dns,1,/opt/praxis/pcaps/RQ7_CONFIRM_camouflaged_c2_p1_07.pcap,/opt/praxis/logs/RQ7_CONFIRM_camouflaged_c2_p1_07_browser.json,20441,53,27,26,0,10776,4961,15737,0.183895,30,0,0,0,1800,0,-1377,0,88,687,0,-263,0,-263,0,-216,0,-374,-6,0,0,extra_trees,0.8198498984726408,1
RQ7_CONFIRM_camouflaged_c2_p1_08,camouflaged_c2_p1,camouflaged,c2,1,none,standard_dns,1,/opt/praxis/pcaps/RQ7_CONFIRM_camouflaged_c2_p1_08.pcap,/opt/praxis/logs/RQ7_CONFIRM_camouflaged_c2_p1_08_browser.json,20481,54,27,27,0,10712,4977,15689,0.190767,38,0,0,0,1736,0,-1377,0,88,687,0,-263,0,-263,0,-216,0,-374,0,-6,0,extra_trees,0.8595251158189885,1
RQ7_CONFIRM_camouflaged_c2_p1_09,camouflaged_c2_p1,camouflaged,c2,1,none,standard_dns,1,/opt/praxis/pcaps/RQ7_CONFIRM_camouflaged_c2_p1_09.pcap,/opt/praxis/logs/RQ7_CONFIRM_camouflaged_c2_p1_09_browser.json,20193,50,25,25,0,10800,4953,15753,0.191965,32,0,0,0,1800,0,-1377,0,88,687,0,-263,0,-263,0,-582,0,-6,0,6,2052,extra_trees,0.8019423447046241,1
RQ7_CONFIRM_camouflaged_c2_p1_10,camouflaged_c2_p1,camouflaged,c2,1,none,standard_dns,1,/opt/praxis/pcaps/RQ7_CONFIRM_camouflaged_c2_p1_10.pcap,/opt/praxis/logs/RQ7_CONFIRM_camouflaged_c2_p1_10_browser.json,20313,52,26,26,0,10744,4953,15697,0.189412,34,0,0,0,1832,0,-1377,0,88,687,0,-263,0,-263,0,-582,0,-6,0,6,2084,extra_trees,0.8299032692762358,1
RQ7_CONFIRM_camouflaged_c2_p1_11,camouflaged_c2_p1,camouflaged,c2,1,none,standard_dns,1,/opt/praxis/pcaps/RQ7_CONFIRM_camouflaged_c2_p1_11.pcap,/opt/praxis/logs/RQ7_CONFIRM_camouflaged_c2_p1_11_browser.json,20497,54,27,27,0,10744,4961,15705,0.187201,36,0,0,0,1768,0,-1377,0,88,687,0,-263,0,-263,0,-582,0,-6,0,6,2084,extra_trees,0.8516126709856375,1
RQ7_CONFIRM_camouflaged_c2_p1_12,camouflaged_c2_p1,camouflaged,c2,1,none,standard_dns,1,/opt/praxis/pcaps/RQ7_CONFIRM_camouflaged_c2_p1_12.pcap,/opt/praxis/logs/RQ7_CONFIRM_camouflaged_c2_p1_12_browser.json,20649,56,28,28,0,10712,4969,15681,0.200795,34,0,0,0,1800,0,-1377,0,88,687,0,-263,0,-263,0,-216,0,-374,0,-6,0,extra_trees,0.8595630004639702,1
RQ7_CONFIRM_camouflaged_c2_p1_13,camouflaged_c2_p1,camouflaged,c2,1,none,standard_dns,1,/opt/praxis/pcaps/RQ7_CONFIRM_camouflaged_c2_p1_13.pcap,/opt/praxis/logs/RQ7_CONFIRM_camouflaged_c2_p1_13_browser.json,20353,52,26,26,0,10768,4969,15737,0.187664,34,0,0,0,1768,0,-1377,0,88,687,0,-263,0,-263,0,-216,0,-374,0,-6,0,extra_trees,0.8241904392284778,1
RQ7_CONFIRM_camouflaged_c2_p1_14,camouflaged_c2_p1,camouflaged,c2,1,none,standard_dns,1,/opt/praxis/pcaps/RQ7_CONFIRM_camouflaged_c2_p1_14.pcap,/opt/praxis/logs/RQ7_CONFIRM_camouflaged_c2_p1_14_browser.json,20033,51,25,26,0,10552,4953,15505,0.189224,34,0,0,0,1768,0,-1377,0,88,687,0,-263,0,-263,0,-582,0,-6,0,6,1988,extra_trees,0.8159403467026263,1
RQ7_CONFIRM_camouflaged_c2_p1_15,camouflaged_c2_p1,camouflaged,c2,1,none,standard_dns,1,/opt/praxis/pcaps/RQ7_CONFIRM_camouflaged_c2_p1_15.pcap,/opt/praxis/logs/RQ7_CONFIRM_camouflaged_c2_p1_15_browser.json,20201,52,26,26,0,10616,4969,15585,0.191309,36,0,0,0,1768,0,-1377,0,88,687,0,-263,0,-263,0,-582,0,-6,0,6,2020,extra_trees,0.8359032692762358,1
RQ7_CONFIRM_camouflaged_c2_p1_16,camouflaged_c2_p1,camouflaged,c2,1,none,standard_dns,1,/opt/praxis/pcaps/RQ7_CONFIRM_camouflaged_c2_p1_16.pcap,/opt/praxis/logs/RQ7_CONFIRM_camouflaged_c2_p1_16_browser.json,20817,57,28,29,0,10776,4985,15761,0.18772,32,0,0,0,1768,0,-1377,0,88,687,0,-263,0,-263,0,-216,0,-374,-6,0,0,extra_trees,0.8534977219590381,1
RQ7_CONFIRM_camouflaged_c2_p1_17,camouflaged_c2_p1,camouflaged,c2,1,none,standard_dns,1,/opt/praxis/pcaps/RQ7_CONFIRM_camouflaged_c2_p1_17.pcap,/opt/praxis/logs/RQ7_CONFIRM_camouflaged_c2_p1_17_browser.json,20385,54,27,27,0,10616,4977,15593,0.192556,40,0,0,0,1832,0,-1377,0,88,687,0,-263,0,-263,0,-216,0,-374,0,-6,0,extra_trees,0.8652925669030502,1
RQ7_CONFIRM_camouflaged_c2_p1_18,camouflaged_c2_p1,camouflaged,c2,1,none,standard_dns,1,/opt/praxis/pcaps/RQ7_CONFIRM_camouflaged_c2_p1_18.pcap,/opt/praxis/logs/RQ7_CONFIRM_camouflaged_c2_p1_18_browser.json,20409,53,26,27,0,10744,4961,15705,0.186782,32,0,0,0,1768,0,-1377,0,88,687,0,-263,0,-263,0,-582,0,-6,0,6,2052,extra_trees,0.8316146689876356,1
RQ7_CONFIRM_camouflaged_c2_p1_19,camouflaged_c2_p1,camouflaged,c2,1,none,standard_dns,1,/opt/praxis/pcaps/RQ7_CONFIRM_camouflaged_c2_p1_19.pcap,/opt/praxis/logs/RQ7_CONFIRM_camouflaged_c2_p1_19_browser.json,20337,54,27,27,0,10584,4961,15545,0.191449,30,0,0,0,1736,0,-1377,0,88,687,0,-263,0,-263,0,-216,0,-374,0,-6,0,extra_trees,0.8215297058770971,1
RQ7_CONFIRM_camouflaged_c2_p1_20,camouflaged_c2_p1,camouflaged,c2,1,none,standard_dns,1,/opt/praxis/pcaps/RQ7_CONFIRM_camouflaged_c2_p1_20.pcap,/opt/praxis/logs/RQ7_CONFIRM_camouflaged_c2_p1_20_browser.json,20441,53,26,27,0,10776,4961,15737,0.190748,38,0,0,0,1832,0,-1377,0,88,687,0,-263,0,-263,0,-582,0,-6,0,6,2052,extra_trees,0.8616100789295271,1
RQ7_CONFIRM_camouflaged_c2_p1_21,camouflaged_c2_p1,camouflaged,c2,1,none,standard_dns,1,/opt/praxis/pcaps/RQ7_CONFIRM_camouflaged_c2_p1_21.pcap,/opt/praxis/logs/RQ7_CONFIRM_camouflaged_c2_p1_21_browser.json,20577,54,27,27,0,10808,4977,15785,0.185189,36,0,0,0,1800,0,-1377,0,88,687,0,-263,0,-263,0,-216,0,-374,0,-6,0,extra_trees,0.8418998409378795,1
RQ7_CONFIRM_camouflaged_c2_p1_22,camouflaged_c2_p1,camouflaged,c2,1,none,standard_dns,1,/opt/praxis/pcaps/RQ7_CONFIRM_camouflaged_c2_p1_22.pcap,/opt/praxis/logs/RQ7_CONFIRM_camouflaged_c2_p1_22_browser.json,20473,54,27,27,0,10712,4969,15681,0.190576,36,0,0,0,1736,0,-1377,0,88,687,0,-263,0,-263,0,-216,0,-374,0,-6,0,extra_trees,0.8415277078750989,1
RQ7_CONFIRM_camouflaged_c2_p1_23,camouflaged_c2_p1,camouflaged,c2,1,none,standard_dns,1,/opt/praxis/pcaps/RQ7_CONFIRM_camouflaged_c2_p1_23.pcap,/opt/praxis/logs/RQ7_CONFIRM_camouflaged_c2_p1_23_browser.json,20497,54,27,27,0,10744,4961,15705,0.185256,34,0,0,0,1832,0,-1377,0,88,687,0,-263,0,-263,0,-582,0,-6,0,6,2052,extra_trees,0.8456126709856375,1
RQ7_CONFIRM_camouflaged_c2_p1_24,camouflaged_c2_p1,camouflaged,c2,1,none,standard_dns,1,/opt/praxis/pcaps/RQ7_CONFIRM_camouflaged_c2_p1_24.pcap,/opt/praxis/logs/RQ7_CONFIRM_camouflaged_c2_p1_24_browser.json,20649,56,28,28,0,10712,4969,15681,0.195062,32,0,0,0,1768,0,-1377,0,88,687,0,-263,0,-263,0,-216,0,-374,0,-6,0,extra_trees,0.8535649984659682,1
RQ7_CONFIRM_camouflaged_c2_p1_25,camouflaged_c2_p1,camouflaged,c2,1,none,standard_dns,1,/opt/praxis/pcaps/RQ7_CONFIRM_camouflaged_c2_p1_25.pcap,/opt/praxis/logs/RQ7_CONFIRM_camouflaged_c2_p1_25_browser.json,20249,52,26,26,0,10680,4953,15633,0.18706,32,0,0,0,1832,0,-1377,0,88,687,0,-263,0,-263,0,-582,0,-6,0,6,1988,extra_trees,0.8239052672782339,1
RQ7_CONFIRM_camouflaged_c2_p1_26,camouflaged_c2_p1,camouflaged,c2,1,none,standard_dns,1,/opt/praxis/pcaps/RQ7_CONFIRM_camouflaged_c2_p1_26.pcap,/opt/praxis/logs/RQ7_CONFIRM_camouflaged_c2_p1_26_browser.json,20473,54,27,27,0,10712,4969,15681,0.187648,32,0,0,0,1832,0,-1377,0,88,687,0,-263,0,-263,0,-582,0,-6,0,6,2020,extra_trees,0.8396146689876356,1
RQ7_CONFIRM_camouflaged_c2_p1_27,camouflaged_c2_p1,camouflaged,c2,1,none,standard_dns,1,/opt/praxis/pcaps/RQ7_CONFIRM_camouflaged_c2_p1_27.pcap,/opt/praxis/logs/RQ7_CONFIRM_camouflaged_c2_p1_27_browser.json,20345,52,26,26,0,10776,4953,15729,0.186909,30,0,0,0,1832,0,-1377,0,88,687,0,-263,0,-263,0,-582,0,-6,0,6,2052,extra_trees,0.8159052672782339,1
RQ7_CONFIRM_camouflaged_c2_p1_28,camouflaged_c2_p1,camouflaged,c2,1,none,standard_dns,1,/opt/praxis/pcaps/RQ7_CONFIRM_camouflaged_c2_p1_28.pcap,/opt/praxis/logs/RQ7_CONFIRM_camouflaged_c2_p1_28_browser.json,20441,52,26,26,0,10872,4953,15825,0.186969,32,0,0,0,1832,0,-1377,0,88,687,0,-263,0,-263,0,-582,0,-6,0,6,2084,extra_trees,0.8239052672782339,1
RQ7_CONFIRM_camouflaged_c2_p1_29,camouflaged_c2_p1,camouflaged,c2,1,none,standard_dns,1,/opt/praxis/pcaps/RQ7_CONFIRM_camouflaged_c2_p1_29.pcap,/opt/praxis/logs/RQ7_CONFIRM_camouflaged_c2_p1_29_browser.json,20689,56,28,28,0,10744,4977,15721,0.19442,38,0,0,0,1800,0,-1377,0,88,687,0,-263,0,-263,0,-216,0,-374,0,-6,0,extra_trees,0.8835604084078598,1
RQ7_CONFIRM_camouflaged_c2_p1_30,camouflaged_c2_p1,camouflaged,c2,1,none,standard_dns,1,/opt/praxis/pcaps/RQ7_CONFIRM_camouflaged_c2_p1_30.pcap,/opt/praxis/logs/RQ7_CONFIRM_camouflaged_c2_p1_30_browser.json,20561,54,27,27,0,10808,4961,15769,0.19206,34,0,0,0,1768,0,-1377,0,88,687,0,-263,0,-263,0,-216,0,-374,-6,0,0,extra_trees,0.8358479004706427,1
RQ7_CONFIRM_camouflaged_c2_p1_31,camouflaged_c2_p1,camouflaged,c2,1,none,standard_dns,1,/opt/praxis/pcaps/RQ7_CONFIRM_camouflaged_c2_p1_31.pcap,/opt/praxis/logs/RQ7_CONFIRM_camouflaged_c2_p1_31_browser.json,20377,53,26,27,0,10704,4969,15673,0.188454,34,0,0,0,1736,0,-1377,0,88,687,0,-263,0,-263,0,-582,0,-6,0,6,2084,extra_trees,0.8372405379228569,1
RQ7_CONFIRM_camouflaged_c2_p1_32,camouflaged_c2_p1,camouflaged,c2,1,none,standard_dns,1,/opt/praxis/pcaps/RQ7_CONFIRM_camouflaged_c2_p1_32.pcap,/opt/praxis/logs/RQ7_CONFIRM_camouflaged_c2_p1_32_browser.json,20601,56,28,28,0,10648,4985,15633,0.189031,34,0,0,0,1768,0,-1377,0,88,687,0,-263,0,-263,0,-216,0,-374,0,-6,0,extra_trees,0.8595630004639702,1
RQ7_CONFIRM_camouflaged_c2_p1_33,camouflaged_c2_p1,camouflaged,c2,1,none,standard_dns,1,/opt/praxis/pcaps/RQ7_CONFIRM_camouflaged_c2_p1_33.pcap,/opt/praxis/logs/RQ7_CONFIRM_camouflaged_c2_p1_33_browser.json,20105,51,26,25,0,10608,4969,15577,0.184619,32,0,0,0,1736,0,-1377,0,88,687,0,-263,0,-263,0,-582,0,-6,0,6,2020,extra_trees,0.8195331342154532,1
RQ7_CONFIRM_camouflaged_c2_p1_34,camouflaged_c2_p1,camouflaged,c2,1,none,standard_dns,1,/opt/praxis/pcaps/RQ7_CONFIRM_camouflaged_c2_p1_34.pcap,/opt/praxis/logs/RQ7_CONFIRM_camouflaged_c2_p1_34_browser.json,20217,52,26,26,0,10648,4953,15601,0.188466,34,0,0,0,1736,0,-1377,0,88,687,0,-263,0,-263,0,-582,0,-6,0,6,2052,extra_trees,0.8295311362134553,1
RQ7_CONFIRM_camouflaged_c2_p1_35,camouflaged_c2_p1,camouflaged,c2,1,none,standard_dns,1,/opt/praxis/pcaps/RQ7_CONFIRM_camouflaged_c2_p1_35.pcap,/opt/praxis/logs/RQ7_CONFIRM_camouflaged_c2_p1_35_browser.json,20689,56,28,28,0,10744,4977,15721,0.182962,38,0,0,0,1736,0,-1377,0,88,687,0,-263,0,-263,0,-216,0,-374,-6,0,0,extra_trees,0.8871209988381491,1
RQ7_CONFIRM_camouflaged_c2_p1_36,camouflaged_c2_p1,camouflaged,c2,1,none,standard_dns,1,/opt/praxis/pcaps/RQ7_CONFIRM_camouflaged_c2_p1_36.pcap,/opt/praxis/logs/RQ7_CONFIRM_camouflaged_c2_p1_36_browser.json,20225,52,26,26,0,10648,4961,15609,0.184936,32,0,0,0,1736,0,-1377,0,88,687,0,-263,0,-263,0,-582,0,-6,0,6,2052,extra_trees,0.8235331342154532,1
RQ7_CONFIRM_camouflaged_c2_p1_37,camouflaged_c2_p1,camouflaged,c2,1,none,standard_dns,1,/opt/praxis/pcaps/RQ7_CONFIRM_camouflaged_c2_p1_37.pcap,/opt/praxis/logs/RQ7_CONFIRM_camouflaged_c2_p1_37_browser.json,20569,54,27,27,0,10808,4969,15777,0.189214,36,0,0,0,1800,0,-1377,0,88,687,0,-263,0,-263,0,-216,0,-374,0,-6,0,extra_trees,0.8418998409378795,1
RQ7_CONFIRM_camouflaged_c2_p1_38,camouflaged_c2_p1,camouflaged,c2,1,none,standard_dns,1,/opt/praxis/pcaps/RQ7_CONFIRM_camouflaged_c2_p1_38.pcap,/opt/praxis/logs/RQ7_CONFIRM_camouflaged_c2_p1_38_browser.json,20529,54,27,27,0,10768,4969,15737,0.192467,34,0,0,0,1800,0,-1377,0,88,687,0,-263,0,-263,0,-216,0,-374,-6,0,0,extra_trees,0.8358479004706427,1
RQ7_CONFIRM_camouflaged_c2_p1_39,camouflaged_c2_p1,camouflaged,c2,1,none,standard_dns,1,/opt/praxis/pcaps/RQ7_CONFIRM_camouflaged_c2_p1_39.pcap,/opt/praxis/logs/RQ7_CONFIRM_camouflaged_c2_p1_39_browser.json,20561,54,27,27,0,10808,4961,15769,0.186439,36,0,0,0,1800,0,-1377,0,88,687,0,-263,0,-263,0,-216,0,-374,0,-6,0,extra_trees,0.8418998409378795,1
RQ7_CONFIRM_camouflaged_c2_p1_40,camouflaged_c2_p1,camouflaged,c2,1,none,standard_dns,1,/opt/praxis/pcaps/RQ7_CONFIRM_camouflaged_c2_p1_40.pcap,/opt/praxis/logs/RQ7_CONFIRM_camouflaged_c2_p1_40_browser.json,20441,53,26,27,0,10776,4961,15737,0.188658,34,0,0,0,1800,0,-1377,0,88,687,0,-263,0,-263,0,-216,0,-374,0,-6,0,extra_trees,0.8278998409378795,1
RQ7_CONFIRM_camouflaged_c2_p1_41,camouflaged_c2_p1,camouflaged,c2,1,none,standard_dns,1,/opt/praxis/pcaps/RQ7_CONFIRM_camouflaged_c2_p1_41.pcap,/opt/praxis/logs/RQ7_CONFIRM_camouflaged_c2_p1_41_browser.json,20681,56,28,28,0,10744,4969,15713,0.185442,34,0,0,0,1800,0,-1377,0,88,687,0,-263,0,-263,0,-216,0,-374,-6,0,0,extra_trees,0.8594957239570401,1
RQ7_CONFIRM_camouflaged_c2_p1_42,camouflaged_c2_p1,camouflaged,c2,1,none,standard_dns,1,/opt/praxis/pcaps/RQ7_CONFIRM_camouflaged_c2_p1_42.pcap,/opt/praxis/logs/RQ7_CONFIRM_camouflaged_c2_p1_42_browser.json,20601,56,27,29,0,10648,4985,15633,0.183959,38,0,0,0,1768,0,-1377,0,88,687,0,-263,0,-263,0,-216,0,-374,0,-6,0,extra_trees,0.875853004700456,1
RQ7_CONFIRM_camouflaged_c2_p1_43,camouflaged_c2_p1,camouflaged,c2,1,none,standard_dns,1,/opt/praxis/pcaps/RQ7_CONFIRM_camouflaged_c2_p1_43.pcap,/opt/praxis/logs/RQ7_CONFIRM_camouflaged_c2_p1_43_browser.json,20537,55,28,27,0,10680,4977,15657,0.187186,36,0,0,0,1736,0,-1377,0,88,687,0,-263,0,-263,0,-216,0,-374,0,-6,0,extra_trees,0.8552351115825026,1
RQ7_CONFIRM_camouflaged_c2_p1_44,camouflaged_c2_p1,camouflaged,c2,1,none,standard_dns,1,/opt/praxis/pcaps/RQ7_CONFIRM_camouflaged_c2_p1_44.pcap,/opt/praxis/logs/RQ7_CONFIRM_camouflaged_c2_p1_44_browser.json,20481,52,27,25,0,10904,4961,15865,0.187357,30,0,0,0,1832,0,-1377,0,88,687,0,-263,0,-263,0,-582,0,-6,0,6,2084,extra_trees,0.8219868020504162,1
RQ7_CONFIRM_camouflaged_c2_p1_45,camouflaged_c2_p1,camouflaged,c2,1,none,standard_dns,1,/opt/praxis/pcaps/RQ7_CONFIRM_camouflaged_c2_p1_45.pcap,/opt/praxis/logs/RQ7_CONFIRM_camouflaged_c2_p1_45_browser.json,20625,56,28,28,0,10680,4977,15657,0.190874,38,0,0,0,1768,0,-1377,0,88,687,0,-263,0,-263,0,-216,0,-374,0,-6,0,extra_trees,0.8835604084078598,1
RQ7_CONFIRM_camouflaged_c2_p1_46,camouflaged_c2_p1,camouflaged,c2,1,none,standard_dns,1,/opt/praxis/pcaps/RQ7_CONFIRM_camouflaged_c2_p1_46.pcap,/opt/praxis/logs/RQ7_CONFIRM_camouflaged_c2_p1_46_browser.json,20289,52,26,26,0,10704,4969,15673,0.181052,38,0,0,0,1800,0,-1377,0,88,687,0,-263,0,-263,0,-216,0,-374,0,-6,0,extra_trees,0.8481878471723674,1
RQ7_CONFIRM_camouflaged_c2_p1_47,camouflaged_c2_p1,camouflaged,c2,1,none,standard_dns,1,/opt/praxis/pcaps/RQ7_CONFIRM_camouflaged_c2_p1_47.pcap,/opt/praxis/logs/RQ7_CONFIRM_camouflaged_c2_p1_47_browser.json,20513,54,26,28,0,10744,4977,15721,0.181752,34,0,0,0,1800,0,-1377,0,88,687,0,-263,0,-263,0,-582,0,-6,0,6,2052,extra_trees,0.8455755935592472,1
RQ7_CONFIRM_camouflaged_c2_p1_48,camouflaged_c2_p1,camouflaged,c2,1,none,standard_dns,1,/opt/praxis/pcaps/RQ7_CONFIRM_camouflaged_c2_p1_48.pcap,/opt/praxis/logs/RQ7_CONFIRM_camouflaged_c2_p1_48_browser.json,20401,54,27,27,0,10640,4969,15609,0.190794,36,0,0,0,1800,0,-1377,0,88,687,0,-263,0,-263,0,-216,0,-374,0,-6,0,extra_trees,0.8418998409378795,1
RQ7_CONFIRM_camouflaged_c2_p1_49,camouflaged_c2_p1,camouflaged,c2,1,none,standard_dns,1,/opt/praxis/pcaps/RQ7_CONFIRM_camouflaged_c2_p1_49.pcap,/opt/praxis/logs/RQ7_CONFIRM_camouflaged_c2_p1_49_browser.json,20465,54,27,27,0,10712,4961,15673,0.185285,32,0,0,0,1832,0,-1377,0,88,687,0,-263,0,-263,0,-216,0,-374,0,-6,0,extra_trees,0.8299178994027967,1
RQ7_CONFIRM_camouflaged_c2_p1_50,camouflaged_c2_p1,camouflaged,c2,1,none,standard_dns,1,/opt/praxis/pcaps/RQ7_CONFIRM_camouflaged_c2_p1_50.pcap,/opt/praxis/logs/RQ7_CONFIRM_camouflaged_c2_p1_50_browser.json,20529,54,27,27,0,10776,4961,15737,0.181503,36,0,0,0,1832,0,-1377,0,88,687,0,-263,0,-263,0,-216,0,-374,0,-6,0,extra_trees,0.8419159014007987,1
RQ7_CONFIRM_default_c2_p1_01,default_c2_p1,default,c2,1,none,standard_dns,1,/opt/praxis/pcaps/RQ7_CONFIRM_default_c2_p1_01.pcap,/opt/praxis/logs/RQ7_CONFIRM_default_c2_p1_01_browser.json,20310,54,27,27,0,10557,4961,15518,0.189242,38,0,0,0,1736,0,-1377,0,88,663,0,-263,0,-263,0,-216,0,-374,0,-6,0,extra_trees,0.8594997902365964,1
RQ7_CONFIRM_default_c2_p1_02,default_c2_p1,default,c2,1,none,standard_dns,1,/opt/praxis/pcaps/RQ7_CONFIRM_default_c2_p1_02.pcap,/opt/praxis/logs/RQ7_CONFIRM_default_c2_p1_02_browser.json,20446,54,27,27,0,10685,4969,15654,0.189728,40,0,0,0,1768,0,-1377,0,88,663,0,-263,0,-263,0,-216,0,-374,0,-6,0,extra_trees,0.8652511808577389,1
RQ7_CONFIRM_default_c2_p1_03,default_c2_p1,default,c2,1,none,standard_dns,1,/opt/praxis/pcaps/RQ7_CONFIRM_default_c2_p1_03.pcap,/opt/praxis/logs/RQ7_CONFIRM_default_c2_p1_03_browser.json,20030,52,26,26,0,10461,4953,15414,0.196199,34,0,0,0,1768,0,-1377,0,88,663,0,-263,0,-263,0,-582,0,-6,0,6,1988,extra_trees,0.8273984185586322,1
RQ7_CONFIRM_default_c2_p1_04,default_c2_p1,default,c2,1,none,standard_dns,1,/opt/praxis/pcaps/RQ7_CONFIRM_default_c2_p1_04.pcap,/opt/praxis/logs/RQ7_CONFIRM_default_c2_p1_04_browser.json,20438,55,27,28,0,10589,4969,15558,0.190956,36,0,0,0,1768,0,-1377,0,88,663,0,-263,0,-263,0,-216,0,-374,0,-6,0,extra_trees,0.8558302711741743,1
RQ7_CONFIRM_default_c2_p1_05,default_c2_p1,default,c2,1,none,standard_dns,1,/opt/praxis/pcaps/RQ7_CONFIRM_default_c2_p1_05.pcap,/opt/praxis/logs/RQ7_CONFIRM_default_c2_p1_05_browser.json,20254,52,26,26,0,10685,4953,15638,0.188936,34,0,0,0,1832,0,-1377,0,88,663,0,-263,0,-263,0,-582,0,-6,0,6,2052,extra_trees,0.8299058812451995,1
RQ7_CONFIRM_default_c2_p1_06,default_c2_p1,default,c2,1,none,standard_dns,1,/opt/praxis/pcaps/RQ7_CONFIRM_default_c2_p1_06.pcap,/opt/praxis/logs/RQ7_CONFIRM_default_c2_p1_06_browser.json,20318,53,26,27,0,10645,4969,15614,0.192563,32,0,0,0,1800,0,-1377,0,88,663,0,-263,0,-263,0,-216,0,-374,0,-6,0,extra_trees,0.8218765133574853,1
RQ7_CONFIRM_default_c2_p1_07,default_c2_p1,default,c2,1,none,standard_dns,1,/opt/praxis/pcaps/RQ7_CONFIRM_default_c2_p1_07.pcap,/opt/praxis/logs/RQ7_CONFIRM_default_c2_p1_07_browser.json,20222,52,26,26,0,10645,4961,15606,0.188237,32,0,0,0,1768,0,-1377,0,88,663,0,-263,0,-263,0,-216,0,-374,0,-6,0,extra_trees,0.8181671116480838,1
RQ7_CONFIRM_default_c2_p1_08,default_c2_p1,default,c2,1,none,standard_dns,1,/opt/praxis/pcaps/RQ7_CONFIRM_default_c2_p1_08.pcap,/opt/praxis/logs/RQ7_CONFIRM_default_c2_p1_08_browser.json,20438,55,28,27,0,10589,4969,15558,0.187041,32,0,0,0,1800,0,-1377,0,88,663,0,-263,0,-263,0,-216,0,-374,0,-6,0,extra_trees,0.8435839170648891,1
RQ7_CONFIRM_default_c2_p1_09,default_c2_p1,default,c2,1,none,standard_dns,1,/opt/praxis/pcaps/RQ7_CONFIRM_default_c2_p1_09.pcap,/opt/praxis/logs/RQ7_CONFIRM_default_c2_p1_09_browser.json,20070,51,25,26,0,10581,4961,15542,0.188315,34,0,0,0,1832,0,-1377,0,88,663,0,-263,0,-263,0,-582,0,-6,0,6,1988,extra_trees,0.8159429586715898,1
RQ7_CONFIRM_default_c2_p1_10,default_c2_p1,default,c2,1,none,standard_dns,1,/opt/praxis/pcaps/RQ7_CONFIRM_default_c2_p1_10.pcap,/opt/praxis/logs/RQ7_CONFIRM_default_c2_p1_10_browser.json,20502,55,28,27,0,10653,4969,15622,0.188032,38,0,0,0,1800,0,-1377,0,88,663,0,-263,0,-263,0,-216,0,-374,0,-6,0,extra_trees,0.8735793270067805,1
RQ7_CONFIRM_default_c2_p1_11,default_c2_p1,default,c2,1,none,standard_dns,1,/opt/praxis/pcaps/RQ7_CONFIRM_default_c2_p1_11.pcap,/opt/praxis/logs/RQ7_CONFIRM_default_c2_p1_11_browser.json,20470,55,28,27,0,10621,4969,15590,0.193895,30,0,0,0,1832,0,-1377,0,88,663,0,-263,0,-263,0,-216,0,-374,0,-6,0,extra_trees,0.8355999775278082,1
RQ7_CONFIRM_default_c2_p1_12,default_c2_p1,default,c2,1,none,standard_dns,1,/opt/praxis/pcaps/RQ7_CONFIRM_default_c2_p1_12.pcap,/opt/praxis/logs/RQ7_CONFIRM_default_c2_p1_12_browser.json,20222,54,28,26,0,10461,4969,15430,0.186845,34,0,0,0,1800,0,-1377,0,88,663,0,-263,0,-263,0,-582,0,-6,0,6,1988,extra_trees,0.8488152239754377,1
RQ7_CONFIRM_default_c2_p1_13,default_c2_p1,default,c2,1,none,standard_dns,1,/opt/praxis/pcaps/RQ7_CONFIRM_default_c2_p1_13.pcap,/opt/praxis/logs/RQ7_CONFIRM_default_c2_p1_13_browser.json,20502,56,28,28,0,10557,4977,15534,0.186977,34,0,0,0,1736,0,-1377,0,88,663,0,-263,0,-263,0,-216,0,-374,0,-6,0,extra_trees,0.8591655418187975,1
RQ7_CONFIRM_default_c2_p1_14,default_c2_p1,default,c2,1,none,standard_dns,1,/opt/praxis/pcaps/RQ7_CONFIRM_default_c2_p1_14.pcap,/opt/praxis/logs/RQ7_CONFIRM_default_c2_p1_14_browser.json,20350,54,27,27,0,10589,4969,15558,0.190316,36,0,0,0,1768,0,-1377,0,88,663,0,-263,0,-263,0,-216,0,-374,0,-6,0,extra_trees,0.8418745153554873,1
RQ7_CONFIRM_default_c2_p1_15,default_c2_p1,default,c2,1,none,standard_dns,1,/opt/praxis/pcaps/RQ7_CONFIRM_default_c2_p1_15.pcap,/opt/praxis/logs/RQ7_CONFIRM_default_c2_p1_15_browser.json,20158,53,26,27,0,10485,4969,15454,0.191367,36,0,0,0,1736,0,-1377,0,88,663,0,-263,0,-263,0,-216,0,-374,0,-6,0,extra_trees,0.8329949196061397,1
RQ7_CONFIRM_default_c2_p1_16,default_c2_p1,default,c2,1,none,standard_dns,1,/opt/praxis/pcaps/RQ7_CONFIRM_default_c2_p1_16.pcap,/opt/praxis/logs/RQ7_CONFIRM_default_c2_p1_16_browser.json,20390,54,27,27,0,10621,4977,15598,0.190135,36,0,0,0,1736,0,-1377,0,88,663,0,-263,0,-263,0,-216,0,-374,0,-6,0,extra_trees,0.8415023822927068,1
RQ7_CONFIRM_default_c2_p1_17,default_c2_p1,default,c2,1,none,standard_dns,1,/opt/praxis/pcaps/RQ7_CONFIRM_default_c2_p1_17.pcap,/opt/praxis/logs/RQ7_CONFIRM_default_c2_p1_17_browser.json,20342,55,27,28,0,10493,4969,15462,0.18957,32,0,0,0,1736,0,-1377,0,88,663,0,-263,0,-263,0,-216,0,-374,0,-6,0,extra_trees,0.8429526734268247,1
RQ7_CONFIRM_default_c2_p1_18,default_c2_p1,default,c2,1,none,standard_dns,1,/opt/praxis/pcaps/RQ7_CONFIRM_default_c2_p1_18.pcap,/opt/praxis/logs/RQ7_CONFIRM_default_c2_p1_18_browser.json,20374,54,27,27,0,10621,4961,15582,0.190205,34,0,0,0,1832,0,-1377,0,88,663,0,-263,0,-263,0,-216,0,-374,0,-6,0,extra_trees,0.8358905758184065,1
RQ7_CONFIRM_default_c2_p1_19,default_c2_p1,default,c2,1,none,standard_dns,1,/opt/praxis/pcaps/RQ7_CONFIRM_default_c2_p1_19.pcap,/opt/praxis/logs/RQ7_CONFIRM_default_c2_p1_19_browser.json,20438,54,27,27,0,10685,4961,15646,0.183457,30,0,0,0,1800,0,-1377,0,88,663,0,-263,0,-263,0,-216,0,-374,0,-6,0,extra_trees,0.8218765133574853,1
RQ7_CONFIRM_default_c2_p1_20,default_c2_p1,default,c2,1,none,standard_dns,1,/opt/praxis/pcaps/RQ7_CONFIRM_default_c2_p1_20.pcap,/opt/praxis/logs/RQ7_CONFIRM_default_c2_p1_20_browser.json,20310,54,27,27,0,10557,4961,15518,0.188362,32,0,0,0,1832,0,-1377,0,88,663,0,-263,0,-263,0,-216,0,-374,0,-6,0,extra_trees,0.8298925738204046,1
RQ7_CONFIRM_default_c2_p1_21,default_c2_p1,default,c2,1,none,standard_dns,1,/opt/praxis/pcaps/RQ7_CONFIRM_default_c2_p1_21.pcap,/opt/praxis/logs/RQ7_CONFIRM_default_c2_p1_21_browser.json,20158,52,26,26,0,10589,4953,15542,0.189295,30,0,0,0,1800,0,-1377,0,88,663,0,-263,0,-263,0,-582,0,-6,0,6,2020,extra_trees,0.8159078792471974,1
RQ7_CONFIRM_default_c2_p1_22,default_c2_p1,default,c2,1,none,standard_dns,1,/opt/praxis/pcaps/RQ7_CONFIRM_default_c2_p1_22.pcap,/opt/praxis/logs/RQ7_CONFIRM_default_c2_p1_22_browser.json,20134,52,26,26,0,10557,4961,15518,0.183099,32,0,0,0,1736,0,-1377,0,88,663,0,-263,0,-263,0,-582,0,-6,0,6,2052,extra_trees,0.8235357461844168,1
RQ7_CONFIRM_default_c2_p1_23,default_c2_p1,default,c2,1,none,standard_dns,1,/opt/praxis/pcaps/RQ7_CONFIRM_default_c2_p1_23.pcap,/opt/praxis/logs/RQ7_CONFIRM_default_c2_p1_23_browser.json,20462,56,28,28,0,10525,4969,15494,0.182594,34,0,0,0,1736,0,-1377,0,88,663,0,-263,0,-263,0,-216,0,-374,0,-6,0,extra_trees,0.8586580791322304,1
RQ7_CONFIRM_default_c2_p1_24,default_c2_p1,default,c2,1,none,standard_dns,1,/opt/praxis/pcaps/RQ7_CONFIRM_default_c2_p1_24.pcap,/opt/praxis/logs/RQ7_CONFIRM_default_c2_p1_24_browser.json,20214,54,27,27,0,10453,4969,15422,0.183381,36,0,0,0,1736,0,-1377,0,88,663,0,-263,0,-263,0,-216,0,-374,0,-6,0,extra_trees,0.8389949196061397,1
RQ7_CONFIRM_default_c2_p1_25,default_c2_p1,default,c2,1,none,standard_dns,1,/opt/praxis/pcaps/RQ7_CONFIRM_default_c2_p1_25.pcap,/opt/praxis/logs/RQ7_CONFIRM_default_c2_p1_25_browser.json,20534,56,27,29,0,10589,4977,15566,0.190506,32,0,0,0,1800,0,-1377,0,88,663,0,-263,0,-263,0,-216,0,-374,0,-6,0,extra_trees,0.8458322691761723,1
RQ7_CONFIRM_default_c2_p1_26,default_c2_p1,default,c2,1,none,standard_dns,1,/opt/praxis/pcaps/RQ7_CONFIRM_default_c2_p1_26.pcap,/opt/praxis/logs/RQ7_CONFIRM_default_c2_p1_26_browser.json,20310,54,27,27,0,10557,4961,15518,0.194178,34,0,0,0,1736,0,-1377,0,88,663,0,-263,0,-263,0,-216,0,-374,0,-6,0,extra_trees,0.8355023822927068,1
RQ7_CONFIRM_default_c2_p1_27,default_c2_p1,default,c2,1,none,standard_dns,1,/opt/praxis/pcaps/RQ7_CONFIRM_default_c2_p1_27.pcap,/opt/praxis/logs/RQ7_CONFIRM_default_c2_p1_27_browser.json,20406,54,27,27,0,10653,4961,15614,0.189932,30,0,0,0,1736,0,-1377,0,88,663,0,-263,0,-263,0,-216,0,-374,0,-6,0,extra_trees,0.8215043802947049,1
RQ7_CONFIRM_default_c2_p1_28,default_c2_p1,default,c2,1,none,standard_dns,1,/opt/praxis/pcaps/RQ7_CONFIRM_default_c2_p1_28.pcap,/opt/praxis/logs/RQ7_CONFIRM_default_c2_p1_28_browser.json,20622,57,28,29,0,10589,4977,15566,0.188902,36,0,0,0,1800,0,-1377,0,88,663,0,-263,0,-263,0,-216,0,-374,0,-6,0,extra_trees,0.867537674881578,1
RQ7_CONFIRM_default_c2_p1_29,default_c2_p1,default,c2,1,none,standard_dns,1,/opt/praxis/pcaps/RQ7_CONFIRM_default_c2_p1_29.pcap,/opt/praxis/logs/RQ7_CONFIRM_default_c2_p1_29_browser.json,20350,53,26,27,0,10677,4969,15646,0.190608,40,0,0,0,1768,0,-1377,0,88,663,0,-263,0,-263,0,-216,0,-374,0,-6,0,extra_trees,0.8572511808577389,1
RQ7_CONFIRM_default_c2_p1_30,default_c2_p1,default,c2,1,none,standard_dns,1,/opt/praxis/pcaps/RQ7_CONFIRM_default_c2_p1_30.pcap,/opt/praxis/logs/RQ7_CONFIRM_default_c2_p1_30_browser.json,20342,54,27,27,0,10589,4961,15550,0.193628,32,0,0,0,1768,0,-1377,0,88,663,0,-263,0,-263,0,-216,0,-374,-6,0,0,extra_trees,0.8278245728902487,1
RQ7_CONFIRM_default_c2_p1_31,default_c2_p1,default,c2,1,none,standard_dns,1,/opt/praxis/pcaps/RQ7_CONFIRM_default_c2_p1_31.pcap,/opt/praxis/logs/RQ7_CONFIRM_default_c2_p1_31_browser.json,20318,55,28,27,0,10461,4977,15438,0.186683,34,0,0,0,1768,0,-1377,0,88,663,0,-263,0,-263,0,-216,0,-374,0,-6,0,extra_trees,0.8470744563763238,1
RQ7_CONFIRM_default_c2_p1_32,default_c2_p1,default,c2,1,none,standard_dns,1,/opt/praxis/pcaps/RQ7_CONFIRM_default_c2_p1_32.pcap,/opt/praxis/logs/RQ7_CONFIRM_default_c2_p1_32_browser.json,20630,56,28,28,0,10685,4977,15662,0.186946,32,0,0,0,1768,0,-1377,0,88,663,0,-263,0,-263,0,-216,0,-374,-6,0,0,extra_trees,0.851472396376646,1
RQ7_CONFIRM_default_c2_p1_33,default_c2_p1,default,c2,1,none,standard_dns,1,/opt/praxis/pcaps/RQ7_CONFIRM_default_c2_p1_33.pcap,/opt/praxis/logs/RQ7_CONFIRM_default_c2_p1_33_browser.json,20134,52,26,26,0,10549,4969,15518,0.190991,34,0,0,0,1768,0,-1377,0,88,663,0,-263,0,-263,0,-216,0,-374,-6,0,0,extra_trees,0.8241131731788489,1
RQ7_CONFIRM_default_c2_p1_34,default_c2_p1,default,c2,1,none,standard_dns,1,/opt/praxis/pcaps/RQ7_CONFIRM_default_c2_p1_34.pcap,/opt/praxis/logs/RQ7_CONFIRM_default_c2_p1_34_browser.json,20566,55,28,27,0,10717,4969,15686,0.188795,34,0,0,0,1832,0,-1377,0,88,663,0,-263,0,-263,0,-216,0,-374,0,-6,0,extra_trees,0.8495979795258102,1
RQ7_CONFIRM_default_c2_p1_35,default_c2_p1,default,c2,1,none,standard_dns,1,/opt/praxis/pcaps/RQ7_CONFIRM_default_c2_p1_35.pcap,/opt/praxis/logs/RQ7_CONFIRM_default_c2_p1_35_browser.json,20342,54,27,27,0,10589,4961,15550,0.1877,34,0,0,0,1800,0,-1377,0,88,663,0,-263,0,-263,0,-216,0,-374,0,-6,0,extra_trees,0.8358745153554874,1
RQ7_CONFIRM_default_c2_p1_36,default_c2_p1,default,c2,1,none,standard_dns,1,/opt/praxis/pcaps/RQ7_CONFIRM_default_c2_p1_36.pcap,/opt/praxis/logs/RQ7_CONFIRM_default_c2_p1_36_browser.json,19878,50,25,25,0,10485,4953,15438,0.184509,32,0,0,0,1768,0,-1377,0,88,663,0,-263,0,-263,0,-582,0,-6,0,6,1988,extra_trees,0.8014374939870206,1
RQ7_CONFIRM_default_c2_p1_37,default_c2_p1,default,c2,1,none,standard_dns,1,/opt/praxis/pcaps/RQ7_CONFIRM_default_c2_p1_37.pcap,/opt/praxis/logs/RQ7_CONFIRM_default_c2_p1_37_browser.json,20494,56,28,28,0,10557,4969,15526,0.190411,34,0,0,0,1768,0,-1377,0,88,663,0,-263,0,-263,0,-216,0,-374,0,-6,0,extra_trees,0.859537674881578,1
RQ7_CONFIRM_default_c2_p1_38,default_c2_p1,default,c2,1,none,standard_dns,1,/opt/praxis/pcaps/RQ7_CONFIRM_default_c2_p1_38.pcap,/opt/praxis/logs/RQ7_CONFIRM_default_c2_p1_38_browser.json,20230,52,25,27,0,10645,4969,15614,0.181452,34,0,0,0,1768,0,-1377,0,88,663,0,-263,0,-263,0,-582,0,-6,0,6,2052,extra_trees,0.8199429586715898,1
RQ7_CONFIRM_default_c2_p1_39,default_c2_p1,default,c2,1,none,standard_dns,1,/opt/praxis/pcaps/RQ7_CONFIRM_default_c2_p1_39.pcap,/opt/praxis/logs/RQ7_CONFIRM_default_c2_p1_39_browser.json,20470,54,27,27,0,10717,4961,15678,0.191269,30,0,0,0,1768,0,-1377,0,88,663,0,-263,0,-263,0,-582,0,-6,0,6,2084,extra_trees,0.831617280956599,1
RQ7_CONFIRM_default_c2_p1_40,default_c2_p1,default,c2,1,none,standard_dns,1,/opt/praxis/pcaps/RQ7_CONFIRM_default_c2_p1_40.pcap,/opt/praxis/logs/RQ7_CONFIRM_default_c2_p1_40_browser.json,20310,54,27,27,0,10557,4961,15518,0.18514,30,0,0,0,1800,0,-1377,0,88,663,0,-263,0,-263,0,-216,0,-374,0,-6,0,extra_trees,0.8218765133574853,1
RQ7_CONFIRM_default_c2_p1_41,default_c2_p1,default,c2,1,none,standard_dns,1,/opt/praxis/pcaps/RQ7_CONFIRM_default_c2_p1_41.pcap,/opt/praxis/logs/RQ7_CONFIRM_default_c2_p1_41_browser.json,20254,54,27,27,0,10493,4969,15462,0.186114,34,0,0,0,1736,0,-1377,0,88,663,0,-263,0,-263,0,-216,0,-374,0,-6,0,extra_trees,0.8349949196061397,1
RQ7_CONFIRM_default_c2_p1_42,default_c2_p1,default,c2,1,none,standard_dns,1,/opt/praxis/pcaps/RQ7_CONFIRM_default_c2_p1_42.pcap,/opt/praxis/logs/RQ7_CONFIRM_default_c2_p1_42_browser.json,20374,54,27,27,0,10621,4961,15582,0.187359,34,0,0,0,1800,0,-1377,0,88,663,0,-263,0,-263,0,-216,0,-374,0,-6,0,extra_trees,0.8358745153554874,1
RQ7_CONFIRM_default_c2_p1_43,default_c2_p1,default,c2,1,none,standard_dns,1,/opt/praxis/pcaps/RQ7_CONFIRM_default_c2_p1_43.pcap,/opt/praxis/logs/RQ7_CONFIRM_default_c2_p1_43_browser.json,20470,56,28,28,0,10525,4977,15502,0.182789,36,0,0,0,1736,0,-1377,0,88,663,0,-263,0,-263,0,-216,0,-374,0,-6,0,extra_trees,0.8646580791322304,1
RQ7_CONFIRM_default_c2_p1_44,default_c2_p1,default,c2,1,none,standard_dns,1,/opt/praxis/pcaps/RQ7_CONFIRM_default_c2_p1_44.pcap,/opt/praxis/logs/RQ7_CONFIRM_default_c2_p1_44_browser.json,20294,52,26,26,0,10717,4961,15678,0.185416,38,0,0,0,1800,0,-1377,0,88,663,0,-263,0,-263,0,-582,0,-6,0,6,2084,extra_trees,0.8539032891890892,1
RQ7_CONFIRM_default_c2_p1_45,default_c2_p1,default,c2,1,none,standard_dns,1,/opt/praxis/pcaps/RQ7_CONFIRM_default_c2_p1_45.pcap,/opt/praxis/logs/RQ7_CONFIRM_default_c2_p1_45_browser.json,20030,52,26,26,0,10453,4961,15414,0.194644,34,0,0,0,1800,0,-1377,0,88,663,0,-263,0,-263,0,-216,0,-374,0,-6,0,extra_trees,0.8216576509595185,1
RQ7_CONFIRM_default_c2_p1_46,default_c2_p1,default,c2,1,none,standard_dns,1,/opt/praxis/pcaps/RQ7_CONFIRM_default_c2_p1_46.pcap,/opt/praxis/logs/RQ7_CONFIRM_default_c2_p1_46_browser.json,20310,54,27,27,0,10557,4961,15518,0.183835,34,0,0,0,1736,0,-1377,0,88,663,0,-263,0,-263,0,-582,0,-6,0,6,2052,extra_trees,0.8452431498918205,1
RQ7_CONFIRM_default_c2_p1_47,default_c2_p1,default,c2,1,none,standard_dns,1,/opt/praxis/pcaps/RQ7_CONFIRM_default_c2_p1_47.pcap,/opt/praxis/logs/RQ7_CONFIRM_default_c2_p1_47_browser.json,20222,52,26,26,0,10653,4953,15606,0.192541,34,0,0,0,1736,0,-1377,0,88,663,0,-263,0,-263,0,-582,0,-6,0,6,2052,extra_trees,0.8295337481824189,1
RQ7_CONFIRM_default_c2_p1_48,default_c2_p1,default,c2,1,none,standard_dns,1,/opt/praxis/pcaps/RQ7_CONFIRM_default_c2_p1_48.pcap,/opt/praxis/logs/RQ7_CONFIRM_default_c2_p1_48_browser.json,20254,54,27,27,0,10493,4969,15462,0.182903,32,0,0,0,1800,0,-1377,0,88,663,0,-263,0,-263,0,-216,0,-374,0,-6,0,extra_trees,0.8293690506709183,1
RQ7_CONFIRM_default_c2_p1_49,default_c2_p1,default,c2,1,none,standard_dns,1,/opt/praxis/pcaps/RQ7_CONFIRM_default_c2_p1_49.pcap,/opt/praxis/logs/RQ7_CONFIRM_default_c2_p1_49_browser.json,20230,53,26,27,0,10557,4969,15526,0.188622,38,0,0,0,1800,0,-1377,0,88,663,0,-263,0,-263,0,-582,0,-6,0,6,2020,extra_trees,0.8616126908984908,1
RQ7_CONFIRM_default_c2_p1_50,default_c2_p1,default,c2,1,none,standard_dns,1,/opt/praxis/pcaps/RQ7_CONFIRM_default_c2_p1_50.pcap,/opt/praxis/logs/RQ7_CONFIRM_default_c2_p1_50_browser.json,20126,52,26,26,0,10557,4953,15510,0.182422,30,0,0,0,1800,0,-1377,0,88,663,0,-263,0,-263,0,-582,0,-6,0,6,2084,extra_trees,0.8159078792471974,1
RQ7_CONFIRM_baseline_default_off_01,baseline_default_off,default,off,1,none,standard_dns,1,/opt/praxis/pcaps/RQ7_CONFIRM_baseline_default_off_01.pcap,/opt/praxis/logs/RQ7_CONFIRM_baseline_default_off_01_browser.json,21665,70,36,34,0,10586,4831,15417,1.141853,44,0,0,0,1759,0,-1369,0,80,655,0,-255,0,-255,0,-208,0,-366,0,0,0,gradient_boosting,0.9999651526750792,1
RQ7_CONFIRM_baseline_default_off_02,baseline_default_off,default,off,1,none,standard_dns,1,/opt/praxis/pcaps/RQ7_CONFIRM_baseline_default_off_02.pcap,/opt/praxis/logs/RQ7_CONFIRM_baseline_default_off_02_browser.json,21417,69,35,34,0,10426,4831,15257,1.139745,44,0,0,0,1759,0,-1369,0,80,655,0,-255,0,-255,0,-208,0,-366,0,0,0,gradient_boosting,0.9999651526750792,1
RQ7_CONFIRM_baseline_default_off_03,baseline_default_off,default,off,1,none,standard_dns,1,/opt/praxis/pcaps/RQ7_CONFIRM_baseline_default_off_03.pcap,/opt/praxis/logs/RQ7_CONFIRM_baseline_default_off_03_browser.json,21521,68,35,33,0,10618,4831,15449,1.139794,42,0,0,0,1823,0,-1369,0,80,655,0,-255,0,-255,0,-574,0,0,0,0,0,gradient_boosting,0.9999651526750792,1
RQ7_CONFIRM_baseline_default_off_04,baseline_default_off,default,off,1,none,standard_dns,1,/opt/praxis/pcaps/RQ7_CONFIRM_baseline_default_off_04.pcap,/opt/praxis/logs/RQ7_CONFIRM_baseline_default_off_04_browser.json,21337,67,34,33,0,10522,4831,15353,1.145909,40,0,0,0,1823,0,-1369,0,80,655,0,-255,0,-255,0,-208,-366,0,0,0,0,gradient_boosting,0.9999651526750792,1
RQ7_CONFIRM_baseline_default_off_05,baseline_default_off,default,off,1,none,standard_dns,1,/opt/praxis/pcaps/RQ7_CONFIRM_baseline_default_off_05.pcap,/opt/praxis/logs/RQ7_CONFIRM_baseline_default_off_05_browser.json,21369,67,34,33,0,10554,4831,15385,1.147163,44,0,0,0,1727,0,-1369,0,80,655,0,-255,0,-255,0,-574,0,0,0,0,2062,gradient_boosting,0.9999651526750792,1
RQ7_CONFIRM_baseline_default_off_06,baseline_default_off,default,off,1,none,standard_dns,1,/opt/praxis/pcaps/RQ7_CONFIRM_baseline_default_off_06.pcap,/opt/praxis/logs/RQ7_CONFIRM_baseline_default_off_06_browser.json,21385,69,35,34,0,10394,4831,15225,1.142792,44,0,0,0,1727,0,-1369,0,80,655,0,-255,0,-255,0,-208,0,-366,0,0,0,gradient_boosting,0.9999651526750792,1
RQ7_CONFIRM_baseline_default_off_07,baseline_default_off,default,off,1,none,standard_dns,1,/opt/praxis/pcaps/RQ7_CONFIRM_baseline_default_off_07.pcap,/opt/praxis/logs/RQ7_CONFIRM_baseline_default_off_07_browser.json,21305,67,34,33,0,10490,4831,15321,1.144525,38,0,0,0,1791,0,-1369,0,80,655,0,-255,0,-255,0,-574,0,0,0,0,0,gradient_boosting,0.9999651526750792,1
RQ7_CONFIRM_baseline_default_off_08,baseline_default_off,default,off,1,none,standard_dns,1,/opt/praxis/pcaps/RQ7_CONFIRM_baseline_default_off_08.pcap,/opt/praxis/logs/RQ7_CONFIRM_baseline_default_off_08_browser.json,21209,67,34,33,0,10394,4831,15225,1.144064,42,0,0,0,1727,0,-1369,0,80,655,0,-255,0,-255,0,-574,0,0,0,0,2030,gradient_boosting,0.9999651526750792,1
RQ7_CONFIRM_baseline_default_off_09,baseline_default_off,default,off,1,none,standard_dns,1,/opt/praxis/pcaps/RQ7_CONFIRM_baseline_default_off_09.pcap,/opt/praxis/logs/RQ7_CONFIRM_baseline_default_off_09_browser.json,21369,67,34,33,0,10554,4831,15385,1.146044,42,0,0,0,1759,0,-1369,0,80,655,0,-255,0,-255,0,-208,-366,0,0,0,0,gradient_boosting,0.9999651526750792,1
RQ7_CONFIRM_baseline_default_off_10,baseline_default_off,default,off,1,none,standard_dns,1,/opt/praxis/pcaps/RQ7_CONFIRM_baseline_default_off_10.pcap,/opt/praxis/logs/RQ7_CONFIRM_baseline_default_off_10_browser.json,21569,70,36,34,0,10490,4831,15321,1.141708,46,0,0,0,1759,0,-1369,0,80,655,0,-255,0,-255,0,-208,0,-366,0,0,0,gradient_boosting,0.9999651526750792,1
RQ7_CONFIRM_baseline_default_off_11,baseline_default_off,default,off,1,none,standard_dns,1,/opt/praxis/pcaps/RQ7_CONFIRM_baseline_default_off_11.pcap,/opt/praxis/logs/RQ7_CONFIRM_baseline_default_off_11_browser.json,21609,69,35,34,0,10618,4831,15449,1.139084,44,0,0,0,1791,0,-1369,0,80,655,0,-255,0,-255,0,-208,0,-366,0,0,0,gradient_boosting,0.9999651526750792,1
RQ7_CONFIRM_baseline_default_off_12,baseline_default_off,default,off,1,none,standard_dns,1,/opt/praxis/pcaps/RQ7_CONFIRM_baseline_default_off_12.pcap,/opt/praxis/logs/RQ7_CONFIRM_baseline_default_off_12_browser.json,21937,72,37,35,0,10682,4831,15513,1.144409,42,0,0,0,1823,0,-1369,0,80,655,0,-255,0,-255,0,-208,0,-366,0,0,0,gradient_boosting,0.9999651526750792,1
RQ7_CONFIRM_baseline_default_off_13,baseline_default_off,default,off,1,none,standard_dns,1,/opt/praxis/pcaps/RQ7_CONFIRM_baseline_default_off_13.pcap,/opt/praxis/logs/RQ7_CONFIRM_baseline_default_off_13_browser.json,21545,69,35,34,0,10554,4831,15385,1.14453,44,0,0,0,1759,0,-1369,0,80,655,0,-255,0,-255,0,-208,0,-366,0,0,0,gradient_boosting,0.9999651526750792,1
RQ7_CONFIRM_baseline_default_off_14,baseline_default_off,default,off,1,none,standard_dns,1,/opt/praxis/pcaps/RQ7_CONFIRM_baseline_default_off_14.pcap,/opt/praxis/logs/RQ7_CONFIRM_baseline_default_off_14_browser.json,21633,70,36,34,0,10554,4831,15385,1.143213,44,0,0,0,1791,0,-1369,0,80,655,0,-255,0,-255,0,-208,0,-366,0,0,0,gradient_boosting,0.9999651526750792,1
RQ7_CONFIRM_baseline_default_off_15,baseline_default_off,default,off,1,none,standard_dns,1,/opt/praxis/pcaps/RQ7_CONFIRM_baseline_default_off_15.pcap,/opt/praxis/logs/RQ7_CONFIRM_baseline_default_off_15_browser.json,21665,70,36,34,0,10586,4831,15417,1.142199,44,0,0,0,1823,0,-1369,0,80,655,0,-255,0,-255,0,-208,0,-366,0,0,0,gradient_boosting,0.9999651526750792,1
RQ7_CONFIRM_baseline_default_off_16,baseline_default_off,default,off,1,none,standard_dns,1,/opt/praxis/pcaps/RQ7_CONFIRM_baseline_default_off_16.pcap,/opt/praxis/logs/RQ7_CONFIRM_baseline_default_off_16_browser.json,21305,67,34,33,0,10490,4831,15321,1.14148,42,0,0,0,1791,0,-1369,0,80,655,0,-255,0,-255,0,-574,0,0,0,0,1998,gradient_boosting,0.9999651526750792,1
RQ7_CONFIRM_baseline_default_off_17,baseline_default_off,default,off,1,none,standard_dns,1,/opt/praxis/pcaps/RQ7_CONFIRM_baseline_default_off_17.pcap,/opt/praxis/logs/RQ7_CONFIRM_baseline_default_off_17_browser.json,21577,69,35,34,0,10586,4831,15417,1.141105,44,0,0,0,1791,0,-1369,0,80,655,0,-255,0,-255,0,-208,0,-366,0,0,0,gradient_boosting,0.9999651526750792,1
RQ7_CONFIRM_baseline_default_off_18,baseline_default_off,default,off,1,none,standard_dns,1,/opt/praxis/pcaps/RQ7_CONFIRM_baseline_default_off_18.pcap,/opt/praxis/logs/RQ7_CONFIRM_baseline_default_off_18_browser.json,21625,71,37,34,0,10458,4831,15289,1.142971,42,0,0,0,1823,0,-1369,0,80,655,0,-255,0,-255,0,-208,0,-366,0,0,0,gradient_boosting,0.9999651526750792,1
RQ7_CONFIRM_baseline_default_off_19,baseline_default_off,default,off,1,none,standard_dns,1,/opt/praxis/pcaps/RQ7_CONFIRM_baseline_default_off_19.pcap,/opt/praxis/logs/RQ7_CONFIRM_baseline_default_off_19_browser.json,21481,69,35,34,0,10490,4831,15321,1.143154,44,0,0,0,1727,0,-1369,0,80,655,0,-255,0,-255,0,-208,0,-366,0,0,0,gradient_boosting,0.9999651526750792,1
RQ7_CONFIRM_baseline_default_off_20,baseline_default_off,default,off,1,none,standard_dns,1,/opt/praxis/pcaps/RQ7_CONFIRM_baseline_default_off_20.pcap,/opt/praxis/logs/RQ7_CONFIRM_baseline_default_off_20_browser.json,21545,69,35,34,0,10554,4831,15385,1.141477,44,0,0,0,1823,0,-1369,0,80,655,0,-255,0,-255,0,-208,0,-366,0,0,0,gradient_boosting,0.9999651526750792,1
RQ7_CONFIRM_baseline_default_off_21,baseline_default_off,default,off,1,none,standard_dns,1,/opt/praxis/pcaps/RQ7_CONFIRM_baseline_default_off_21.pcap,/opt/praxis/logs/RQ7_CONFIRM_baseline_default_off_21_browser.json,21449,69,35,34,0,10458,4831,15289,1.14448,42,0,0,0,1759,0,-1369,0,80,655,0,-255,0,-255,0,-208,0,-366,0,0,0,gradient_boosting,0.9999651526750792,1
RQ7_CONFIRM_baseline_default_off_22,baseline_default_off,default,off,1,none,standard_dns,1,/opt/praxis/pcaps/RQ7_CONFIRM_baseline_default_off_22.pcap,/opt/praxis/logs/RQ7_CONFIRM_baseline_default_off_22_browser.json,21569,70,36,34,0,10490,4831,15321,1.139051,42,0,0,0,1759,0,-1369,0,80,655,0,-255,0,-255,0,-208,0,-366,0,0,0,gradient_boosting,0.9999651526750792,1
RQ7_CONFIRM_baseline_default_off_23,baseline_default_off,default,off,1,none,standard_dns,1,/opt/praxis/pcaps/RQ7_CONFIRM_baseline_default_off_23.pcap,/opt/praxis/logs/RQ7_CONFIRM_baseline_default_off_23_browser.json,21545,69,35,34,0,10554,4831,15385,1.141934,42,0,0,0,1727,0,-1369,0,80,655,0,-255,0,-255,0,-208,0,-366,0,0,0,gradient_boosting,0.9999651526750792,1
RQ7_CONFIRM_baseline_default_off_24,baseline_default_off,default,off,1,none,standard_dns,1,/opt/praxis/pcaps/RQ7_CONFIRM_baseline_default_off_24.pcap,/opt/praxis/logs/RQ7_CONFIRM_baseline_default_off_24_browser.json,21209,67,34,33,0,10394,4831,15225,1.144279,42,0,0,0,1791,0,-1369,0,80,655,0,-255,0,-255,0,-208,0,-366,0,0,0,gradient_boosting,0.9999651526750792,1
RQ7_CONFIRM_baseline_default_off_25,baseline_default_off,default,off,1,none,standard_dns,1,/opt/praxis/pcaps/RQ7_CONFIRM_baseline_default_off_25.pcap,/opt/praxis/logs/RQ7_CONFIRM_baseline_default_off_25_browser.json,21577,69,35,34,0,10586,4831,15417,1.144272,46,0,0,0,1823,0,-1369,0,80,655,0,-255,0,-255,0,-208,0,-366,0,0,0,gradient_boosting,0.9999651526750792,1
RQ7_CONFIRM_baseline_default_off_26,baseline_default_off,default,off,1,none,standard_dns,1,/opt/praxis/pcaps/RQ7_CONFIRM_baseline_default_off_26.pcap,/opt/praxis/logs/RQ7_CONFIRM_baseline_default_off_26_browser.json,21545,69,36,33,0,10554,4831,15385,1.146769,46,0,0,0,1759,0,-1369,0,80,655,0,-255,0,-255,0,-574,0,0,0,0,2094,gradient_boosting,0.9999651526750792,1
RQ7_CONFIRM_baseline_default_off_27,baseline_default_off,default,off,1,none,standard_dns,1,/opt/praxis/pcaps/RQ7_CONFIRM_baseline_default_off_27.pcap,/opt/praxis/logs/RQ7_CONFIRM_baseline_default_off_27_browser.json,21593,71,36,35,0,10426,4831,15257,1.140293,42,0,0,0,1727,0,-1369,0,80,655,0,-255,0,-255,0,-208,0,-366,0,0,0,gradient_boosting,0.9999651526750792,1
RQ7_CONFIRM_baseline_default_off_28,baseline_default_off,default,off,1,none,standard_dns,1,/opt/praxis/pcaps/RQ7_CONFIRM_baseline_default_off_28.pcap,/opt/praxis/logs/RQ7_CONFIRM_baseline_default_off_28_browser.json,21513,69,35,34,0,10522,4831,15353,1.141719,44,0,0,0,1791,0,-1369,0,80,655,0,-255,0,-255,0,-208,0,-366,0,0,0,gradient_boosting,0.9999651526750792,1
RQ7_CONFIRM_baseline_default_off_29,baseline_default_off,default,off,1,none,standard_dns,1,/opt/praxis/pcaps/RQ7_CONFIRM_baseline_default_off_29.pcap,/opt/praxis/logs/RQ7_CONFIRM_baseline_default_off_29_browser.json,21665,70,36,34,0,10586,4831,15417,1.145373,42,0,0,0,1823,0,-1369,0,80,655,0,-255,0,-255,0,-208,0,-366,0,0,0,gradient_boosting,0.9999651526750792,1
RQ7_CONFIRM_baseline_default_off_30,baseline_default_off,default,off,1,none,standard_dns,1,/opt/praxis/pcaps/RQ7_CONFIRM_baseline_default_off_30.pcap,/opt/praxis/logs/RQ7_CONFIRM_baseline_default_off_30_browser.json,21273,67,34,33,0,10458,4831,15289,1.141588,44,0,0,0,1727,0,-1369,0,80,655,0,-255,0,-255,0,-208,0,-366,0,0,0,gradient_boosting,0.9999651526750792,1
RQ7_CONFIRM_baseline_default_off_31,baseline_default_off,default,off,1,none,standard_dns,1,/opt/praxis/pcaps/RQ7_CONFIRM_baseline_default_off_31.pcap,/opt/praxis/logs/RQ7_CONFIRM_baseline_default_off_31_browser.json,21433,67,34,33,0,10618,4831,15449,1.142839,44,0,0,0,1791,0,-1369,0,80,655,0,-255,0,-255,0,-208,0,-366,0,0,0,gradient_boosting,0.9999651526750792,1
RQ7_CONFIRM_baseline_default_off_32,baseline_default_off,default,off,1,none,standard_dns,1,/opt/praxis/pcaps/RQ7_CONFIRM_baseline_default_off_32.pcap,/opt/praxis/logs/RQ7_CONFIRM_baseline_default_off_32_browser.json,21577,69,35,34,0,10586,4831,15417,1.146946,40,0,0,0,1791,0,-1369,0,80,655,0,-255,0,-255,0,-574,0,0,0,0,2030,gradient_boosting,0.9999651526750792,1
RQ7_CONFIRM_baseline_default_off_33,baseline_default_off,default,off,1,none,standard_dns,1,/opt/praxis/pcaps/RQ7_CONFIRM_baseline_default_off_33.pcap,/opt/praxis/logs/RQ7_CONFIRM_baseline_default_off_33_browser.json,21425,68,35,33,0,10522,4831,15353,1.146236,42,0,0,0,1823,0,-1369,0,80,655,0,-255,0,-255,0,-574,0,0,0,0,1998,gradient_boosting,0.9999651526750792,1
RQ7_CONFIRM_baseline_default_off_34,baseline_default_off,default,off,1,none,standard_dns,1,/opt/praxis/pcaps/RQ7_CONFIRM_baseline_default_off_34.pcap,/opt/praxis/logs/RQ7_CONFIRM_baseline_default_off_34_browser.json,21649,72,36,36,0,10394,4831,15225,1.14966,44,0,0,0,1727,0,-1369,0,80,655,0,-255,0,-255,0,-208,0,-366,0,0,0,gradient_boosting,0.9999651526750792,1
RQ7_CONFIRM_baseline_default_off_35,baseline_default_off,default,off,1,none,standard_dns,1,/opt/praxis/pcaps/RQ7_CONFIRM_baseline_default_off_35.pcap,/opt/praxis/logs/RQ7_CONFIRM_baseline_default_off_35_browser.json,21305,67,34,33,0,10490,4831,15321,1.142591,44,0,0,0,1759,0,-1369,0,80,655,0,-255,0,-255,0,-208,0,-366,0,0,0,gradient_boosting,0.9999651526750792,1
RQ7_CONFIRM_baseline_default_off_36,baseline_default_off,default,off,1,none,standard_dns,1,/opt/praxis/pcaps/RQ7_CONFIRM_baseline_default_off_36.pcap,/opt/praxis/logs/RQ7_CONFIRM_baseline_default_off_36_browser.json,21545,69,35,34,0,10554,4831,15385,1.144784,40,0,0,0,1727,0,-1369,0,80,655,0,-255,0,-255,0,-574,0,0,0,0,2062,gradient_boosting,0.9999651526750792,1
RQ7_CONFIRM_baseline_default_off_37,baseline_default_off,default,off,1,none,standard_dns,1,/opt/praxis/pcaps/RQ7_CONFIRM_baseline_default_off_37.pcap,/opt/praxis/logs/RQ7_CONFIRM_baseline_default_off_37_browser.json,21537,70,36,34,0,10458,4831,15289,1.140335,44,0,0,0,1759,0,-1369,0,80,655,0,-255,0,-255,0,-208,-366,0,0,0,0,gradient_boosting,0.9999651526750792,1
RQ7_CONFIRM_baseline_default_off_38,baseline_default_off,default,off,1,none,standard_dns,1,/opt/praxis/pcaps/RQ7_CONFIRM_baseline_default_off_38.pcap,/opt/praxis/logs/RQ7_CONFIRM_baseline_default_off_38_browser.json,21537,70,36,34,0,10458,4831,15289,1.143674,48,0,0,0,1759,0,-1369,0,80,655,0,-255,0,-255,0,-208,0,-366,0,0,0,gradient_boosting,0.9999651526750792,1
RQ7_CONFIRM_baseline_default_off_39,baseline_default_off,default,off,1,none,standard_dns,1,/opt/praxis/pcaps/RQ7_CONFIRM_baseline_default_off_39.pcap,/opt/praxis/logs/RQ7_CONFIRM_baseline_default_off_39_browser.json,21305,67,34,33,0,10490,4831,15321,1.140609,42,0,0,0,1727,0,-1369,0,80,655,0,-255,0,-255,0,-574,0,0,0,0,1998,gradient_boosting,0.9999651526750792,1
RQ7_CONFIRM_baseline_default_off_40,baseline_default_off,default,off,1,none,standard_dns,1,/opt/praxis/pcaps/RQ7_CONFIRM_baseline_default_off_40.pcap,/opt/praxis/logs/RQ7_CONFIRM_baseline_default_off_40_browser.json,21609,69,35,34,0,10618,4831,15449,1.144017,44,0,0,0,1823,0,-1369,0,80,655,0,-255,0,-255,0,-574,0,0,0,0,2094,gradient_boosting,0.9999651526750792,1
RQ7_CONFIRM_baseline_default_off_41,baseline_default_off,default,off,1,none,standard_dns,1,/opt/praxis/pcaps/RQ7_CONFIRM_baseline_default_off_41.pcap,/opt/praxis/logs/RQ7_CONFIRM_baseline_default_off_41_browser.json,21337,67,34,33,0,10522,4831,15353,1.141272,46,0,0,0,1727,0,-1369,0,80,655,0,-255,0,-255,0,-208,0,-366,0,0,0,gradient_boosting,0.9999651526750792,1
RQ7_CONFIRM_baseline_default_off_42,baseline_default_off,default,off,1,none,standard_dns,1,/opt/praxis/pcaps/RQ7_CONFIRM_baseline_default_off_42.pcap,/opt/praxis/logs/RQ7_CONFIRM_baseline_default_off_42_browser.json,21609,69,35,34,0,10618,4831,15449,1.144226,40,0,0,0,1823,0,-1369,0,80,655,0,-255,0,-255,0,-574,0,0,0,0,2062,gradient_boosting,0.9999651526750792,1
RQ7_CONFIRM_baseline_default_off_43,baseline_default_off,default,off,1,none,standard_dns,1,/opt/praxis/pcaps/RQ7_CONFIRM_baseline_default_off_43.pcap,/opt/praxis/logs/RQ7_CONFIRM_baseline_default_off_43_browser.json,21513,69,35,34,0,10522,4831,15353,1.142944,46,0,0,0,1727,0,-1369,0,80,655,0,-255,0,-255,0,-208,0,-366,0,0,0,gradient_boosting,0.9999651526750792,1
RQ7_CONFIRM_baseline_default_off_44,baseline_default_off,default,off,1,none,standard_dns,1,/opt/praxis/pcaps/RQ7_CONFIRM_baseline_default_off_44.pcap,/opt/praxis/logs/RQ7_CONFIRM_baseline_default_off_44_browser.json,21681,72,37,35,0,10426,4831,15257,1.140269,46,0,0,0,1727,0,-1369,0,80,655,0,-255,0,-255,0,-208,0,-366,0,0,0,gradient_boosting,0.9999651526750792,1
RQ7_CONFIRM_baseline_default_off_45,baseline_default_off,default,off,1,none,standard_dns,1,/opt/praxis/pcaps/RQ7_CONFIRM_baseline_default_off_45.pcap,/opt/praxis/logs/RQ7_CONFIRM_baseline_default_off_45_browser.json,21513,69,35,34,0,10522,4831,15353,1.145116,40,0,0,0,1759,0,-1369,0,80,655,0,-255,0,-255,0,-208,-366,0,0,0,0,gradient_boosting,0.9999651526750792,1
RQ7_CONFIRM_baseline_default_off_46,baseline_default_off,default,off,1,none,standard_dns,1,/opt/praxis/pcaps/RQ7_CONFIRM_baseline_default_off_46.pcap,/opt/praxis/logs/RQ7_CONFIRM_baseline_default_off_46_browser.json,21273,67,34,33,0,10458,4831,15289,1.139046,44,0,0,0,1823,0,-1369,0,80,655,0,-255,0,-255,0,-208,0,-366,0,0,0,gradient_boosting,0.9999651526750792,1
RQ7_CONFIRM_baseline_default_off_47,baseline_default_off,default,off,1,none,standard_dns,1,/opt/praxis/pcaps/RQ7_CONFIRM_baseline_default_off_47.pcap,/opt/praxis/logs/RQ7_CONFIRM_baseline_default_off_47_browser.json,21457,68,35,33,0,10554,4831,15385,1.144308,40,0,0,0,1823,0,-1369,0,80,655,0,-255,0,-255,0,-574,0,0,0,0,1998,gradient_boosting,0.9999651526750792,1
RQ7_CONFIRM_baseline_default_off_48,baseline_default_off,default,off,1,none,standard_dns,1,/opt/praxis/pcaps/RQ7_CONFIRM_baseline_default_off_48.pcap,/opt/praxis/logs/RQ7_CONFIRM_baseline_default_off_48_browser.json,21505,70,36,34,0,10426,4831,15257,1.146175,44,0,0,0,1727,0,-1369,0,80,655,0,-255,0,-255,0,-208,0,-366,0,0,0,gradient_boosting,0.9999651526750792,1
RQ7_CONFIRM_baseline_default_off_49,baseline_default_off,default,off,1,none,standard_dns,1,/opt/praxis/pcaps/RQ7_CONFIRM_baseline_default_off_49.pcap,/opt/praxis/logs/RQ7_CONFIRM_baseline_default_off_49_browser.json,21481,69,35,34,0,10490,4831,15321,1.1418,42,0,0,0,1727,0,-1369,0,80,655,0,-255,0,-255,0,-208,0,-366,0,0,0,gradient_boosting,0.9999651526750792,1
RQ7_CONFIRM_baseline_default_off_50,baseline_default_off,default,off,1,none,standard_dns,1,/opt/praxis/pcaps/RQ7_CONFIRM_baseline_default_off_50.pcap,/opt/praxis/logs/RQ7_CONFIRM_baseline_default_off_50_browser.json,21369,67,34,33,0,10554,4831,15385,1.139078,42,0,0,0,1823,0,-1369,0,80,655,0,-255,0,-255,0,-574,0,0,0,0,0,gradient_boosting,0.9999651526750792,1
RQ7_CONFIRM_camouflaged_c2_p1_01,camouflaged_c2_p1,camouflaged,c2,1,none,standard_dns,1,/opt/praxis/pcaps/RQ7_CONFIRM_camouflaged_c2_p1_01.pcap,/opt/praxis/logs/RQ7_CONFIRM_camouflaged_c2_p1_01_browser.json,20585,56,28,28,0,10648,4969,15617,0.184586,34,0,0,0,1800,0,-1377,0,88,687,0,-263,0,-263,0,-216,0,-374,0,-6,0,gradient_boosting,0.9996785941019458,1
RQ7_CONFIRM_camouflaged_c2_p1_02,camouflaged_c2_p1,camouflaged,c2,1,none,standard_dns,1,/opt/praxis/pcaps/RQ7_CONFIRM_camouflaged_c2_p1_02.pcap,/opt/praxis/logs/RQ7_CONFIRM_camouflaged_c2_p1_02_browser.json,20089,50,26,24,0,10712,4937,15649,0.197929,28,0,0,0,1768,0,-1377,0,88,687,0,-263,0,-263,0,-582,-6,0,0,6,2052,gradient_boosting,0.9996785941019458,1
RQ7_CONFIRM_camouflaged_c2_p1_03,camouflaged_c2_p1,camouflaged,c2,1,none,standard_dns,1,/opt/praxis/pcaps/RQ7_CONFIRM_camouflaged_c2_p1_03.pcap,/opt/praxis/logs/RQ7_CONFIRM_camouflaged_c2_p1_03_browser.json,20153,52,26,26,0,10584,4953,15537,0.190154,32,0,0,0,1768,0,-1377,0,88,687,0,-263,0,-263,0,-582,0,-6,0,6,2020,gradient_boosting,0.9996785941019458,1
RQ7_CONFIRM_camouflaged_c2_p1_04,camouflaged_c2_p1,camouflaged,c2,1,none,standard_dns,1,/opt/praxis/pcaps/RQ7_CONFIRM_camouflaged_c2_p1_04.pcap,/opt/praxis/logs/RQ7_CONFIRM_camouflaged_c2_p1_04_browser.json,20417,53,27,26,0,10736,4977,15713,0.188321,34,0,0,0,1832,0,-1377,0,88,687,0,-263,0,-263,0,-216,0,-374,0,-6,0,gradient_boosting,0.9996785941019458,1
RQ7_CONFIRM_camouflaged_c2_p1_05,camouflaged_c2_p1,camouflaged,c2,1,none,standard_dns,1,/opt/praxis/pcaps/RQ7_CONFIRM_camouflaged_c2_p1_05.pcap,/opt/praxis/logs/RQ7_CONFIRM_camouflaged_c2_p1_05_browser.json,20897,58,29,29,0,10776,4977,15753,0.183114,34,0,0,0,1768,0,-1377,0,88,687,0,-263,0,-263,0,-216,0,-374,0,-6,0,gradient_boosting,0.9996785941019458,1
RQ7_CONFIRM_camouflaged_c2_p1_06,camouflaged_c2_p1,camouflaged,c2,1,none,standard_dns,1,/opt/praxis/pcaps/RQ7_CONFIRM_camouflaged_c2_p1_06.pcap,/opt/praxis/logs/RQ7_CONFIRM_camouflaged_c2_p1_06_browser.json,20193,52,26,26,0,10616,4961,15577,0.189476,30,0,0,0,1768,0,-1377,0,88,687,0,-263,0,-263,0,-216,0,-374,-6,0,0,gradient_boosting,0.9996785941019458,1
RQ7_CONFIRM_camouflaged_c2_p1_07,camouflaged_c2_p1,camouflaged,c2,1,none,standard_dns,1,/opt/praxis/pcaps/RQ7_CONFIRM_camouflaged_c2_p1_07.pcap,/opt/praxis/logs/RQ7_CONFIRM_camouflaged_c2_p1_07_browser.json,20441,53,27,26,0,10776,4961,15737,0.183895,30,0,0,0,1800,0,-1377,0,88,687,0,-263,0,-263,0,-216,0,-374,-6,0,0,gradient_boosting,0.9996785941019458,1
RQ7_CONFIRM_camouflaged_c2_p1_08,camouflaged_c2_p1,camouflaged,c2,1,none,standard_dns,1,/opt/praxis/pcaps/RQ7_CONFIRM_camouflaged_c2_p1_08.pcap,/opt/praxis/logs/RQ7_CONFIRM_camouflaged_c2_p1_08_browser.json,20481,54,27,27,0,10712,4977,15689,0.190767,38,0,0,0,1736,0,-1377,0,88,687,0,-263,0,-263,0,-216,0,-374,0,-6,0,gradient_boosting,0.9996785941019458,1
RQ7_CONFIRM_camouflaged_c2_p1_09,camouflaged_c2_p1,camouflaged,c2,1,none,standard_dns,1,/opt/praxis/pcaps/RQ7_CONFIRM_camouflaged_c2_p1_09.pcap,/opt/praxis/logs/RQ7_CONFIRM_camouflaged_c2_p1_09_browser.json,20193,50,25,25,0,10800,4953,15753,0.191965,32,0,0,0,1800,0,-1377,0,88,687,0,-263,0,-263,0,-582,0,-6,0,6,2052,gradient_boosting,0.9996785941019458,1
RQ7_CONFIRM_camouflaged_c2_p1_10,camouflaged_c2_p1,camouflaged,c2,1,none,standard_dns,1,/opt/praxis/pcaps/RQ7_CONFIRM_camouflaged_c2_p1_10.pcap,/opt/praxis/logs/RQ7_CONFIRM_camouflaged_c2_p1_10_browser.json,20313,52,26,26,0,10744,4953,15697,0.189412,34,0,0,0,1832,0,-1377,0,88,687,0,-263,0,-263,0,-582,0,-6,0,6,2084,gradient_boosting,0.9996785941019458,1
RQ7_CONFIRM_camouflaged_c2_p1_11,camouflaged_c2_p1,camouflaged,c2,1,none,standard_dns,1,/opt/praxis/pcaps/RQ7_CONFIRM_camouflaged_c2_p1_11.pcap,/opt/praxis/logs/RQ7_CONFIRM_camouflaged_c2_p1_11_browser.json,20497,54,27,27,0,10744,4961,15705,0.187201,36,0,0,0,1768,0,-1377,0,88,687,0,-263,0,-263,0,-582,0,-6,0,6,2084,gradient_boosting,0.9996785941019458,1
RQ7_CONFIRM_camouflaged_c2_p1_12,camouflaged_c2_p1,camouflaged,c2,1,none,standard_dns,1,/opt/praxis/pcaps/RQ7_CONFIRM_camouflaged_c2_p1_12.pcap,/opt/praxis/logs/RQ7_CONFIRM_camouflaged_c2_p1_12_browser.json,20649,56,28,28,0,10712,4969,15681,0.200795,34,0,0,0,1800,0,-1377,0,88,687,0,-263,0,-263,0,-216,0,-374,0,-6,0,gradient_boosting,0.9996785941019458,1
RQ7_CONFIRM_camouflaged_c2_p1_13,camouflaged_c2_p1,camouflaged,c2,1,none,standard_dns,1,/opt/praxis/pcaps/RQ7_CONFIRM_camouflaged_c2_p1_13.pcap,/opt/praxis/logs/RQ7_CONFIRM_camouflaged_c2_p1_13_browser.json,20353,52,26,26,0,10768,4969,15737,0.187664,34,0,0,0,1768,0,-1377,0,88,687,0,-263,0,-263,0,-216,0,-374,0,-6,0,gradient_boosting,0.9996785941019458,1
RQ7_CONFIRM_camouflaged_c2_p1_14,camouflaged_c2_p1,camouflaged,c2,1,none,standard_dns,1,/opt/praxis/pcaps/RQ7_CONFIRM_camouflaged_c2_p1_14.pcap,/opt/praxis/logs/RQ7_CONFIRM_camouflaged_c2_p1_14_browser.json,20033,51,25,26,0,10552,4953,15505,0.189224,34,0,0,0,1768,0,-1377,0,88,687,0,-263,0,-263,0,-582,0,-6,0,6,1988,gradient_boosting,0.9996785941019458,1
RQ7_CONFIRM_camouflaged_c2_p1_15,camouflaged_c2_p1,camouflaged,c2,1,none,standard_dns,1,/opt/praxis/pcaps/RQ7_CONFIRM_camouflaged_c2_p1_15.pcap,/opt/praxis/logs/RQ7_CONFIRM_camouflaged_c2_p1_15_browser.json,20201,52,26,26,0,10616,4969,15585,0.191309,36,0,0,0,1768,0,-1377,0,88,687,0,-263,0,-263,0,-582,0,-6,0,6,2020,gradient_boosting,0.9996785941019458,1
RQ7_CONFIRM_camouflaged_c2_p1_16,camouflaged_c2_p1,camouflaged,c2,1,none,standard_dns,1,/opt/praxis/pcaps/RQ7_CONFIRM_camouflaged_c2_p1_16.pcap,/opt/praxis/logs/RQ7_CONFIRM_camouflaged_c2_p1_16_browser.json,20817,57,28,29,0,10776,4985,15761,0.18772,32,0,0,0,1768,0,-1377,0,88,687,0,-263,0,-263,0,-216,0,-374,-6,0,0,gradient_boosting,0.9996785941019458,1
RQ7_CONFIRM_camouflaged_c2_p1_17,camouflaged_c2_p1,camouflaged,c2,1,none,standard_dns,1,/opt/praxis/pcaps/RQ7_CONFIRM_camouflaged_c2_p1_17.pcap,/opt/praxis/logs/RQ7_CONFIRM_camouflaged_c2_p1_17_browser.json,20385,54,27,27,0,10616,4977,15593,0.192556,40,0,0,0,1832,0,-1377,0,88,687,0,-263,0,-263,0,-216,0,-374,0,-6,0,gradient_boosting,0.9996785941019458,1
RQ7_CONFIRM_camouflaged_c2_p1_18,camouflaged_c2_p1,camouflaged,c2,1,none,standard_dns,1,/opt/praxis/pcaps/RQ7_CONFIRM_camouflaged_c2_p1_18.pcap,/opt/praxis/logs/RQ7_CONFIRM_camouflaged_c2_p1_18_browser.json,20409,53,26,27,0,10744,4961,15705,0.186782,32,0,0,0,1768,0,-1377,0,88,687,0,-263,0,-263,0,-582,0,-6,0,6,2052,gradient_boosting,0.9996785941019458,1
RQ7_CONFIRM_camouflaged_c2_p1_19,camouflaged_c2_p1,camouflaged,c2,1,none,standard_dns,1,/opt/praxis/pcaps/RQ7_CONFIRM_camouflaged_c2_p1_19.pcap,/opt/praxis/logs/RQ7_CONFIRM_camouflaged_c2_p1_19_browser.json,20337,54,27,27,0,10584,4961,15545,0.191449,30,0,0,0,1736,0,-1377,0,88,687,0,-263,0,-263,0,-216,0,-374,0,-6,0,gradient_boosting,0.9996785941019458,1
RQ7_CONFIRM_camouflaged_c2_p1_20,camouflaged_c2_p1,camouflaged,c2,1,none,standard_dns,1,/opt/praxis/pcaps/RQ7_CONFIRM_camouflaged_c2_p1_20.pcap,/opt/praxis/logs/RQ7_CONFIRM_camouflaged_c2_p1_20_browser.json,20441,53,26,27,0,10776,4961,15737,0.190748,38,0,0,0,1832,0,-1377,0,88,687,0,-263,0,-263,0,-582,0,-6,0,6,2052,gradient_boosting,0.9996785941019458,1
RQ7_CONFIRM_camouflaged_c2_p1_21,camouflaged_c2_p1,camouflaged,c2,1,none,standard_dns,1,/opt/praxis/pcaps/RQ7_CONFIRM_camouflaged_c2_p1_21.pcap,/opt/praxis/logs/RQ7_CONFIRM_camouflaged_c2_p1_21_browser.json,20577,54,27,27,0,10808,4977,15785,0.185189,36,0,0,0,1800,0,-1377,0,88,687,0,-263,0,-263,0,-216,0,-374,0,-6,0,gradient_boosting,0.9996785941019458,1
RQ7_CONFIRM_camouflaged_c2_p1_22,camouflaged_c2_p1,camouflaged,c2,1,none,standard_dns,1,/opt/praxis/pcaps/RQ7_CONFIRM_camouflaged_c2_p1_22.pcap,/opt/praxis/logs/RQ7_CONFIRM_camouflaged_c2_p1_22_browser.json,20473,54,27,27,0,10712,4969,15681,0.190576,36,0,0,0,1736,0,-1377,0,88,687,0,-263,0,-263,0,-216,0,-374,0,-6,0,gradient_boosting,0.9996785941019458,1
RQ7_CONFIRM_camouflaged_c2_p1_23,camouflaged_c2_p1,camouflaged,c2,1,none,standard_dns,1,/opt/praxis/pcaps/RQ7_CONFIRM_camouflaged_c2_p1_23.pcap,/opt/praxis/logs/RQ7_CONFIRM_camouflaged_c2_p1_23_browser.json,20497,54,27,27,0,10744,4961,15705,0.185256,34,0,0,0,1832,0,-1377,0,88,687,0,-263,0,-263,0,-582,0,-6,0,6,2052,gradient_boosting,0.9996785941019458,1
RQ7_CONFIRM_camouflaged_c2_p1_24,camouflaged_c2_p1,camouflaged,c2,1,none,standard_dns,1,/opt/praxis/pcaps/RQ7_CONFIRM_camouflaged_c2_p1_24.pcap,/opt/praxis/logs/RQ7_CONFIRM_camouflaged_c2_p1_24_browser.json,20649,56,28,28,0,10712,4969,15681,0.195062,32,0,0,0,1768,0,-1377,0,88,687,0,-263,0,-263,0,-216,0,-374,0,-6,0,gradient_boosting,0.9996785941019458,1
RQ7_CONFIRM_camouflaged_c2_p1_25,camouflaged_c2_p1,camouflaged,c2,1,none,standard_dns,1,/opt/praxis/pcaps/RQ7_CONFIRM_camouflaged_c2_p1_25.pcap,/opt/praxis/logs/RQ7_CONFIRM_camouflaged_c2_p1_25_browser.json,20249,52,26,26,0,10680,4953,15633,0.18706,32,0,0,0,1832,0,-1377,0,88,687,0,-263,0,-263,0,-582,0,-6,0,6,1988,gradient_boosting,0.9996785941019458,1
RQ7_CONFIRM_camouflaged_c2_p1_26,camouflaged_c2_p1,camouflaged,c2,1,none,standard_dns,1,/opt/praxis/pcaps/RQ7_CONFIRM_camouflaged_c2_p1_26.pcap,/opt/praxis/logs/RQ7_CONFIRM_camouflaged_c2_p1_26_browser.json,20473,54,27,27,0,10712,4969,15681,0.187648,32,0,0,0,1832,0,-1377,0,88,687,0,-263,0,-263,0,-582,0,-6,0,6,2020,gradient_boosting,0.9996785941019458,1
RQ7_CONFIRM_camouflaged_c2_p1_27,camouflaged_c2_p1,camouflaged,c2,1,none,standard_dns,1,/opt/praxis/pcaps/RQ7_CONFIRM_camouflaged_c2_p1_27.pcap,/opt/praxis/logs/RQ7_CONFIRM_camouflaged_c2_p1_27_browser.json,20345,52,26,26,0,10776,4953,15729,0.186909,30,0,0,0,1832,0,-1377,0,88,687,0,-263,0,-263,0,-582,0,-6,0,6,2052,gradient_boosting,0.9996785941019458,1
RQ7_CONFIRM_camouflaged_c2_p1_28,camouflaged_c2_p1,camouflaged,c2,1,none,standard_dns,1,/opt/praxis/pcaps/RQ7_CONFIRM_camouflaged_c2_p1_28.pcap,/opt/praxis/logs/RQ7_CONFIRM_camouflaged_c2_p1_28_browser.json,20441,52,26,26,0,10872,4953,15825,0.186969,32,0,0,0,1832,0,-1377,0,88,687,0,-263,0,-263,0,-582,0,-6,0,6,2084,gradient_boosting,0.9996785941019458,1
RQ7_CONFIRM_camouflaged_c2_p1_29,camouflaged_c2_p1,camouflaged,c2,1,none,standard_dns,1,/opt/praxis/pcaps/RQ7_CONFIRM_camouflaged_c2_p1_29.pcap,/opt/praxis/logs/RQ7_CONFIRM_camouflaged_c2_p1_29_browser.json,20689,56,28,28,0,10744,4977,15721,0.19442,38,0,0,0,1800,0,-1377,0,88,687,0,-263,0,-263,0,-216,0,-374,0,-6,0,gradient_boosting,0.9996785941019458,1
RQ7_CONFIRM_camouflaged_c2_p1_30,camouflaged_c2_p1,camouflaged,c2,1,none,standard_dns,1,/opt/praxis/pcaps/RQ7_CONFIRM_camouflaged_c2_p1_30.pcap,/opt/praxis/logs/RQ7_CONFIRM_camouflaged_c2_p1_30_browser.json,20561,54,27,27,0,10808,4961,15769,0.19206,34,0,0,0,1768,0,-1377,0,88,687,0,-263,0,-263,0,-216,0,-374,-6,0,0,gradient_boosting,0.9996785941019458,1
RQ7_CONFIRM_camouflaged_c2_p1_31,camouflaged_c2_p1,camouflaged,c2,1,none,standard_dns,1,/opt/praxis/pcaps/RQ7_CONFIRM_camouflaged_c2_p1_31.pcap,/opt/praxis/logs/RQ7_CONFIRM_camouflaged_c2_p1_31_browser.json,20377,53,26,27,0,10704,4969,15673,0.188454,34,0,0,0,1736,0,-1377,0,88,687,0,-263,0,-263,0,-582,0,-6,0,6,2084,gradient_boosting,0.9996785941019458,1
RQ7_CONFIRM_camouflaged_c2_p1_32,camouflaged_c2_p1,camouflaged,c2,1,none,standard_dns,1,/opt/praxis/pcaps/RQ7_CONFIRM_camouflaged_c2_p1_32.pcap,/opt/praxis/logs/RQ7_CONFIRM_camouflaged_c2_p1_32_browser.json,20601,56,28,28,0,10648,4985,15633,0.189031,34,0,0,0,1768,0,-1377,0,88,687,0,-263,0,-263,0,-216,0,-374,0,-6,0,gradient_boosting,0.9996785941019458,1
RQ7_CONFIRM_camouflaged_c2_p1_33,camouflaged_c2_p1,camouflaged,c2,1,none,standard_dns,1,/opt/praxis/pcaps/RQ7_CONFIRM_camouflaged_c2_p1_33.pcap,/opt/praxis/logs/RQ7_CONFIRM_camouflaged_c2_p1_33_browser.json,20105,51,26,25,0,10608,4969,15577,0.184619,32,0,0,0,1736,0,-1377,0,88,687,0,-263,0,-263,0,-582,0,-6,0,6,2020,gradient_boosting,0.9996785941019458,1
RQ7_CONFIRM_camouflaged_c2_p1_34,camouflaged_c2_p1,camouflaged,c2,1,none,standard_dns,1,/opt/praxis/pcaps/RQ7_CONFIRM_camouflaged_c2_p1_34.pcap,/opt/praxis/logs/RQ7_CONFIRM_camouflaged_c2_p1_34_browser.json,20217,52,26,26,0,10648,4953,15601,0.188466,34,0,0,0,1736,0,-1377,0,88,687,0,-263,0,-263,0,-582,0,-6,0,6,2052,gradient_boosting,0.9996785941019458,1
RQ7_CONFIRM_camouflaged_c2_p1_35,camouflaged_c2_p1,camouflaged,c2,1,none,standard_dns,1,/opt/praxis/pcaps/RQ7_CONFIRM_camouflaged_c2_p1_35.pcap,/opt/praxis/logs/RQ7_CONFIRM_camouflaged_c2_p1_35_browser.json,20689,56,28,28,0,10744,4977,15721,0.182962,38,0,0,0,1736,0,-1377,0,88,687,0,-263,0,-263,0,-216,0,-374,-6,0,0,gradient_boosting,0.9996785941019458,1
RQ7_CONFIRM_camouflaged_c2_p1_36,camouflaged_c2_p1,camouflaged,c2,1,none,standard_dns,1,/opt/praxis/pcaps/RQ7_CONFIRM_camouflaged_c2_p1_36.pcap,/opt/praxis/logs/RQ7_CONFIRM_camouflaged_c2_p1_36_browser.json,20225,52,26,26,0,10648,4961,15609,0.184936,32,0,0,0,1736,0,-1377,0,88,687,0,-263,0,-263,0,-582,0,-6,0,6,2052,gradient_boosting,0.9996785941019458,1
RQ7_CONFIRM_camouflaged_c2_p1_37,camouflaged_c2_p1,camouflaged,c2,1,none,standard_dns,1,/opt/praxis/pcaps/RQ7_CONFIRM_camouflaged_c2_p1_37.pcap,/opt/praxis/logs/RQ7_CONFIRM_camouflaged_c2_p1_37_browser.json,20569,54,27,27,0,10808,4969,15777,0.189214,36,0,0,0,1800,0,-1377,0,88,687,0,-263,0,-263,0,-216,0,-374,0,-6,0,gradient_boosting,0.9996785941019458,1
RQ7_CONFIRM_camouflaged_c2_p1_38,camouflaged_c2_p1,camouflaged,c2,1,none,standard_dns,1,/opt/praxis/pcaps/RQ7_CONFIRM_camouflaged_c2_p1_38.pcap,/opt/praxis/logs/RQ7_CONFIRM_camouflaged_c2_p1_38_browser.json,20529,54,27,27,0,10768,4969,15737,0.192467,34,0,0,0,1800,0,-1377,0,88,687,0,-263,0,-263,0,-216,0,-374,-6,0,0,gradient_boosting,0.9996785941019458,1
RQ7_CONFIRM_camouflaged_c2_p1_39,camouflaged_c2_p1,camouflaged,c2,1,none,standard_dns,1,/opt/praxis/pcaps/RQ7_CONFIRM_camouflaged_c2_p1_39.pcap,/opt/praxis/logs/RQ7_CONFIRM_camouflaged_c2_p1_39_browser.json,20561,54,27,27,0,10808,4961,15769,0.186439,36,0,0,0,1800,0,-1377,0,88,687,0,-263,0,-263,0,-216,0,-374,0,-6,0,gradient_boosting,0.9996785941019458,1
RQ7_CONFIRM_camouflaged_c2_p1_40,camouflaged_c2_p1,camouflaged,c2,1,none,standard_dns,1,/opt/praxis/pcaps/RQ7_CONFIRM_camouflaged_c2_p1_40.pcap,/opt/praxis/logs/RQ7_CONFIRM_camouflaged_c2_p1_40_browser.json,20441,53,26,27,0,10776,4961,15737,0.188658,34,0,0,0,1800,0,-1377,0,88,687,0,-263,0,-263,0,-216,0,-374,0,-6,0,gradient_boosting,0.9996785941019458,1
RQ7_CONFIRM_camouflaged_c2_p1_41,camouflaged_c2_p1,camouflaged,c2,1,none,standard_dns,1,/opt/praxis/pcaps/RQ7_CONFIRM_camouflaged_c2_p1_41.pcap,/opt/praxis/logs/RQ7_CONFIRM_camouflaged_c2_p1_41_browser.json,20681,56,28,28,0,10744,4969,15713,0.185442,34,0,0,0,1800,0,-1377,0,88,687,0,-263,0,-263,0,-216,0,-374,-6,0,0,gradient_boosting,0.9996785941019458,1
RQ7_CONFIRM_camouflaged_c2_p1_42,camouflaged_c2_p1,camouflaged,c2,1,none,standard_dns,1,/opt/praxis/pcaps/RQ7_CONFIRM_camouflaged_c2_p1_42.pcap,/opt/praxis/logs/RQ7_CONFIRM_camouflaged_c2_p1_42_browser.json,20601,56,27,29,0,10648,4985,15633,0.183959,38,0,0,0,1768,0,-1377,0,88,687,0,-263,0,-263,0,-216,0,-374,0,-6,0,gradient_boosting,0.9996785941019458,1
RQ7_CONFIRM_camouflaged_c2_p1_43,camouflaged_c2_p1,camouflaged,c2,1,none,standard_dns,1,/opt/praxis/pcaps/RQ7_CONFIRM_camouflaged_c2_p1_43.pcap,/opt/praxis/logs/RQ7_CONFIRM_camouflaged_c2_p1_43_browser.json,20537,55,28,27,0,10680,4977,15657,0.187186,36,0,0,0,1736,0,-1377,0,88,687,0,-263,0,-263,0,-216,0,-374,0,-6,0,gradient_boosting,0.9996785941019458,1
RQ7_CONFIRM_camouflaged_c2_p1_44,camouflaged_c2_p1,camouflaged,c2,1,none,standard_dns,1,/opt/praxis/pcaps/RQ7_CONFIRM_camouflaged_c2_p1_44.pcap,/opt/praxis/logs/RQ7_CONFIRM_camouflaged_c2_p1_44_browser.json,20481,52,27,25,0,10904,4961,15865,0.187357,30,0,0,0,1832,0,-1377,0,88,687,0,-263,0,-263,0,-582,0,-6,0,6,2084,gradient_boosting,0.9996785941019458,1
RQ7_CONFIRM_camouflaged_c2_p1_45,camouflaged_c2_p1,camouflaged,c2,1,none,standard_dns,1,/opt/praxis/pcaps/RQ7_CONFIRM_camouflaged_c2_p1_45.pcap,/opt/praxis/logs/RQ7_CONFIRM_camouflaged_c2_p1_45_browser.json,20625,56,28,28,0,10680,4977,15657,0.190874,38,0,0,0,1768,0,-1377,0,88,687,0,-263,0,-263,0,-216,0,-374,0,-6,0,gradient_boosting,0.9996785941019458,1
RQ7_CONFIRM_camouflaged_c2_p1_46,camouflaged_c2_p1,camouflaged,c2,1,none,standard_dns,1,/opt/praxis/pcaps/RQ7_CONFIRM_camouflaged_c2_p1_46.pcap,/opt/praxis/logs/RQ7_CONFIRM_camouflaged_c2_p1_46_browser.json,20289,52,26,26,0,10704,4969,15673,0.181052,38,0,0,0,1800,0,-1377,0,88,687,0,-263,0,-263,0,-216,0,-374,0,-6,0,gradient_boosting,0.9996785941019458,1
RQ7_CONFIRM_camouflaged_c2_p1_47,camouflaged_c2_p1,camouflaged,c2,1,none,standard_dns,1,/opt/praxis/pcaps/RQ7_CONFIRM_camouflaged_c2_p1_47.pcap,/opt/praxis/logs/RQ7_CONFIRM_camouflaged_c2_p1_47_browser.json,20513,54,26,28,0,10744,4977,15721,0.181752,34,0,0,0,1800,0,-1377,0,88,687,0,-263,0,-263,0,-582,0,-6,0,6,2052,gradient_boosting,0.9996785941019458,1
RQ7_CONFIRM_camouflaged_c2_p1_48,camouflaged_c2_p1,camouflaged,c2,1,none,standard_dns,1,/opt/praxis/pcaps/RQ7_CONFIRM_camouflaged_c2_p1_48.pcap,/opt/praxis/logs/RQ7_CONFIRM_camouflaged_c2_p1_48_browser.json,20401,54,27,27,0,10640,4969,15609,0.190794,36,0,0,0,1800,0,-1377,0,88,687,0,-263,0,-263,0,-216,0,-374,0,-6,0,gradient_boosting,0.9996785941019458,1
RQ7_CONFIRM_camouflaged_c2_p1_49,camouflaged_c2_p1,camouflaged,c2,1,none,standard_dns,1,/opt/praxis/pcaps/RQ7_CONFIRM_camouflaged_c2_p1_49.pcap,/opt/praxis/logs/RQ7_CONFIRM_camouflaged_c2_p1_49_browser.json,20465,54,27,27,0,10712,4961,15673,0.185285,32,0,0,0,1832,0,-1377,0,88,687,0,-263,0,-263,0,-216,0,-374,0,-6,0,gradient_boosting,0.9996785941019458,1
RQ7_CONFIRM_camouflaged_c2_p1_50,camouflaged_c2_p1,camouflaged,c2,1,none,standard_dns,1,/opt/praxis/pcaps/RQ7_CONFIRM_camouflaged_c2_p1_50.pcap,/opt/praxis/logs/RQ7_CONFIRM_camouflaged_c2_p1_50_browser.json,20529,54,27,27,0,10776,4961,15737,0.181503,36,0,0,0,1832,0,-1377,0,88,687,0,-263,0,-263,0,-216,0,-374,0,-6,0,gradient_boosting,0.9996785941019458,1
RQ7_CONFIRM_default_c2_p1_01,default_c2_p1,default,c2,1,none,standard_dns,1,/opt/praxis/pcaps/RQ7_CONFIRM_default_c2_p1_01.pcap,/opt/praxis/logs/RQ7_CONFIRM_default_c2_p1_01_browser.json,20310,54,27,27,0,10557,4961,15518,0.189242,38,0,0,0,1736,0,-1377,0,88,663,0,-263,0,-263,0,-216,0,-374,0,-6,0,gradient_boosting,0.9996785941019458,1
RQ7_CONFIRM_default_c2_p1_02,default_c2_p1,default,c2,1,none,standard_dns,1,/opt/praxis/pcaps/RQ7_CONFIRM_default_c2_p1_02.pcap,/opt/praxis/logs/RQ7_CONFIRM_default_c2_p1_02_browser.json,20446,54,27,27,0,10685,4969,15654,0.189728,40,0,0,0,1768,0,-1377,0,88,663,0,-263,0,-263,0,-216,0,-374,0,-6,0,gradient_boosting,0.9996785941019458,1
RQ7_CONFIRM_default_c2_p1_03,default_c2_p1,default,c2,1,none,standard_dns,1,/opt/praxis/pcaps/RQ7_CONFIRM_default_c2_p1_03.pcap,/opt/praxis/logs/RQ7_CONFIRM_default_c2_p1_03_browser.json,20030,52,26,26,0,10461,4953,15414,0.196199,34,0,0,0,1768,0,-1377,0,88,663,0,-263,0,-263,0,-582,0,-6,0,6,1988,gradient_boosting,0.9996785941019458,1
RQ7_CONFIRM_default_c2_p1_04,default_c2_p1,default,c2,1,none,standard_dns,1,/opt/praxis/pcaps/RQ7_CONFIRM_default_c2_p1_04.pcap,/opt/praxis/logs/RQ7_CONFIRM_default_c2_p1_04_browser.json,20438,55,27,28,0,10589,4969,15558,0.190956,36,0,0,0,1768,0,-1377,0,88,663,0,-263,0,-263,0,-216,0,-374,0,-6,0,gradient_boosting,0.9996785941019458,1
RQ7_CONFIRM_default_c2_p1_05,default_c2_p1,default,c2,1,none,standard_dns,1,/opt/praxis/pcaps/RQ7_CONFIRM_default_c2_p1_05.pcap,/opt/praxis/logs/RQ7_CONFIRM_default_c2_p1_05_browser.json,20254,52,26,26,0,10685,4953,15638,0.188936,34,0,0,0,1832,0,-1377,0,88,663,0,-263,0,-263,0,-582,0,-6,0,6,2052,gradient_boosting,0.9996785941019458,1
RQ7_CONFIRM_default_c2_p1_06,default_c2_p1,default,c2,1,none,standard_dns,1,/opt/praxis/pcaps/RQ7_CONFIRM_default_c2_p1_06.pcap,/opt/praxis/logs/RQ7_CONFIRM_default_c2_p1_06_browser.json,20318,53,26,27,0,10645,4969,15614,0.192563,32,0,0,0,1800,0,-1377,0,88,663,0,-263,0,-263,0,-216,0,-374,0,-6,0,gradient_boosting,0.9996785941019458,1
RQ7_CONFIRM_default_c2_p1_07,default_c2_p1,default,c2,1,none,standard_dns,1,/opt/praxis/pcaps/RQ7_CONFIRM_default_c2_p1_07.pcap,/opt/praxis/logs/RQ7_CONFIRM_default_c2_p1_07_browser.json,20222,52,26,26,0,10645,4961,15606,0.188237,32,0,0,0,1768,0,-1377,0,88,663,0,-263,0,-263,0,-216,0,-374,0,-6,0,gradient_boosting,0.9996785941019458,1
RQ7_CONFIRM_default_c2_p1_08,default_c2_p1,default,c2,1,none,standard_dns,1,/opt/praxis/pcaps/RQ7_CONFIRM_default_c2_p1_08.pcap,/opt/praxis/logs/RQ7_CONFIRM_default_c2_p1_08_browser.json,20438,55,28,27,0,10589,4969,15558,0.187041,32,0,0,0,1800,0,-1377,0,88,663,0,-263,0,-263,0,-216,0,-374,0,-6,0,gradient_boosting,0.9996785941019458,1
RQ7_CONFIRM_default_c2_p1_09,default_c2_p1,default,c2,1,none,standard_dns,1,/opt/praxis/pcaps/RQ7_CONFIRM_default_c2_p1_09.pcap,/opt/praxis/logs/RQ7_CONFIRM_default_c2_p1_09_browser.json,20070,51,25,26,0,10581,4961,15542,0.188315,34,0,0,0,1832,0,-1377,0,88,663,0,-263,0,-263,0,-582,0,-6,0,6,1988,gradient_boosting,0.9996785941019458,1
RQ7_CONFIRM_default_c2_p1_10,default_c2_p1,default,c2,1,none,standard_dns,1,/opt/praxis/pcaps/RQ7_CONFIRM_default_c2_p1_10.pcap,/opt/praxis/logs/RQ7_CONFIRM_default_c2_p1_10_browser.json,20502,55,28,27,0,10653,4969,15622,0.188032,38,0,0,0,1800,0,-1377,0,88,663,0,-263,0,-263,0,-216,0,-374,0,-6,0,gradient_boosting,0.9996785941019458,1
RQ7_CONFIRM_default_c2_p1_11,default_c2_p1,default,c2,1,none,standard_dns,1,/opt/praxis/pcaps/RQ7_CONFIRM_default_c2_p1_11.pcap,/opt/praxis/logs/RQ7_CONFIRM_default_c2_p1_11_browser.json,20470,55,28,27,0,10621,4969,15590,0.193895,30,0,0,0,1832,0,-1377,0,88,663,0,-263,0,-263,0,-216,0,-374,0,-6,0,gradient_boosting,0.9996785941019458,1
RQ7_CONFIRM_default_c2_p1_12,default_c2_p1,default,c2,1,none,standard_dns,1,/opt/praxis/pcaps/RQ7_CONFIRM_default_c2_p1_12.pcap,/opt/praxis/logs/RQ7_CONFIRM_default_c2_p1_12_browser.json,20222,54,28,26,0,10461,4969,15430,0.186845,34,0,0,0,1800,0,-1377,0,88,663,0,-263,0,-263,0,-582,0,-6,0,6,1988,gradient_boosting,0.9996785941019458,1
RQ7_CONFIRM_default_c2_p1_13,default_c2_p1,default,c2,1,none,standard_dns,1,/opt/praxis/pcaps/RQ7_CONFIRM_default_c2_p1_13.pcap,/opt/praxis/logs/RQ7_CONFIRM_default_c2_p1_13_browser.json,20502,56,28,28,0,10557,4977,15534,0.186977,34,0,0,0,1736,0,-1377,0,88,663,0,-263,0,-263,0,-216,0,-374,0,-6,0,gradient_boosting,0.9996785941019458,1
RQ7_CONFIRM_default_c2_p1_14,default_c2_p1,default,c2,1,none,standard_dns,1,/opt/praxis/pcaps/RQ7_CONFIRM_default_c2_p1_14.pcap,/opt/praxis/logs/RQ7_CONFIRM_default_c2_p1_14_browser.json,20350,54,27,27,0,10589,4969,15558,0.190316,36,0,0,0,1768,0,-1377,0,88,663,0,-263,0,-263,0,-216,0,-374,0,-6,0,gradient_boosting,0.9996785941019458,1
RQ7_CONFIRM_default_c2_p1_15,default_c2_p1,default,c2,1,none,standard_dns,1,/opt/praxis/pcaps/RQ7_CONFIRM_default_c2_p1_15.pcap,/opt/praxis/logs/RQ7_CONFIRM_default_c2_p1_15_browser.json,20158,53,26,27,0,10485,4969,15454,0.191367,36,0,0,0,1736,0,-1377,0,88,663,0,-263,0,-263,0,-216,0,-374,0,-6,0,gradient_boosting,0.9996785941019458,1
RQ7_CONFIRM_default_c2_p1_16,default_c2_p1,default,c2,1,none,standard_dns,1,/opt/praxis/pcaps/RQ7_CONFIRM_default_c2_p1_16.pcap,/opt/praxis/logs/RQ7_CONFIRM_default_c2_p1_16_browser.json,20390,54,27,27,0,10621,4977,15598,0.190135,36,0,0,0,1736,0,-1377,0,88,663,0,-263,0,-263,0,-216,0,-374,0,-6,0,gradient_boosting,0.9996785941019458,1
RQ7_CONFIRM_default_c2_p1_17,default_c2_p1,default,c2,1,none,standard_dns,1,/opt/praxis/pcaps/RQ7_CONFIRM_default_c2_p1_17.pcap,/opt/praxis/logs/RQ7_CONFIRM_default_c2_p1_17_browser.json,20342,55,27,28,0,10493,4969,15462,0.18957,32,0,0,0,1736,0,-1377,0,88,663,0,-263,0,-263,0,-216,0,-374,0,-6,0,gradient_boosting,0.9996785941019458,1
RQ7_CONFIRM_default_c2_p1_18,default_c2_p1,default,c2,1,none,standard_dns,1,/opt/praxis/pcaps/RQ7_CONFIRM_default_c2_p1_18.pcap,/opt/praxis/logs/RQ7_CONFIRM_default_c2_p1_18_browser.json,20374,54,27,27,0,10621,4961,15582,0.190205,34,0,0,0,1832,0,-1377,0,88,663,0,-263,0,-263,0,-216,0,-374,0,-6,0,gradient_boosting,0.9996785941019458,1
RQ7_CONFIRM_default_c2_p1_19,default_c2_p1,default,c2,1,none,standard_dns,1,/opt/praxis/pcaps/RQ7_CONFIRM_default_c2_p1_19.pcap,/opt/praxis/logs/RQ7_CONFIRM_default_c2_p1_19_browser.json,20438,54,27,27,0,10685,4961,15646,0.183457,30,0,0,0,1800,0,-1377,0,88,663,0,-263,0,-263,0,-216,0,-374,0,-6,0,gradient_boosting,0.9996785941019458,1
RQ7_CONFIRM_default_c2_p1_20,default_c2_p1,default,c2,1,none,standard_dns,1,/opt/praxis/pcaps/RQ7_CONFIRM_default_c2_p1_20.pcap,/opt/praxis/logs/RQ7_CONFIRM_default_c2_p1_20_browser.json,20310,54,27,27,0,10557,4961,15518,0.188362,32,0,0,0,1832,0,-1377,0,88,663,0,-263,0,-263,0,-216,0,-374,0,-6,0,gradient_boosting,0.9996785941019458,1
RQ7_CONFIRM_default_c2_p1_21,default_c2_p1,default,c2,1,none,standard_dns,1,/opt/praxis/pcaps/RQ7_CONFIRM_default_c2_p1_21.pcap,/opt/praxis/logs/RQ7_CONFIRM_default_c2_p1_21_browser.json,20158,52,26,26,0,10589,4953,15542,0.189295,30,0,0,0,1800,0,-1377,0,88,663,0,-263,0,-263,0,-582,0,-6,0,6,2020,gradient_boosting,0.9996785941019458,1
RQ7_CONFIRM_default_c2_p1_22,default_c2_p1,default,c2,1,none,standard_dns,1,/opt/praxis/pcaps/RQ7_CONFIRM_default_c2_p1_22.pcap,/opt/praxis/logs/RQ7_CONFIRM_default_c2_p1_22_browser.json,20134,52,26,26,0,10557,4961,15518,0.183099,32,0,0,0,1736,0,-1377,0,88,663,0,-263,0,-263,0,-582,0,-6,0,6,2052,gradient_boosting,0.9996785941019458,1
RQ7_CONFIRM_default_c2_p1_23,default_c2_p1,default,c2,1,none,standard_dns,1,/opt/praxis/pcaps/RQ7_CONFIRM_default_c2_p1_23.pcap,/opt/praxis/logs/RQ7_CONFIRM_default_c2_p1_23_browser.json,20462,56,28,28,0,10525,4969,15494,0.182594,34,0,0,0,1736,0,-1377,0,88,663,0,-263,0,-263,0,-216,0,-374,0,-6,0,gradient_boosting,0.9996785941019458,1
RQ7_CONFIRM_default_c2_p1_24,default_c2_p1,default,c2,1,none,standard_dns,1,/opt/praxis/pcaps/RQ7_CONFIRM_default_c2_p1_24.pcap,/opt/praxis/logs/RQ7_CONFIRM_default_c2_p1_24_browser.json,20214,54,27,27,0,10453,4969,15422,0.183381,36,0,0,0,1736,0,-1377,0,88,663,0,-263,0,-263,0,-216,0,-374,0,-6,0,gradient_boosting,0.9996785941019458,1
RQ7_CONFIRM_default_c2_p1_25,default_c2_p1,default,c2,1,none,standard_dns,1,/opt/praxis/pcaps/RQ7_CONFIRM_default_c2_p1_25.pcap,/opt/praxis/logs/RQ7_CONFIRM_default_c2_p1_25_browser.json,20534,56,27,29,0,10589,4977,15566,0.190506,32,0,0,0,1800,0,-1377,0,88,663,0,-263,0,-263,0,-216,0,-374,0,-6,0,gradient_boosting,0.9996785941019458,1
RQ7_CONFIRM_default_c2_p1_26,default_c2_p1,default,c2,1,none,standard_dns,1,/opt/praxis/pcaps/RQ7_CONFIRM_default_c2_p1_26.pcap,/opt/praxis/logs/RQ7_CONFIRM_default_c2_p1_26_browser.json,20310,54,27,27,0,10557,4961,15518,0.194178,34,0,0,0,1736,0,-1377,0,88,663,0,-263,0,-263,0,-216,0,-374,0,-6,0,gradient_boosting,0.9996785941019458,1
RQ7_CONFIRM_default_c2_p1_27,default_c2_p1,default,c2,1,none,standard_dns,1,/opt/praxis/pcaps/RQ7_CONFIRM_default_c2_p1_27.pcap,/opt/praxis/logs/RQ7_CONFIRM_default_c2_p1_27_browser.json,20406,54,27,27,0,10653,4961,15614,0.189932,30,0,0,0,1736,0,-1377,0,88,663,0,-263,0,-263,0,-216,0,-374,0,-6,0,gradient_boosting,0.9996785941019458,1
RQ7_CONFIRM_default_c2_p1_28,default_c2_p1,default,c2,1,none,standard_dns,1,/opt/praxis/pcaps/RQ7_CONFIRM_default_c2_p1_28.pcap,/opt/praxis/logs/RQ7_CONFIRM_default_c2_p1_28_browser.json,20622,57,28,29,0,10589,4977,15566,0.188902,36,0,0,0,1800,0,-1377,0,88,663,0,-263,0,-263,0,-216,0,-374,0,-6,0,gradient_boosting,0.9996785941019458,1
RQ7_CONFIRM_default_c2_p1_29,default_c2_p1,default,c2,1,none,standard_dns,1,/opt/praxis/pcaps/RQ7_CONFIRM_default_c2_p1_29.pcap,/opt/praxis/logs/RQ7_CONFIRM_default_c2_p1_29_browser.json,20350,53,26,27,0,10677,4969,15646,0.190608,40,0,0,0,1768,0,-1377,0,88,663,0,-263,0,-263,0,-216,0,-374,0,-6,0,gradient_boosting,0.9996785941019458,1
RQ7_CONFIRM_default_c2_p1_30,default_c2_p1,default,c2,1,none,standard_dns,1,/opt/praxis/pcaps/RQ7_CONFIRM_default_c2_p1_30.pcap,/opt/praxis/logs/RQ7_CONFIRM_default_c2_p1_30_browser.json,20342,54,27,27,0,10589,4961,15550,0.193628,32,0,0,0,1768,0,-1377,0,88,663,0,-263,0,-263,0,-216,0,-374,-6,0,0,gradient_boosting,0.9996785941019458,1
RQ7_CONFIRM_default_c2_p1_31,default_c2_p1,default,c2,1,none,standard_dns,1,/opt/praxis/pcaps/RQ7_CONFIRM_default_c2_p1_31.pcap,/opt/praxis/logs/RQ7_CONFIRM_default_c2_p1_31_browser.json,20318,55,28,27,0,10461,4977,15438,0.186683,34,0,0,0,1768,0,-1377,0,88,663,0,-263,0,-263,0,-216,0,-374,0,-6,0,gradient_boosting,0.9996785941019458,1
RQ7_CONFIRM_default_c2_p1_32,default_c2_p1,default,c2,1,none,standard_dns,1,/opt/praxis/pcaps/RQ7_CONFIRM_default_c2_p1_32.pcap,/opt/praxis/logs/RQ7_CONFIRM_default_c2_p1_32_browser.json,20630,56,28,28,0,10685,4977,15662,0.186946,32,0,0,0,1768,0,-1377,0,88,663,0,-263,0,-263,0,-216,0,-374,-6,0,0,gradient_boosting,0.9996785941019458,1
RQ7_CONFIRM_default_c2_p1_33,default_c2_p1,default,c2,1,none,standard_dns,1,/opt/praxis/pcaps/RQ7_CONFIRM_default_c2_p1_33.pcap,/opt/praxis/logs/RQ7_CONFIRM_default_c2_p1_33_browser.json,20134,52,26,26,0,10549,4969,15518,0.190991,34,0,0,0,1768,0,-1377,0,88,663,0,-263,0,-263,0,-216,0,-374,-6,0,0,gradient_boosting,0.9996785941019458,1
RQ7_CONFIRM_default_c2_p1_34,default_c2_p1,default,c2,1,none,standard_dns,1,/opt/praxis/pcaps/RQ7_CONFIRM_default_c2_p1_34.pcap,/opt/praxis/logs/RQ7_CONFIRM_default_c2_p1_34_browser.json,20566,55,28,27,0,10717,4969,15686,0.188795,34,0,0,0,1832,0,-1377,0,88,663,0,-263,0,-263,0,-216,0,-374,0,-6,0,gradient_boosting,0.9996785941019458,1
RQ7_CONFIRM_default_c2_p1_35,default_c2_p1,default,c2,1,none,standard_dns,1,/opt/praxis/pcaps/RQ7_CONFIRM_default_c2_p1_35.pcap,/opt/praxis/logs/RQ7_CONFIRM_default_c2_p1_35_browser.json,20342,54,27,27,0,10589,4961,15550,0.1877,34,0,0,0,1800,0,-1377,0,88,663,0,-263,0,-263,0,-216,0,-374,0,-6,0,gradient_boosting,0.9996785941019458,1
RQ7_CONFIRM_default_c2_p1_36,default_c2_p1,default,c2,1,none,standard_dns,1,/opt/praxis/pcaps/RQ7_CONFIRM_default_c2_p1_36.pcap,/opt/praxis/logs/RQ7_CONFIRM_default_c2_p1_36_browser.json,19878,50,25,25,0,10485,4953,15438,0.184509,32,0,0,0,1768,0,-1377,0,88,663,0,-263,0,-263,0,-582,0,-6,0,6,1988,gradient_boosting,0.9996785941019458,1
RQ7_CONFIRM_default_c2_p1_37,default_c2_p1,default,c2,1,none,standard_dns,1,/opt/praxis/pcaps/RQ7_CONFIRM_default_c2_p1_37.pcap,/opt/praxis/logs/RQ7_CONFIRM_default_c2_p1_37_browser.json,20494,56,28,28,0,10557,4969,15526,0.190411,34,0,0,0,1768,0,-1377,0,88,663,0,-263,0,-263,0,-216,0,-374,0,-6,0,gradient_boosting,0.9996785941019458,1
RQ7_CONFIRM_default_c2_p1_38,default_c2_p1,default,c2,1,none,standard_dns,1,/opt/praxis/pcaps/RQ7_CONFIRM_default_c2_p1_38.pcap,/opt/praxis/logs/RQ7_CONFIRM_default_c2_p1_38_browser.json,20230,52,25,27,0,10645,4969,15614,0.181452,34,0,0,0,1768,0,-1377,0,88,663,0,-263,0,-263,0,-582,0,-6,0,6,2052,gradient_boosting,0.9996785941019458,1
RQ7_CONFIRM_default_c2_p1_39,default_c2_p1,default,c2,1,none,standard_dns,1,/opt/praxis/pcaps/RQ7_CONFIRM_default_c2_p1_39.pcap,/opt/praxis/logs/RQ7_CONFIRM_default_c2_p1_39_browser.json,20470,54,27,27,0,10717,4961,15678,0.191269,30,0,0,0,1768,0,-1377,0,88,663,0,-263,0,-263,0,-582,0,-6,0,6,2084,gradient_boosting,0.9996785941019458,1
RQ7_CONFIRM_default_c2_p1_40,default_c2_p1,default,c2,1,none,standard_dns,1,/opt/praxis/pcaps/RQ7_CONFIRM_default_c2_p1_40.pcap,/opt/praxis/logs/RQ7_CONFIRM_default_c2_p1_40_browser.json,20310,54,27,27,0,10557,4961,15518,0.18514,30,0,0,0,1800,0,-1377,0,88,663,0,-263,0,-263,0,-216,0,-374,0,-6,0,gradient_boosting,0.9996785941019458,1
RQ7_CONFIRM_default_c2_p1_41,default_c2_p1,default,c2,1,none,standard_dns,1,/opt/praxis/pcaps/RQ7_CONFIRM_default_c2_p1_41.pcap,/opt/praxis/logs/RQ7_CONFIRM_default_c2_p1_41_browser.json,20254,54,27,27,0,10493,4969,15462,0.186114,34,0,0,0,1736,0,-1377,0,88,663,0,-263,0,-263,0,-216,0,-374,0,-6,0,gradient_boosting,0.9996785941019458,1
RQ7_CONFIRM_default_c2_p1_42,default_c2_p1,default,c2,1,none,standard_dns,1,/opt/praxis/pcaps/RQ7_CONFIRM_default_c2_p1_42.pcap,/opt/praxis/logs/RQ7_CONFIRM_default_c2_p1_42_browser.json,20374,54,27,27,0,10621,4961,15582,0.187359,34,0,0,0,1800,0,-1377,0,88,663,0,-263,0,-263,0,-216,0,-374,0,-6,0,gradient_boosting,0.9996785941019458,1
RQ7_CONFIRM_default_c2_p1_43,default_c2_p1,default,c2,1,none,standard_dns,1,/opt/praxis/pcaps/RQ7_CONFIRM_default_c2_p1_43.pcap,/opt/praxis/logs/RQ7_CONFIRM_default_c2_p1_43_browser.json,20470,56,28,28,0,10525,4977,15502,0.182789,36,0,0,0,1736,0,-1377,0,88,663,0,-263,0,-263,0,-216,0,-374,0,-6,0,gradient_boosting,0.9996785941019458,1
RQ7_CONFIRM_default_c2_p1_44,default_c2_p1,default,c2,1,none,standard_dns,1,/opt/praxis/pcaps/RQ7_CONFIRM_default_c2_p1_44.pcap,/opt/praxis/logs/RQ7_CONFIRM_default_c2_p1_44_browser.json,20294,52,26,26,0,10717,4961,15678,0.185416,38,0,0,0,1800,0,-1377,0,88,663,0,-263,0,-263,0,-582,0,-6,0,6,2084,gradient_boosting,0.9996785941019458,1
RQ7_CONFIRM_default_c2_p1_45,default_c2_p1,default,c2,1,none,standard_dns,1,/opt/praxis/pcaps/RQ7_CONFIRM_default_c2_p1_45.pcap,/opt/praxis/logs/RQ7_CONFIRM_default_c2_p1_45_browser.json,20030,52,26,26,0,10453,4961,15414,0.194644,34,0,0,0,1800,0,-1377,0,88,663,0,-263,0,-263,0,-216,0,-374,0,-6,0,gradient_boosting,0.9996785941019458,1
RQ7_CONFIRM_default_c2_p1_46,default_c2_p1,default,c2,1,none,standard_dns,1,/opt/praxis/pcaps/RQ7_CONFIRM_default_c2_p1_46.pcap,/opt/praxis/logs/RQ7_CONFIRM_default_c2_p1_46_browser.json,20310,54,27,27,0,10557,4961,15518,0.183835,34,0,0,0,1736,0,-1377,0,88,663,0,-263,0,-263,0,-582,0,-6,0,6,2052,gradient_boosting,0.9996785941019458,1
RQ7_CONFIRM_default_c2_p1_47,default_c2_p1,default,c2,1,none,standard_dns,1,/opt/praxis/pcaps/RQ7_CONFIRM_default_c2_p1_47.pcap,/opt/praxis/logs/RQ7_CONFIRM_default_c2_p1_47_browser.json,20222,52,26,26,0,10653,4953,15606,0.192541,34,0,0,0,1736,0,-1377,0,88,663,0,-263,0,-263,0,-582,0,-6,0,6,2052,gradient_boosting,0.9996785941019458,1
RQ7_CONFIRM_default_c2_p1_48,default_c2_p1,default,c2,1,none,standard_dns,1,/opt/praxis/pcaps/RQ7_CONFIRM_default_c2_p1_48.pcap,/opt/praxis/logs/RQ7_CONFIRM_default_c2_p1_48_browser.json,20254,54,27,27,0,10493,4969,15462,0.182903,32,0,0,0,1800,0,-1377,0,88,663,0,-263,0,-263,0,-216,0,-374,0,-6,0,gradient_boosting,0.9996785941019458,1
RQ7_CONFIRM_default_c2_p1_49,default_c2_p1,default,c2,1,none,standard_dns,1,/opt/praxis/pcaps/RQ7_CONFIRM_default_c2_p1_49.pcap,/opt/praxis/logs/RQ7_CONFIRM_default_c2_p1_49_browser.json,20230,53,26,27,0,10557,4969,15526,0.188622,38,0,0,0,1800,0,-1377,0,88,663,0,-263,0,-263,0,-582,0,-6,0,6,2020,gradient_boosting,0.9996785941019458,1
RQ7_CONFIRM_default_c2_p1_50,default_c2_p1,default,c2,1,none,standard_dns,1,/opt/praxis/pcaps/RQ7_CONFIRM_default_c2_p1_50.pcap,/opt/praxis/logs/RQ7_CONFIRM_default_c2_p1_50_browser.json,20126,52,26,26,0,10557,4953,15510,0.182422,30,0,0,0,1800,0,-1377,0,88,663,0,-263,0,-263,0,-582,0,-6,0,6,2084,gradient_boosting,0.9996785941019458,1
RQ7_CONFIRM_baseline_default_off_01,baseline_default_off,default,off,1,none,standard_dns,1,/opt/praxis/pcaps/RQ7_CONFIRM_baseline_default_off_01.pcap,/opt/praxis/logs/RQ7_CONFIRM_baseline_default_off_01_browser.json,21665,70,36,34,0,10586,4831,15417,1.141853,44,0,0,0,1759,0,-1369,0,80,655,0,-255,0,-255,0,-208,0,-366,0,0,0,linear_svc_calibrated,0.9517676108966199,1
RQ7_CONFIRM_baseline_default_off_02,baseline_default_off,default,off,1,none,standard_dns,1,/opt/praxis/pcaps/RQ7_CONFIRM_baseline_default_off_02.pcap,/opt/praxis/logs/RQ7_CONFIRM_baseline_default_off_02_browser.json,21417,69,35,34,0,10426,4831,15257,1.139745,44,0,0,0,1759,0,-1369,0,80,655,0,-255,0,-255,0,-208,0,-366,0,0,0,linear_svc_calibrated,0.9514314510353671,1
RQ7_CONFIRM_baseline_default_off_03,baseline_default_off,default,off,1,none,standard_dns,1,/opt/praxis/pcaps/RQ7_CONFIRM_baseline_default_off_03.pcap,/opt/praxis/logs/RQ7_CONFIRM_baseline_default_off_03_browser.json,21521,68,35,33,0,10618,4831,15449,1.139794,42,0,0,0,1823,0,-1369,0,80,655,0,-255,0,-255,0,-574,0,0,0,0,0,linear_svc_calibrated,0.9416169242556042,1
RQ7_CONFIRM_baseline_default_off_04,baseline_default_off,default,off,1,none,standard_dns,1,/opt/praxis/pcaps/RQ7_CONFIRM_baseline_default_off_04.pcap,/opt/praxis/logs/RQ7_CONFIRM_baseline_default_off_04_browser.json,21337,67,34,33,0,10522,4831,15353,1.145909,40,0,0,0,1823,0,-1369,0,80,655,0,-255,0,-255,0,-208,-366,0,0,0,0,linear_svc_calibrated,0.9436706098131479,1
RQ7_CONFIRM_baseline_default_off_05,baseline_default_off,default,off,1,none,standard_dns,1,/opt/praxis/pcaps/RQ7_CONFIRM_baseline_default_off_05.pcap,/opt/praxis/logs/RQ7_CONFIRM_baseline_default_off_05_browser.json,21369,67,34,33,0,10554,4831,15385,1.147163,44,0,0,0,1727,0,-1369,0,80,655,0,-255,0,-255,0,-574,0,0,0,0,2062,linear_svc_calibrated,0.9812524087739541,1
RQ7_CONFIRM_baseline_default_off_06,baseline_default_off,default,off,1,none,standard_dns,1,/opt/praxis/pcaps/RQ7_CONFIRM_baseline_default_off_06.pcap,/opt/praxis/logs/RQ7_CONFIRM_baseline_default_off_06_browser.json,21385,69,35,34,0,10394,4831,15225,1.142792,44,0,0,0,1727,0,-1369,0,80,655,0,-255,0,-255,0,-208,0,-366,0,0,0,linear_svc_calibrated,0.9514325739975376,1
RQ7_CONFIRM_baseline_default_off_07,baseline_default_off,default,off,1,none,standard_dns,1,/opt/praxis/pcaps/RQ7_CONFIRM_baseline_default_off_07.pcap,/opt/praxis/logs/RQ7_CONFIRM_baseline_default_off_07_browser.json,21305,67,34,33,0,10490,4831,15321,1.144525,38,0,0,0,1791,0,-1369,0,80,655,0,-255,0,-255,0,-574,0,0,0,0,0,linear_svc_calibrated,0.9371977699535478,1
RQ7_CONFIRM_baseline_default_off_08,baseline_default_off,default,off,1,none,standard_dns,1,/opt/praxis/pcaps/RQ7_CONFIRM_baseline_default_off_08.pcap,/opt/praxis/logs/RQ7_CONFIRM_baseline_default_off_08_browser.json,21209,67,34,33,0,10394,4831,15225,1.144064,42,0,0,0,1727,0,-1369,0,80,655,0,-255,0,-255,0,-574,0,0,0,0,2030,linear_svc_calibrated,0.9806094820498822,1
RQ7_CONFIRM_baseline_default_off_09,baseline_default_off,default,off,1,none,standard_dns,1,/opt/praxis/pcaps/RQ7_CONFIRM_baseline_default_off_09.pcap,/opt/praxis/logs/RQ7_CONFIRM_baseline_default_off_09_browser.json,21369,67,34,33,0,10554,4831,15385,1.146044,42,0,0,0,1759,0,-1369,0,80,655,0,-255,0,-255,0,-208,-366,0,0,0,0,linear_svc_calibrated,0.9454590227761912,1
RQ7_CONFIRM_baseline_default_off_10,baseline_default_off,default,off,1,none,standard_dns,1,/opt/praxis/pcaps/RQ7_CONFIRM_baseline_default_off_10.pcap,/opt/praxis/logs/RQ7_CONFIRM_baseline_default_off_10_browser.json,21569,70,36,34,0,10490,4831,15321,1.141708,46,0,0,0,1759,0,-1369,0,80,655,0,-255,0,-255,0,-208,0,-366,0,0,0,linear_svc_calibrated,0.9531951246983755,1
RQ7_CONFIRM_baseline_default_off_11,baseline_default_off,default,off,1,none,standard_dns,1,/opt/praxis/pcaps/RQ7_CONFIRM_baseline_default_off_11.pcap,/opt/praxis/logs/RQ7_CONFIRM_baseline_default_off_11_browser.json,21609,69,35,34,0,10618,4831,15449,1.139084,44,0,0,0,1791,0,-1369,0,80,655,0,-255,0,-255,0,-208,0,-366,0,0,0,linear_svc_calibrated,0.9513691648893486,1
RQ7_CONFIRM_baseline_default_off_12,baseline_default_off,default,off,1,none,standard_dns,1,/opt/praxis/pcaps/RQ7_CONFIRM_baseline_default_off_12.pcap,/opt/praxis/logs/RQ7_CONFIRM_baseline_default_off_12_browser.json,21937,72,37,35,0,10682,4831,15513,1.144409,42,0,0,0,1823,0,-1369,0,80,655,0,-255,0,-255,0,-208,0,-366,0,0,0,linear_svc_calibrated,0.9510126985739525,1
RQ7_CONFIRM_baseline_default_off_13,baseline_default_off,default,off,1,none,standard_dns,1,/opt/praxis/pcaps/RQ7_CONFIRM_baseline_default_off_13.pcap,/opt/praxis/logs/RQ7_CONFIRM_baseline_default_off_13_browser.json,21545,69,35,34,0,10554,4831,15385,1.14453,44,0,0,0,1759,0,-1369,0,80,655,0,-255,0,-255,0,-208,0,-366,0,0,0,linear_svc_calibrated,0.95136500600043,1
RQ7_CONFIRM_baseline_default_off_14,baseline_default_off,default,off,1,none,standard_dns,1,/opt/praxis/pcaps/RQ7_CONFIRM_baseline_default_off_14.pcap,/opt/praxis/logs/RQ7_CONFIRM_baseline_default_off_14_browser.json,21633,70,36,34,0,10554,4831,15385,1.143213,44,0,0,0,1791,0,-1369,0,80,655,0,-255,0,-255,0,-208,0,-366,0,0,0,linear_svc_calibrated,0.951759040985972,1
RQ7_CONFIRM_baseline_default_off_15,baseline_default_off,default,off,1,none,standard_dns,1,/opt/praxis/pcaps/RQ7_CONFIRM_baseline_default_off_15.pcap,/opt/praxis/logs/RQ7_CONFIRM_baseline_default_off_15_browser.json,21665,70,36,34,0,10586,4831,15417,1.142199,44,0,0,0,1823,0,-1369,0,80,655,0,-255,0,-255,0,-208,0,-366,0,0,0,linear_svc_calibrated,0.9517461225189686,1
RQ7_CONFIRM_baseline_default_off_16,baseline_default_off,default,off,1,none,standard_dns,1,/opt/praxis/pcaps/RQ7_CONFIRM_baseline_default_off_16.pcap,/opt/praxis/logs/RQ7_CONFIRM_baseline_default_off_16_browser.json,21305,67,34,33,0,10490,4831,15321,1.14148,42,0,0,0,1791,0,-1369,0,80,655,0,-255,0,-255,0,-574,0,0,0,0,1998,linear_svc_calibrated,0.9805376282675189,1
RQ7_CONFIRM_baseline_default_off_17,baseline_default_off,default,off,1,none,standard_dns,1,/opt/praxis/pcaps/RQ7_CONFIRM_baseline_default_off_17.pcap,/opt/praxis/logs/RQ7_CONFIRM_baseline_default_off_17_browser.json,21577,69,35,34,0,10586,4831,15417,1.141105,44,0,0,0,1791,0,-1369,0,80,655,0,-255,0,-255,0,-208,0,-366,0,0,0,linear_svc_calibrated,0.9513663245914158,1
RQ7_CONFIRM_baseline_default_off_18,baseline_default_off,default,off,1,none,standard_dns,1,/opt/praxis/pcaps/RQ7_CONFIRM_baseline_default_off_18.pcap,/opt/praxis/logs/RQ7_CONFIRM_baseline_default_off_18_browser.json,21625,71,37,34,0,10458,4831,15289,1.142971,42,0,0,0,1823,0,-1369,0,80,655,0,-255,0,-255,0,-208,0,-366,0,0,0,linear_svc_calibrated,0.9506690093001177,1
RQ7_CONFIRM_baseline_default_off_19,baseline_default_off,default,off,1,none,standard_dns,1,/opt/praxis/pcaps/RQ7_CONFIRM_baseline_default_off_19.pcap,/opt/praxis/logs/RQ7_CONFIRM_baseline_default_off_19_browser.json,21481,69,35,34,0,10490,4831,15321,1.143154,44,0,0,0,1727,0,-1369,0,80,655,0,-255,0,-255,0,-208,0,-366,0,0,0,linear_svc_calibrated,0.9514021905401627,1
RQ7_CONFIRM_baseline_default_off_20,baseline_default_off,default,off,1,none,standard_dns,1,/opt/praxis/pcaps/RQ7_CONFIRM_baseline_default_off_20.pcap,/opt/praxis/logs/RQ7_CONFIRM_baseline_default_off_20_browser.json,21545,69,35,34,0,10554,4831,15385,1.141477,44,0,0,0,1823,0,-1369,0,80,655,0,-255,0,-255,0,-208,0,-366,0,0,0,linear_svc_calibrated,0.9513636061991783,1
RQ7_CONFIRM_baseline_default_off_21,baseline_default_off,default,off,1,none,standard_dns,1,/opt/praxis/pcaps/RQ7_CONFIRM_baseline_default_off_21.pcap,/opt/praxis/logs/RQ7_CONFIRM_baseline_default_off_21_browser.json,21449,69,35,34,0,10458,4831,15289,1.14448,42,0,0,0,1759,0,-1369,0,80,655,0,-255,0,-255,0,-208,0,-366,0,0,0,linear_svc_calibrated,0.9498762507093282,1
RQ7_CONFIRM_baseline_default_off_22,baseline_default_off,default,off,1,none,standard_dns,1,/opt/praxis/pcaps/RQ7_CONFIRM_baseline_default_off_22.pcap,/opt/praxis/logs/RQ7_CONFIRM_baseline_default_off_22_browser.json,21569,70,36,34,0,10490,4831,15321,1.139051,42,0,0,0,1759,0,-1369,0,80,655,0,-255,0,-255,0,-208,0,-366,0,0,0,linear_svc_calibrated,0.9503072493298683,1
RQ7_CONFIRM_baseline_default_off_23,baseline_default_off,default,off,1,none,standard_dns,1,/opt/praxis/pcaps/RQ7_CONFIRM_baseline_default_off_23.pcap,/opt/praxis/logs/RQ7_CONFIRM_baseline_default_off_23_browser.json,21545,69,35,34,0,10554,4831,15385,1.141934,42,0,0,0,1727,0,-1369,0,80,655,0,-255,0,-255,0,-208,0,-366,0,0,0,linear_svc_calibrated,0.9498734224788331,1
RQ7_CONFIRM_baseline_default_off_24,baseline_default_off,default,off,1,none,standard_dns,1,/opt/praxis/pcaps/RQ7_CONFIRM_baseline_default_off_24.pcap,/opt/praxis/logs/RQ7_CONFIRM_baseline_default_off_24_browser.json,21209,67,34,33,0,10394,4831,15225,1.144279,42,0,0,0,1791,0,-1369,0,80,655,0,-255,0,-255,0,-208,0,-366,0,0,0,linear_svc_calibrated,0.9490139397735753,1
RQ7_CONFIRM_baseline_default_off_25,baseline_default_off,default,off,1,none,standard_dns,1,/opt/praxis/pcaps/RQ7_CONFIRM_baseline_default_off_25.pcap,/opt/praxis/logs/RQ7_CONFIRM_baseline_default_off_25_browser.json,21577,69,35,34,0,10586,4831,15417,1.144272,46,0,0,0,1823,0,-1369,0,80,655,0,-255,0,-255,0,-208,0,-366,0,0,0,linear_svc_calibrated,0.9527486784242393,1
RQ7_CONFIRM_baseline_default_off_26,baseline_default_off,default,off,1,none,standard_dns,1,/opt/praxis/pcaps/RQ7_CONFIRM_baseline_default_off_26.pcap,/opt/praxis/logs/RQ7_CONFIRM_baseline_default_off_26_browser.json,21545,69,36,33,0,10554,4831,15385,1.146769,46,0,0,0,1759,0,-1369,0,80,655,0,-255,0,-255,0,-574,0,0,0,0,2094,linear_svc_calibrated,0.9822015180994942,1
RQ7_CONFIRM_baseline_default_off_27,baseline_default_off,default,off,1,none,standard_dns,1,/opt/praxis/pcaps/RQ7_CONFIRM_baseline_default_off_27.pcap,/opt/praxis/logs/RQ7_CONFIRM_baseline_default_off_27_browser.json,21593,71,36,35,0,10426,4831,15257,1.140293,42,0,0,0,1727,0,-1369,0,80,655,0,-255,0,-255,0,-208,0,-366,0,0,0,linear_svc_calibrated,0.9507541727009056,1
RQ7_CONFIRM_baseline_default_off_28,baseline_default_off,default,off,1,none,standard_dns,1,/opt/praxis/pcaps/RQ7_CONFIRM_baseline_default_off_28.pcap,/opt/praxis/logs/RQ7_CONFIRM_baseline_default_off_28_browser.json,21513,69,35,34,0,10522,4831,15353,1.141719,44,0,0,0,1791,0,-1369,0,80,655,0,-255,0,-255,0,-208,0,-366,0,0,0,linear_svc_calibrated,0.9513813778205998,1
RQ7_CONFIRM_baseline_default_off_29,baseline_default_off,default,off,1,none,standard_dns,1,/opt/praxis/pcaps/RQ7_CONFIRM_baseline_default_off_29.pcap,/opt/praxis/logs/RQ7_CONFIRM_baseline_default_off_29_browser.json,21665,70,36,34,0,10586,4831,15417,1.145373,42,0,0,0,1823,0,-1369,0,80,655,0,-255,0,-255,0,-208,0,-366,0,0,0,linear_svc_calibrated,0.950219271225932,1
RQ7_CONFIRM_baseline_default_off_30,baseline_default_off,default,off,1,none,standard_dns,1,/opt/praxis/pcaps/RQ7_CONFIRM_baseline_default_off_30.pcap,/opt/praxis/logs/RQ7_CONFIRM_baseline_default_off_30_browser.json,21273,67,34,33,0,10458,4831,15289,1.141588,44,0,0,0,1727,0,-1369,0,80,655,0,-255,0,-255,0,-208,0,-366,0,0,0,linear_svc_calibrated,0.950574481511218,1
RQ7_CONFIRM_baseline_default_off_31,baseline_default_off,default,off,1,none,standard_dns,1,/opt/praxis/pcaps/RQ7_CONFIRM_baseline_default_off_31.pcap,/opt/praxis/logs/RQ7_CONFIRM_baseline_default_off_31_browser.json,21433,67,34,33,0,10618,4831,15449,1.142839,44,0,0,0,1791,0,-1369,0,80,655,0,-255,0,-255,0,-208,0,-366,0,0,0,linear_svc_calibrated,0.9504982676695102,1
RQ7_CONFIRM_baseline_default_off_32,baseline_default_off,default,off,1,none,standard_dns,1,/opt/praxis/pcaps/RQ7_CONFIRM_baseline_default_off_32.pcap,/opt/praxis/logs/RQ7_CONFIRM_baseline_default_off_32_browser.json,21577,69,35,34,0,10586,4831,15417,1.146946,40,0,0,0,1791,0,-1369,0,80,655,0,-255,0,-255,0,-574,0,0,0,0,2030,linear_svc_calibrated,0.9802652224354241,1
RQ7_CONFIRM_baseline_default_off_33,baseline_default_off,default,off,1,none,standard_dns,1,/opt/praxis/pcaps/RQ7_CONFIRM_baseline_default_off_33.pcap,/opt/praxis/logs/RQ7_CONFIRM_baseline_default_off_33_browser.json,21425,68,35,33,0,10522,4831,15353,1.146236,42,0,0,0,1823,0,-1369,0,80,655,0,-255,0,-255,0,-574,0,0,0,0,1998,linear_svc_calibrated,0.9806926138255562,1
RQ7_CONFIRM_baseline_default_off_34,baseline_default_off,default,off,1,none,standard_dns,1,/opt/praxis/pcaps/RQ7_CONFIRM_baseline_default_off_34.pcap,/opt/praxis/logs/RQ7_CONFIRM_baseline_default_off_34_browser.json,21649,72,36,36,0,10394,4831,15225,1.14966,44,0,0,0,1727,0,-1369,0,80,655,0,-255,0,-255,0,-208,0,-366,0,0,0,linear_svc_calibrated,0.9526011653741856,1
RQ7_CONFIRM_baseline_default_off_35,baseline_default_off,default,off,1,none,standard_dns,1,/opt/praxis/pcaps/RQ7_CONFIRM_baseline_default_off_35.pcap,/opt/praxis/logs/RQ7_CONFIRM_baseline_default_off_35_browser.json,21305,67,34,33,0,10490,4831,15321,1.142591,44,0,0,0,1759,0,-1369,0,80,655,0,-255,0,-255,0,-208,0,-366,0,0,0,linear_svc_calibrated,0.9505482313209493,1
RQ7_CONFIRM_baseline_default_off_36,baseline_default_off,default,off,1,none,standard_dns,1,/opt/praxis/pcaps/RQ7_CONFIRM_baseline_default_off_36.pcap,/opt/praxis/logs/RQ7_CONFIRM_baseline_default_off_36_browser.json,21545,69,35,34,0,10554,4831,15385,1.144784,40,0,0,0,1727,0,-1369,0,80,655,0,-255,0,-255,0,-574,0,0,0,0,2062,linear_svc_calibrated,0.9803426577318515,1
RQ7_CONFIRM_baseline_default_off_37,baseline_default_off,default,off,1,none,standard_dns,1,/opt/praxis/pcaps/RQ7_CONFIRM_baseline_default_off_37.pcap,/opt/praxis/logs/RQ7_CONFIRM_baseline_default_off_37_browser.json,21537,70,36,34,0,10458,4831,15289,1.140335,44,0,0,0,1759,0,-1369,0,80,655,0,-255,0,-255,0,-208,-366,0,0,0,0,linear_svc_calibrated,0.9484636986113225,1
RQ7_CONFIRM_baseline_default_off_38,baseline_default_off,default,off,1,none,standard_dns,1,/opt/praxis/pcaps/RQ7_CONFIRM_baseline_default_off_38.pcap,/opt/praxis/logs/RQ7_CONFIRM_baseline_default_off_38_browser.json,21537,70,36,34,0,10458,4831,15289,1.143674,48,0,0,0,1759,0,-1369,0,80,655,0,-255,0,-255,0,-208,0,-366,0,0,0,linear_svc_calibrated,0.9544960227407739,1
RQ7_CONFIRM_baseline_default_off_39,baseline_default_off,default,off,1,none,standard_dns,1,/opt/praxis/pcaps/RQ7_CONFIRM_baseline_default_off_39.pcap,/opt/praxis/logs/RQ7_CONFIRM_baseline_default_off_39_browser.json,21305,67,34,33,0,10490,4831,15321,1.140609,42,0,0,0,1727,0,-1369,0,80,655,0,-255,0,-255,0,-574,0,0,0,0,1998,linear_svc_calibrated,0.9805663318786696,1
RQ7_CONFIRM_baseline_default_off_40,baseline_default_off,default,off,1,none,standard_dns,1,/opt/praxis/pcaps/RQ7_CONFIRM_baseline_default_off_40.pcap,/opt/praxis/logs/RQ7_CONFIRM_baseline_default_off_40_browser.json,21609,69,35,34,0,10618,4831,15449,1.144017,44,0,0,0,1823,0,-1369,0,80,655,0,-255,0,-255,0,-574,0,0,0,0,2094,linear_svc_calibrated,0.9816252476032097,1
RQ7_CONFIRM_baseline_default_off_41,baseline_default_off,default,off,1,none,standard_dns,1,/opt/praxis/pcaps/RQ7_CONFIRM_baseline_default_off_41.pcap,/opt/praxis/logs/RQ7_CONFIRM_baseline_default_off_41_browser.json,21337,67,34,33,0,10522,4831,15353,1.141272,46,0,0,0,1727,0,-1369,0,80,655,0,-255,0,-255,0,-208,0,-366,0,0,0,linear_svc_calibrated,0.9519899691310715,1
RQ7_CONFIRM_baseline_default_off_42,baseline_default_off,default,off,1,none,standard_dns,1,/opt/praxis/pcaps/RQ7_CONFIRM_baseline_default_off_42.pcap,/opt/praxis/logs/RQ7_CONFIRM_baseline_default_off_42_browser.json,21609,69,35,34,0,10618,4831,15449,1.144226,40,0,0,0,1823,0,-1369,0,80,655,0,-255,0,-255,0,-574,0,0,0,0,2062,linear_svc_calibrated,0.9802970487254782,1
RQ7_CONFIRM_baseline_default_off_43,baseline_default_off,default,off,1,none,standard_dns,1,/opt/praxis/pcaps/RQ7_CONFIRM_baseline_default_off_43.pcap,/opt/praxis/logs/RQ7_CONFIRM_baseline_default_off_43_browser.json,21513,69,35,34,0,10522,4831,15353,1.142944,46,0,0,0,1727,0,-1369,0,80,655,0,-255,0,-255,0,-208,0,-366,0,0,0,linear_svc_calibrated,0.9528035481489411,1
RQ7_CONFIRM_baseline_default_off_44,baseline_default_off,default,off,1,none,standard_dns,1,/opt/praxis/pcaps/RQ7_CONFIRM_baseline_default_off_44.pcap,/opt/praxis/logs/RQ7_CONFIRM_baseline_default_off_44_browser.json,21681,72,37,35,0,10426,4831,15257,1.140269,46,0,0,0,1727,0,-1369,0,80,655,0,-255,0,-255,0,-208,0,-366,0,0,0,linear_svc_calibrated,0.953999545878974,1
RQ7_CONFIRM_baseline_default_off_45,baseline_default_off,default,off,1,none,standard_dns,1,/opt/praxis/pcaps/RQ7_CONFIRM_baseline_default_off_45.pcap,/opt/praxis/logs/RQ7_CONFIRM_baseline_default_off_45_browser.json,21513,69,35,34,0,10522,4831,15353,1.145116,40,0,0,0,1759,0,-1369,0,80,655,0,-255,0,-255,0,-208,-366,0,0,0,0,linear_svc_calibrated,0.9446242557731027,1
RQ7_CONFIRM_baseline_default_off_46,baseline_default_off,default,off,1,none,standard_dns,1,/opt/praxis/pcaps/RQ7_CONFIRM_baseline_default_off_46.pcap,/opt/praxis/logs/RQ7_CONFIRM_baseline_default_off_46_browser.json,21273,67,34,33,0,10458,4831,15289,1.139046,44,0,0,0,1823,0,-1369,0,80,655,0,-255,0,-255,0,-208,0,-366,0,0,0,linear_svc_calibrated,0.9505588568939501,1
RQ7_CONFIRM_baseline_default_off_47,baseline_default_off,default,off,1,none,standard_dns,1,/opt/praxis/pcaps/RQ7_CONFIRM_baseline_default_off_47.pcap,/opt/praxis/logs/RQ7_CONFIRM_baseline_default_off_47_browser.json,21457,68,35,33,0,10554,4831,15385,1.144308,40,0,0,0,1823,0,-1369,0,80,655,0,-255,0,-255,0,-574,0,0,0,0,1998,linear_svc_calibrated,0.9800140603768145,1
RQ7_CONFIRM_baseline_default_off_48,baseline_default_off,default,off,1,none,standard_dns,1,/opt/praxis/pcaps/RQ7_CONFIRM_baseline_default_off_48.pcap,/opt/praxis/logs/RQ7_CONFIRM_baseline_default_off_48_browser.json,21505,70,36,34,0,10426,4831,15257,1.146175,44,0,0,0,1727,0,-1369,0,80,655,0,-255,0,-255,0,-208,0,-366,0,0,0,linear_svc_calibrated,0.9517984237248029,1
RQ7_CONFIRM_baseline_default_off_49,baseline_default_off,default,off,1,none,standard_dns,1,/opt/praxis/pcaps/RQ7_CONFIRM_baseline_default_off_49.pcap,/opt/praxis/logs/RQ7_CONFIRM_baseline_default_off_49_browser.json,21481,69,35,34,0,10490,4831,15321,1.1418,42,0,0,0,1727,0,-1369,0,80,655,0,-255,0,-255,0,-208,0,-366,0,0,0,linear_svc_calibrated,0.9498936550539816,1
RQ7_CONFIRM_baseline_default_off_50,baseline_default_off,default,off,1,none,standard_dns,1,/opt/praxis/pcaps/RQ7_CONFIRM_baseline_default_off_50.pcap,/opt/praxis/logs/RQ7_CONFIRM_baseline_default_off_50_browser.json,21369,67,34,33,0,10554,4831,15385,1.139078,42,0,0,0,1823,0,-1369,0,80,655,0,-255,0,-255,0,-574,0,0,0,0,0,linear_svc_calibrated,0.9411594461142537,1
RQ7_CONFIRM_camouflaged_c2_p1_01,camouflaged_c2_p1,camouflaged,c2,1,none,standard_dns,1,/opt/praxis/pcaps/RQ7_CONFIRM_camouflaged_c2_p1_01.pcap,/opt/praxis/logs/RQ7_CONFIRM_camouflaged_c2_p1_01_browser.json,20585,56,28,28,0,10648,4969,15617,0.184586,34,0,0,0,1800,0,-1377,0,88,687,0,-263,0,-263,0,-216,0,-374,0,-6,0,linear_svc_calibrated,0.9316946499943225,1
RQ7_CONFIRM_camouflaged_c2_p1_02,camouflaged_c2_p1,camouflaged,c2,1,none,standard_dns,1,/opt/praxis/pcaps/RQ7_CONFIRM_camouflaged_c2_p1_02.pcap,/opt/praxis/logs/RQ7_CONFIRM_camouflaged_c2_p1_02_browser.json,20089,50,26,24,0,10712,4937,15649,0.197929,28,0,0,0,1768,0,-1377,0,88,687,0,-263,0,-263,0,-582,-6,0,0,6,2052,linear_svc_calibrated,0.9832213890727308,1
RQ7_CONFIRM_camouflaged_c2_p1_03,camouflaged_c2_p1,camouflaged,c2,1,none,standard_dns,1,/opt/praxis/pcaps/RQ7_CONFIRM_camouflaged_c2_p1_03.pcap,/opt/praxis/logs/RQ7_CONFIRM_camouflaged_c2_p1_03_browser.json,20153,52,26,26,0,10584,4953,15537,0.190154,32,0,0,0,1768,0,-1377,0,88,687,0,-263,0,-263,0,-582,0,-6,0,6,2020,linear_svc_calibrated,0.9854939246887318,1
RQ7_CONFIRM_camouflaged_c2_p1_04,camouflaged_c2_p1,camouflaged,c2,1,none,standard_dns,1,/opt/praxis/pcaps/RQ7_CONFIRM_camouflaged_c2_p1_04.pcap,/opt/praxis/logs/RQ7_CONFIRM_camouflaged_c2_p1_04_browser.json,20417,53,27,26,0,10736,4977,15713,0.188321,34,0,0,0,1832,0,-1377,0,88,687,0,-263,0,-263,0,-216,0,-374,0,-6,0,linear_svc_calibrated,0.9292655227342426,1
RQ7_CONFIRM_camouflaged_c2_p1_05,camouflaged_c2_p1,camouflaged,c2,1,none,standard_dns,1,/opt/praxis/pcaps/RQ7_CONFIRM_camouflaged_c2_p1_05.pcap,/opt/praxis/logs/RQ7_CONFIRM_camouflaged_c2_p1_05_browser.json,20897,58,29,29,0,10776,4977,15753,0.183114,34,0,0,0,1768,0,-1377,0,88,687,0,-263,0,-263,0,-216,0,-374,0,-6,0,linear_svc_calibrated,0.93305766344674,1
RQ7_CONFIRM_camouflaged_c2_p1_06,camouflaged_c2_p1,camouflaged,c2,1,none,standard_dns,1,/opt/praxis/pcaps/RQ7_CONFIRM_camouflaged_c2_p1_06.pcap,/opt/praxis/logs/RQ7_CONFIRM_camouflaged_c2_p1_06_browser.json,20193,52,26,26,0,10616,4961,15577,0.189476,30,0,0,0,1768,0,-1377,0,88,687,0,-263,0,-263,0,-216,0,-374,-6,0,0,linear_svc_calibrated,0.9504105241239822,1
RQ7_CONFIRM_camouflaged_c2_p1_07,camouflaged_c2_p1,camouflaged,c2,1,none,standard_dns,1,/opt/praxis/pcaps/RQ7_CONFIRM_camouflaged_c2_p1_07.pcap,/opt/praxis/logs/RQ7_CONFIRM_camouflaged_c2_p1_07_browser.json,20441,53,27,26,0,10776,4961,15737,0.183895,30,0,0,0,1800,0,-1377,0,88,687,0,-263,0,-263,0,-216,0,-374,-6,0,0,linear_svc_calibrated,0.950882730495905,1
RQ7_CONFIRM_camouflaged_c2_p1_08,camouflaged_c2_p1,camouflaged,c2,1,none,standard_dns,1,/opt/praxis/pcaps/RQ7_CONFIRM_camouflaged_c2_p1_08.pcap,/opt/praxis/logs/RQ7_CONFIRM_camouflaged_c2_p1_08_browser.json,20481,54,27,27,0,10712,4977,15689,0.190767,38,0,0,0,1736,0,-1377,0,88,687,0,-263,0,-263,0,-216,0,-374,0,-6,0,linear_svc_calibrated,0.9348946953903198,1
RQ7_CONFIRM_camouflaged_c2_p1_09,camouflaged_c2_p1,camouflaged,c2,1,none,standard_dns,1,/opt/praxis/pcaps/RQ7_CONFIRM_camouflaged_c2_p1_09.pcap,/opt/praxis/logs/RQ7_CONFIRM_camouflaged_c2_p1_09_browser.json,20193,50,25,25,0,10800,4953,15753,0.191965,32,0,0,0,1800,0,-1377,0,88,687,0,-263,0,-263,0,-582,0,-6,0,6,2052,linear_svc_calibrated,0.9851176699609338,1
RQ7_CONFIRM_camouflaged_c2_p1_10,camouflaged_c2_p1,camouflaged,c2,1,none,standard_dns,1,/opt/praxis/pcaps/RQ7_CONFIRM_camouflaged_c2_p1_10.pcap,/opt/praxis/logs/RQ7_CONFIRM_camouflaged_c2_p1_10_browser.json,20313,52,26,26,0,10744,4953,15697,0.189412,34,0,0,0,1832,0,-1377,0,88,687,0,-263,0,-263,0,-582,0,-6,0,6,2084,linear_svc_calibrated,0.9861467658506556,1
RQ7_CONFIRM_camouflaged_c2_p1_11,camouflaged_c2_p1,camouflaged,c2,1,none,standard_dns,1,/opt/praxis/pcaps/RQ7_CONFIRM_camouflaged_c2_p1_11.pcap,/opt/praxis/logs/RQ7_CONFIRM_camouflaged_c2_p1_11_browser.json,20497,54,27,27,0,10744,4961,15705,0.187201,36,0,0,0,1768,0,-1377,0,88,687,0,-263,0,-263,0,-582,0,-6,0,6,2084,linear_svc_calibrated,0.9870402674467806,1
RQ7_CONFIRM_camouflaged_c2_p1_12,camouflaged_c2_p1,camouflaged,c2,1,none,standard_dns,1,/opt/praxis/pcaps/RQ7_CONFIRM_camouflaged_c2_p1_12.pcap,/opt/praxis/logs/RQ7_CONFIRM_camouflaged_c2_p1_12_browser.json,20649,56,28,28,0,10712,4969,15681,0.200795,34,0,0,0,1800,0,-1377,0,88,687,0,-263,0,-263,0,-216,0,-374,0,-6,0,linear_svc_calibrated,0.9314127762876895,1
RQ7_CONFIRM_camouflaged_c2_p1_13,camouflaged_c2_p1,camouflaged,c2,1,none,standard_dns,1,/opt/praxis/pcaps/RQ7_CONFIRM_camouflaged_c2_p1_13.pcap,/opt/praxis/logs/RQ7_CONFIRM_camouflaged_c2_p1_13_browser.json,20353,52,26,26,0,10768,4969,15737,0.187664,34,0,0,0,1768,0,-1377,0,88,687,0,-263,0,-263,0,-216,0,-374,0,-6,0,linear_svc_calibrated,0.9285629240701289,1
RQ7_CONFIRM_camouflaged_c2_p1_14,camouflaged_c2_p1,camouflaged,c2,1,none,standard_dns,1,/opt/praxis/pcaps/RQ7_CONFIRM_camouflaged_c2_p1_14.pcap,/opt/praxis/logs/RQ7_CONFIRM_camouflaged_c2_p1_14_browser.json,20033,51,25,26,0,10552,4953,15505,0.189224,34,0,0,0,1768,0,-1377,0,88,687,0,-263,0,-263,0,-582,0,-6,0,6,1988,linear_svc_calibrated,0.9859267808578892,1
RQ7_CONFIRM_camouflaged_c2_p1_15,camouflaged_c2_p1,camouflaged,c2,1,none,standard_dns,1,/opt/praxis/pcaps/RQ7_CONFIRM_camouflaged_c2_p1_15.pcap,/opt/praxis/logs/RQ7_CONFIRM_camouflaged_c2_p1_15_browser.json,20201,52,26,26,0,10616,4969,15585,0.191309,36,0,0,0,1768,0,-1377,0,88,687,0,-263,0,-263,0,-582,0,-6,0,6,2020,linear_svc_calibrated,0.9866571649951278,1
RQ7_CONFIRM_camouflaged_c2_p1_16,camouflaged_c2_p1,camouflaged,c2,1,none,standard_dns,1,/opt/praxis/pcaps/RQ7_CONFIRM_camouflaged_c2_p1_16.pcap,/opt/praxis/logs/RQ7_CONFIRM_camouflaged_c2_p1_16_browser.json,20817,57,28,29,0,10776,4985,15761,0.18772,32,0,0,0,1768,0,-1377,0,88,687,0,-263,0,-263,0,-216,0,-374,-6,0,0,linear_svc_calibrated,0.9547691512459279,1
RQ7_CONFIRM_camouflaged_c2_p1_17,camouflaged_c2_p1,camouflaged,c2,1,none,standard_dns,1,/opt/praxis/pcaps/RQ7_CONFIRM_camouflaged_c2_p1_17.pcap,/opt/praxis/logs/RQ7_CONFIRM_camouflaged_c2_p1_17_browser.json,20385,54,27,27,0,10616,4977,15593,0.192556,40,0,0,0,1832,0,-1377,0,88,687,0,-263,0,-263,0,-216,0,-374,0,-6,0,linear_svc_calibrated,0.936957851218876,1
RQ7_CONFIRM_camouflaged_c2_p1_18,camouflaged_c2_p1,camouflaged,c2,1,none,standard_dns,1,/opt/praxis/pcaps/RQ7_CONFIRM_camouflaged_c2_p1_18.pcap,/opt/praxis/logs/RQ7_CONFIRM_camouflaged_c2_p1_18_browser.json,20409,53,26,27,0,10744,4961,15705,0.186782,32,0,0,0,1768,0,-1377,0,88,687,0,-263,0,-263,0,-582,0,-6,0,6,2052,linear_svc_calibrated,0.9856970272248122,1
RQ7_CONFIRM_camouflaged_c2_p1_19,camouflaged_c2_p1,camouflaged,c2,1,none,standard_dns,1,/opt/praxis/pcaps/RQ7_CONFIRM_camouflaged_c2_p1_19.pcap,/opt/praxis/logs/RQ7_CONFIRM_camouflaged_c2_p1_19_browser.json,20337,54,27,27,0,10584,4961,15545,0.191449,30,0,0,0,1736,0,-1377,0,88,687,0,-263,0,-263,0,-216,0,-374,0,-6,0,linear_svc_calibrated,0.924422098382408,1
RQ7_CONFIRM_camouflaged_c2_p1_20,camouflaged_c2_p1,camouflaged,c2,1,none,standard_dns,1,/opt/praxis/pcaps/RQ7_CONFIRM_camouflaged_c2_p1_20.pcap,/opt/praxis/logs/RQ7_CONFIRM_camouflaged_c2_p1_20_browser.json,20441,53,26,27,0,10776,4961,15737,0.190748,38,0,0,0,1832,0,-1377,0,88,687,0,-263,0,-263,0,-582,0,-6,0,6,2052,linear_svc_calibrated,0.9873440462078301,1
RQ7_CONFIRM_camouflaged_c2_p1_21,camouflaged_c2_p1,camouflaged,c2,1,none,standard_dns,1,/opt/praxis/pcaps/RQ7_CONFIRM_camouflaged_c2_p1_21.pcap,/opt/praxis/logs/RQ7_CONFIRM_camouflaged_c2_p1_21_browser.json,20577,54,27,27,0,10808,4977,15785,0.185189,36,0,0,0,1800,0,-1377,0,88,687,0,-263,0,-263,0,-216,0,-374,0,-6,0,linear_svc_calibrated,0.9326131830645118,1
RQ7_CONFIRM_camouflaged_c2_p1_22,camouflaged_c2_p1,camouflaged,c2,1,none,standard_dns,1,/opt/praxis/pcaps/RQ7_CONFIRM_camouflaged_c2_p1_22.pcap,/opt/praxis/logs/RQ7_CONFIRM_camouflaged_c2_p1_22_browser.json,20473,54,27,27,0,10712,4969,15681,0.190576,36,0,0,0,1736,0,-1377,0,88,687,0,-263,0,-263,0,-216,0,-374,0,-6,0,linear_svc_calibrated,0.932637306792088,1
RQ7_CONFIRM_camouflaged_c2_p1_23,camouflaged_c2_p1,camouflaged,c2,1,none,standard_dns,1,/opt/praxis/pcaps/RQ7_CONFIRM_camouflaged_c2_p1_23.pcap,/opt/praxis/logs/RQ7_CONFIRM_camouflaged_c2_p1_23_browser.json,20497,54,27,27,0,10744,4961,15705,0.185256,34,0,0,0,1832,0,-1377,0,88,687,0,-263,0,-263,0,-582,0,-6,0,6,2052,linear_svc_calibrated,0.986455127894159,1
RQ7_CONFIRM_camouflaged_c2_p1_24,camouflaged_c2_p1,camouflaged,c2,1,none,standard_dns,1,/opt/praxis/pcaps/RQ7_CONFIRM_camouflaged_c2_p1_24.pcap,/opt/praxis/logs/RQ7_CONFIRM_camouflaged_c2_p1_24_browser.json,20649,56,28,28,0,10712,4969,15681,0.195062,32,0,0,0,1768,0,-1377,0,88,687,0,-263,0,-263,0,-216,0,-374,0,-6,0,linear_svc_calibrated,0.9288236209936489,1
RQ7_CONFIRM_camouflaged_c2_p1_25,camouflaged_c2_p1,camouflaged,c2,1,none,standard_dns,1,/opt/praxis/pcaps/RQ7_CONFIRM_camouflaged_c2_p1_25.pcap,/opt/praxis/logs/RQ7_CONFIRM_camouflaged_c2_p1_25_browser.json,20249,52,26,26,0,10680,4953,15633,0.18706,32,0,0,0,1832,0,-1377,0,88,687,0,-263,0,-263,0,-582,0,-6,0,6,1988,linear_svc_calibrated,0.985446594840405,1
RQ7_CONFIRM_camouflaged_c2_p1_26,camouflaged_c2_p1,camouflaged,c2,1,none,standard_dns,1,/opt/praxis/pcaps/RQ7_CONFIRM_camouflaged_c2_p1_26.pcap,/opt/praxis/logs/RQ7_CONFIRM_camouflaged_c2_p1_26_browser.json,20473,54,27,27,0,10712,4969,15681,0.187648,32,0,0,0,1832,0,-1377,0,88,687,0,-263,0,-263,0,-582,0,-6,0,6,2020,linear_svc_calibrated,0.9858050281843909,1
RQ7_CONFIRM_camouflaged_c2_p1_27,camouflaged_c2_p1,camouflaged,c2,1,none,standard_dns,1,/opt/praxis/pcaps/RQ7_CONFIRM_camouflaged_c2_p1_27.pcap,/opt/praxis/logs/RQ7_CONFIRM_camouflaged_c2_p1_27_browser.json,20345,52,26,26,0,10776,4953,15729,0.186909,30,0,0,0,1832,0,-1377,0,88,687,0,-263,0,-263,0,-582,0,-6,0,6,2052,linear_svc_calibrated,0.984809081784764,1
RQ7_CONFIRM_camouflaged_c2_p1_28,camouflaged_c2_p1,camouflaged,c2,1,none,standard_dns,1,/opt/praxis/pcaps/RQ7_CONFIRM_camouflaged_c2_p1_28.pcap,/opt/praxis/logs/RQ7_CONFIRM_camouflaged_c2_p1_28_browser.json,20441,52,26,26,0,10872,4953,15825,0.186969,32,0,0,0,1832,0,-1377,0,88,687,0,-263,0,-263,0,-582,0,-6,0,6,2084,linear_svc_calibrated,0.9855203712794549,1
RQ7_CONFIRM_camouflaged_c2_p1_29,camouflaged_c2_p1,camouflaged,c2,1,none,standard_dns,1,/opt/praxis/pcaps/RQ7_CONFIRM_camouflaged_c2_p1_29.pcap,/opt/praxis/logs/RQ7_CONFIRM_camouflaged_c2_p1_29_browser.json,20689,56,28,28,0,10744,4977,15721,0.19442,38,0,0,0,1800,0,-1377,0,88,687,0,-263,0,-263,0,-216,0,-374,0,-6,0,linear_svc_calibrated,0.9361839052127516,1
RQ7_CONFIRM_camouflaged_c2_p1_30,camouflaged_c2_p1,camouflaged,c2,1,none,standard_dns,1,/opt/praxis/pcaps/RQ7_CONFIRM_camouflaged_c2_p1_30.pcap,/opt/praxis/logs/RQ7_CONFIRM_camouflaged_c2_p1_30_browser.json,20561,54,27,27,0,10808,4961,15769,0.19206,34,0,0,0,1768,0,-1377,0,88,687,0,-263,0,-263,0,-216,0,-374,-6,0,0,linear_svc_calibrated,0.9552837422547343,1
RQ7_CONFIRM_camouflaged_c2_p1_31,camouflaged_c2_p1,camouflaged,c2,1,none,standard_dns,1,/opt/praxis/pcaps/RQ7_CONFIRM_camouflaged_c2_p1_31.pcap,/opt/praxis/logs/RQ7_CONFIRM_camouflaged_c2_p1_31_browser.json,20377,53,26,27,0,10704,4969,15673,0.188454,34,0,0,0,1736,0,-1377,0,88,687,0,-263,0,-263,0,-582,0,-6,0,6,2084,linear_svc_calibrated,0.9863380206134598,1
RQ7_CONFIRM_camouflaged_c2_p1_32,camouflaged_c2_p1,camouflaged,c2,1,none,standard_dns,1,/opt/praxis/pcaps/RQ7_CONFIRM_camouflaged_c2_p1_32.pcap,/opt/praxis/logs/RQ7_CONFIRM_camouflaged_c2_p1_32_browser.json,20601,56,28,28,0,10648,4985,15633,0.189031,34,0,0,0,1768,0,-1377,0,88,687,0,-263,0,-263,0,-216,0,-374,0,-6,0,linear_svc_calibrated,0.931567639195447,1
RQ7_CONFIRM_camouflaged_c2_p1_33,camouflaged_c2_p1,camouflaged,c2,1,none,standard_dns,1,/opt/praxis/pcaps/RQ7_CONFIRM_camouflaged_c2_p1_33.pcap,/opt/praxis/logs/RQ7_CONFIRM_camouflaged_c2_p1_33_browser.json,20105,51,26,25,0,10608,4969,15577,0.184619,32,0,0,0,1736,0,-1377,0,88,687,0,-263,0,-263,0,-582,0,-6,0,6,2020,linear_svc_calibrated,0.9853061864035338,1
RQ7_CONFIRM_camouflaged_c2_p1_34,camouflaged_c2_p1,camouflaged,c2,1,none,standard_dns,1,/opt/praxis/pcaps/RQ7_CONFIRM_camouflaged_c2_p1_34.pcap,/opt/praxis/logs/RQ7_CONFIRM_camouflaged_c2_p1_34_browser.json,20217,52,26,26,0,10648,4953,15601,0.188466,34,0,0,0,1736,0,-1377,0,88,687,0,-263,0,-263,0,-582,0,-6,0,6,2052,linear_svc_calibrated,0.9861519908037479,1
RQ7_CONFIRM_camouflaged_c2_p1_35,camouflaged_c2_p1,camouflaged,c2,1,none,standard_dns,1,/opt/praxis/pcaps/RQ7_CONFIRM_camouflaged_c2_p1_35.pcap,/opt/praxis/logs/RQ7_CONFIRM_camouflaged_c2_p1_35_browser.json,20689,56,28,28,0,10744,4977,15721,0.182962,38,0,0,0,1736,0,-1377,0,88,687,0,-263,0,-263,0,-216,0,-374,-6,0,0,linear_svc_calibrated,0.9594181100465873,1
RQ7_CONFIRM_camouflaged_c2_p1_36,camouflaged_c2_p1,camouflaged,c2,1,none,standard_dns,1,/opt/praxis/pcaps/RQ7_CONFIRM_camouflaged_c2_p1_36.pcap,/opt/praxis/logs/RQ7_CONFIRM_camouflaged_c2_p1_36_browser.json,20225,52,26,26,0,10648,4961,15609,0.184936,32,0,0,0,1736,0,-1377,0,88,687,0,-263,0,-263,0,-582,0,-6,0,6,2052,linear_svc_calibrated,0.9855347018222353,1
RQ7_CONFIRM_camouflaged_c2_p1_37,camouflaged_c2_p1,camouflaged,c2,1,none,standard_dns,1,/opt/praxis/pcaps/RQ7_CONFIRM_camouflaged_c2_p1_37.pcap,/opt/praxis/logs/RQ7_CONFIRM_camouflaged_c2_p1_37_browser.json,20569,54,27,27,0,10808,4969,15777,0.189214,36,0,0,0,1800,0,-1377,0,88,687,0,-263,0,-263,0,-216,0,-374,0,-6,0,linear_svc_calibrated,0.9325862501634522,1
RQ7_CONFIRM_camouflaged_c2_p1_38,camouflaged_c2_p1,camouflaged,c2,1,none,standard_dns,1,/opt/praxis/pcaps/RQ7_CONFIRM_camouflaged_c2_p1_38.pcap,/opt/praxis/logs/RQ7_CONFIRM_camouflaged_c2_p1_38_browser.json,20529,54,27,27,0,10768,4969,15737,0.192467,34,0,0,0,1800,0,-1377,0,88,687,0,-263,0,-263,0,-216,0,-374,-6,0,0,linear_svc_calibrated,0.9552638995383096,1
RQ7_CONFIRM_camouflaged_c2_p1_39,camouflaged_c2_p1,camouflaged,c2,1,none,standard_dns,1,/opt/praxis/pcaps/RQ7_CONFIRM_camouflaged_c2_p1_39.pcap,/opt/praxis/logs/RQ7_CONFIRM_camouflaged_c2_p1_39_browser.json,20561,54,27,27,0,10808,4961,15769,0.186439,36,0,0,0,1800,0,-1377,0,88,687,0,-263,0,-263,0,-216,0,-374,0,-6,0,linear_svc_calibrated,0.9326674350289252,1
RQ7_CONFIRM_camouflaged_c2_p1_40,camouflaged_c2_p1,camouflaged,c2,1,none,standard_dns,1,/opt/praxis/pcaps/RQ7_CONFIRM_camouflaged_c2_p1_40.pcap,/opt/praxis/logs/RQ7_CONFIRM_camouflaged_c2_p1_40_browser.json,20441,53,26,27,0,10776,4961,15737,0.188658,34,0,0,0,1800,0,-1377,0,88,687,0,-263,0,-263,0,-216,0,-374,0,-6,0,linear_svc_calibrated,0.9293712852433845,1
RQ7_CONFIRM_camouflaged_c2_p1_41,camouflaged_c2_p1,camouflaged,c2,1,none,standard_dns,1,/opt/praxis/pcaps/RQ7_CONFIRM_camouflaged_c2_p1_41.pcap,/opt/praxis/logs/RQ7_CONFIRM_camouflaged_c2_p1_41_browser.json,20681,56,28,28,0,10744,4969,15713,0.185442,34,0,0,0,1800,0,-1377,0,88,687,0,-263,0,-263,0,-216,0,-374,-6,0,0,linear_svc_calibrated,0.9562176794707374,1
RQ7_CONFIRM_camouflaged_c2_p1_42,camouflaged_c2_p1,camouflaged,c2,1,none,standard_dns,1,/opt/praxis/pcaps/RQ7_CONFIRM_camouflaged_c2_p1_42.pcap,/opt/praxis/logs/RQ7_CONFIRM_camouflaged_c2_p1_42_browser.json,20601,56,27,29,0,10648,4985,15633,0.183959,38,0,0,0,1768,0,-1377,0,88,687,0,-263,0,-263,0,-216,0,-374,0,-6,0,linear_svc_calibrated,0.9363686420866505,1
RQ7_CONFIRM_camouflaged_c2_p1_43,camouflaged_c2_p1,camouflaged,c2,1,none,standard_dns,1,/opt/praxis/pcaps/RQ7_CONFIRM_camouflaged_c2_p1_43.pcap,/opt/praxis/logs/RQ7_CONFIRM_camouflaged_c2_p1_43_browser.json,20537,55,28,27,0,10680,4977,15657,0.187186,36,0,0,0,1736,0,-1377,0,88,687,0,-263,0,-263,0,-216,0,-374,0,-6,0,linear_svc_calibrated,0.933378020703686,1
RQ7_CONFIRM_camouflaged_c2_p1_44,camouflaged_c2_p1,camouflaged,c2,1,none,standard_dns,1,/opt/praxis/pcaps/RQ7_CONFIRM_camouflaged_c2_p1_44.pcap,/opt/praxis/logs/RQ7_CONFIRM_camouflaged_c2_p1_44_browser.json,20481,52,27,25,0,10904,4961,15865,0.187357,30,0,0,0,1832,0,-1377,0,88,687,0,-263,0,-263,0,-582,0,-6,0,6,2084,linear_svc_calibrated,0.9847903632445617,1
RQ7_CONFIRM_camouflaged_c2_p1_45,camouflaged_c2_p1,camouflaged,c2,1,none,standard_dns,1,/opt/praxis/pcaps/RQ7_CONFIRM_camouflaged_c2_p1_45.pcap,/opt/praxis/logs/RQ7_CONFIRM_camouflaged_c2_p1_45_browser.json,20625,56,28,28,0,10680,4977,15657,0.190874,38,0,0,0,1768,0,-1377,0,88,687,0,-263,0,-263,0,-216,0,-374,0,-6,0,linear_svc_calibrated,0.936276309420129,1
RQ7_CONFIRM_camouflaged_c2_p1_46,camouflaged_c2_p1,camouflaged,c2,1,none,standard_dns,1,/opt/praxis/pcaps/RQ7_CONFIRM_camouflaged_c2_p1_46.pcap,/opt/praxis/logs/RQ7_CONFIRM_camouflaged_c2_p1_46_browser.json,20289,52,26,26,0,10704,4969,15673,0.181052,38,0,0,0,1800,0,-1377,0,88,687,0,-263,0,-263,0,-216,0,-374,0,-6,0,linear_svc_calibrated,0.9335731658481609,1
RQ7_CONFIRM_camouflaged_c2_p1_47,camouflaged_c2_p1,camouflaged,c2,1,none,standard_dns,1,/opt/praxis/pcaps/RQ7_CONFIRM_camouflaged_c2_p1_47.pcap,/opt/praxis/logs/RQ7_CONFIRM_camouflaged_c2_p1_47_browser.json,20513,54,26,28,0,10744,4977,15721,0.181752,34,0,0,0,1800,0,-1377,0,88,687,0,-263,0,-263,0,-582,0,-6,0,6,2052,linear_svc_calibrated,0.9864744963953408,1
RQ7_CONFIRM_camouflaged_c2_p1_48,camouflaged_c2_p1,camouflaged,c2,1,none,standard_dns,1,/opt/praxis/pcaps/RQ7_CONFIRM_camouflaged_c2_p1_48.pcap,/opt/praxis/logs/RQ7_CONFIRM_camouflaged_c2_p1_48_browser.json,20401,54,27,27,0,10640,4969,15609,0.190794,36,0,0,0,1800,0,-1377,0,88,687,0,-263,0,-263,0,-216,0,-374,0,-6,0,linear_svc_calibrated,0.9326194559374446,1
RQ7_CONFIRM_camouflaged_c2_p1_49,camouflaged_c2_p1,camouflaged,c2,1,none,standard_dns,1,/opt/praxis/pcaps/RQ7_CONFIRM_camouflaged_c2_p1_49.pcap,/opt/praxis/logs/RQ7_CONFIRM_camouflaged_c2_p1_49_browser.json,20465,54,27,27,0,10712,4961,15673,0.185285,32,0,0,0,1832,0,-1377,0,88,687,0,-263,0,-263,0,-216,0,-374,0,-6,0,linear_svc_calibrated,0.9274456223127269,1
RQ7_CONFIRM_camouflaged_c2_p1_50,camouflaged_c2_p1,camouflaged,c2,1,none,standard_dns,1,/opt/praxis/pcaps/RQ7_CONFIRM_camouflaged_c2_p1_50.pcap,/opt/praxis/logs/RQ7_CONFIRM_camouflaged_c2_p1_50_browser.json,20529,54,27,27,0,10776,4961,15737,0.181503,36,0,0,0,1832,0,-1377,0,88,687,0,-263,0,-263,0,-216,0,-374,0,-6,0,linear_svc_calibrated,0.9327379074325037,1
RQ7_CONFIRM_default_c2_p1_01,default_c2_p1,default,c2,1,none,standard_dns,1,/opt/praxis/pcaps/RQ7_CONFIRM_default_c2_p1_01.pcap,/opt/praxis/logs/RQ7_CONFIRM_default_c2_p1_01_browser.json,20310,54,27,27,0,10557,4961,15518,0.189242,38,0,0,0,1736,0,-1377,0,88,663,0,-263,0,-263,0,-216,0,-374,0,-6,0,linear_svc_calibrated,0.934558250819386,1
RQ7_CONFIRM_default_c2_p1_02,default_c2_p1,default,c2,1,none,standard_dns,1,/opt/praxis/pcaps/RQ7_CONFIRM_default_c2_p1_02.pcap,/opt/praxis/logs/RQ7_CONFIRM_default_c2_p1_02_browser.json,20446,54,27,27,0,10685,4969,15654,0.189728,40,0,0,0,1768,0,-1377,0,88,663,0,-263,0,-263,0,-216,0,-374,0,-6,0,linear_svc_calibrated,0.9365789759243643,1
RQ7_CONFIRM_default_c2_p1_03,default_c2_p1,default,c2,1,none,standard_dns,1,/opt/praxis/pcaps/RQ7_CONFIRM_default_c2_p1_03.pcap,/opt/praxis/logs/RQ7_CONFIRM_default_c2_p1_03_browser.json,20030,52,26,26,0,10461,4953,15414,0.196199,34,0,0,0,1768,0,-1377,0,88,663,0,-263,0,-263,0,-582,0,-6,0,6,1988,linear_svc_calibrated,0.9859663503737938,1
RQ7_CONFIRM_default_c2_p1_04,default_c2_p1,default,c2,1,none,standard_dns,1,/opt/praxis/pcaps/RQ7_CONFIRM_default_c2_p1_04.pcap,/opt/praxis/logs/RQ7_CONFIRM_default_c2_p1_04_browser.json,20438,55,27,28,0,10589,4969,15558,0.190956,36,0,0,0,1768,0,-1377,0,88,663,0,-263,0,-263,0,-216,0,-374,0,-6,0,linear_svc_calibrated,0.9328973453365837,1
RQ7_CONFIRM_default_c2_p1_05,default_c2_p1,default,c2,1,none,standard_dns,1,/opt/praxis/pcaps/RQ7_CONFIRM_default_c2_p1_05.pcap,/opt/praxis/logs/RQ7_CONFIRM_default_c2_p1_05_browser.json,20254,52,26,26,0,10685,4953,15638,0.188936,34,0,0,0,1832,0,-1377,0,88,663,0,-263,0,-263,0,-582,0,-6,0,6,2052,linear_svc_calibrated,0.9860121179374243,1
RQ7_CONFIRM_default_c2_p1_06,default_c2_p1,default,c2,1,none,standard_dns,1,/opt/praxis/pcaps/RQ7_CONFIRM_default_c2_p1_06.pcap,/opt/praxis/logs/RQ7_CONFIRM_default_c2_p1_06_browser.json,20318,53,26,27,0,10645,4969,15614,0.192563,32,0,0,0,1800,0,-1377,0,88,663,0,-263,0,-263,0,-216,0,-374,0,-6,0,linear_svc_calibrated,0.9259932576111224,1
RQ7_CONFIRM_default_c2_p1_07,default_c2_p1,default,c2,1,none,standard_dns,1,/opt/praxis/pcaps/RQ7_CONFIRM_default_c2_p1_07.pcap,/opt/praxis/logs/RQ7_CONFIRM_default_c2_p1_07_browser.json,20222,52,26,26,0,10645,4961,15606,0.188237,32,0,0,0,1768,0,-1377,0,88,663,0,-263,0,-263,0,-216,0,-374,0,-6,0,linear_svc_calibrated,0.9252855035868235,1
RQ7_CONFIRM_default_c2_p1_08,default_c2_p1,default,c2,1,none,standard_dns,1,/opt/praxis/pcaps/RQ7_CONFIRM_default_c2_p1_08.pcap,/opt/praxis/logs/RQ7_CONFIRM_default_c2_p1_08_browser.json,20438,55,28,27,0,10589,4969,15558,0.187041,32,0,0,0,1800,0,-1377,0,88,663,0,-263,0,-263,0,-216,0,-374,0,-6,0,linear_svc_calibrated,0.927676176130474,1
RQ7_CONFIRM_default_c2_p1_09,default_c2_p1,default,c2,1,none,standard_dns,1,/opt/praxis/pcaps/RQ7_CONFIRM_default_c2_p1_09.pcap,/opt/praxis/logs/RQ7_CONFIRM_default_c2_p1_09_browser.json,20070,51,25,26,0,10581,4961,15542,0.188315,34,0,0,0,1832,0,-1377,0,88,663,0,-263,0,-263,0,-582,0,-6,0,6,1988,linear_svc_calibrated,0.9857891567454021,1
RQ7_CONFIRM_default_c2_p1_10,default_c2_p1,default,c2,1,none,standard_dns,1,/opt/praxis/pcaps/RQ7_CONFIRM_default_c2_p1_10.pcap,/opt/praxis/logs/RQ7_CONFIRM_default_c2_p1_10_browser.json,20502,55,28,27,0,10653,4969,15622,0.188032,38,0,0,0,1800,0,-1377,0,88,663,0,-263,0,-263,0,-216,0,-374,0,-6,0,linear_svc_calibrated,0.9351665845299509,1
RQ7_CONFIRM_default_c2_p1_11,default_c2_p1,default,c2,1,none,standard_dns,1,/opt/praxis/pcaps/RQ7_CONFIRM_default_c2_p1_11.pcap,/opt/praxis/logs/RQ7_CONFIRM_default_c2_p1_11_browser.json,20470,55,28,27,0,10621,4969,15590,0.193895,30,0,0,0,1832,0,-1377,0,88,663,0,-263,0,-263,0,-216,0,-374,0,-6,0,linear_svc_calibrated,0.9244989121006956,1
RQ7_CONFIRM_default_c2_p1_12,default_c2_p1,default,c2,1,none,standard_dns,1,/opt/praxis/pcaps/RQ7_CONFIRM_default_c2_p1_12.pcap,/opt/praxis/logs/RQ7_CONFIRM_default_c2_p1_12_browser.json,20222,54,28,26,0,10461,4969,15430,0.186845,34,0,0,0,1800,0,-1377,0,88,663,0,-263,0,-263,0,-582,0,-6,0,6,1988,linear_svc_calibrated,0.9862859597464838,1
RQ7_CONFIRM_default_c2_p1_13,default_c2_p1,default,c2,1,none,standard_dns,1,/opt/praxis/pcaps/RQ7_CONFIRM_default_c2_p1_13.pcap,/opt/praxis/logs/RQ7_CONFIRM_default_c2_p1_13_browser.json,20502,56,28,28,0,10557,4977,15534,0.186977,34,0,0,0,1736,0,-1377,0,88,663,0,-263,0,-263,0,-216,0,-374,0,-6,0,linear_svc_calibrated,0.9311845328249261,1
RQ7_CONFIRM_default_c2_p1_14,default_c2_p1,default,c2,1,none,standard_dns,1,/opt/praxis/pcaps/RQ7_CONFIRM_default_c2_p1_14.pcap,/opt/praxis/logs/RQ7_CONFIRM_default_c2_p1_14_browser.json,20350,54,27,27,0,10589,4969,15558,0.190316,36,0,0,0,1768,0,-1377,0,88,663,0,-263,0,-263,0,-216,0,-374,0,-6,0,linear_svc_calibrated,0.9321640775931191,1
RQ7_CONFIRM_default_c2_p1_15,default_c2_p1,default,c2,1,none,standard_dns,1,/opt/praxis/pcaps/RQ7_CONFIRM_default_c2_p1_15.pcap,/opt/praxis/logs/RQ7_CONFIRM_default_c2_p1_15_browser.json,20158,53,26,27,0,10485,4969,15454,0.191367,36,0,0,0,1736,0,-1377,0,88,663,0,-263,0,-263,0,-216,0,-374,0,-6,0,linear_svc_calibrated,0.9314589072135894,1
RQ7_CONFIRM_default_c2_p1_16,default_c2_p1,default,c2,1,none,standard_dns,1,/opt/praxis/pcaps/RQ7_CONFIRM_default_c2_p1_16.pcap,/opt/praxis/logs/RQ7_CONFIRM_default_c2_p1_16_browser.json,20390,54,27,27,0,10621,4977,15598,0.190135,36,0,0,0,1736,0,-1377,0,88,663,0,-263,0,-263,0,-216,0,-374,0,-6,0,linear_svc_calibrated,0.9321385399483796,1
RQ7_CONFIRM_default_c2_p1_17,default_c2_p1,default,c2,1,none,standard_dns,1,/opt/praxis/pcaps/RQ7_CONFIRM_default_c2_p1_17.pcap,/opt/praxis/logs/RQ7_CONFIRM_default_c2_p1_17_browser.json,20342,55,27,28,0,10493,4969,15462,0.18957,32,0,0,0,1736,0,-1377,0,88,663,0,-263,0,-263,0,-216,0,-374,0,-6,0,linear_svc_calibrated,0.9277401775400008,1
RQ7_CONFIRM_default_c2_p1_18,default_c2_p1,default,c2,1,none,standard_dns,1,/opt/praxis/pcaps/RQ7_CONFIRM_default_c2_p1_18.pcap,/opt/praxis/logs/RQ7_CONFIRM_default_c2_p1_18_browser.json,20374,54,27,27,0,10621,4961,15582,0.190205,34,0,0,0,1832,0,-1377,0,88,663,0,-263,0,-263,0,-216,0,-374,0,-6,0,linear_svc_calibrated,0.9296287986298566,1
RQ7_CONFIRM_default_c2_p1_19,default_c2_p1,default,c2,1,none,standard_dns,1,/opt/praxis/pcaps/RQ7_CONFIRM_default_c2_p1_19.pcap,/opt/praxis/logs/RQ7_CONFIRM_default_c2_p1_19_browser.json,20438,54,27,27,0,10685,4961,15646,0.183457,30,0,0,0,1800,0,-1377,0,88,663,0,-263,0,-263,0,-216,0,-374,0,-6,0,linear_svc_calibrated,0.9239224327462517,1
RQ7_CONFIRM_default_c2_p1_20,default_c2_p1,default,c2,1,none,standard_dns,1,/opt/praxis/pcaps/RQ7_CONFIRM_default_c2_p1_20.pcap,/opt/praxis/logs/RQ7_CONFIRM_default_c2_p1_20_browser.json,20310,54,27,27,0,10557,4961,15518,0.188362,32,0,0,0,1832,0,-1377,0,88,663,0,-263,0,-263,0,-216,0,-374,0,-6,0,linear_svc_calibrated,0.9269156493213807,1
RQ7_CONFIRM_default_c2_p1_21,default_c2_p1,default,c2,1,none,standard_dns,1,/opt/praxis/pcaps/RQ7_CONFIRM_default_c2_p1_21.pcap,/opt/praxis/logs/RQ7_CONFIRM_default_c2_p1_21_browser.json,20158,52,26,26,0,10589,4953,15542,0.189295,30,0,0,0,1800,0,-1377,0,88,663,0,-263,0,-263,0,-582,0,-6,0,6,2020,linear_svc_calibrated,0.9846739817599883,1
RQ7_CONFIRM_default_c2_p1_22,default_c2_p1,default,c2,1,none,standard_dns,1,/opt/praxis/pcaps/RQ7_CONFIRM_default_c2_p1_22.pcap,/opt/praxis/logs/RQ7_CONFIRM_default_c2_p1_22_browser.json,20134,52,26,26,0,10557,4961,15518,0.183099,32,0,0,0,1736,0,-1377,0,88,663,0,-263,0,-263,0,-582,0,-6,0,6,2052,linear_svc_calibrated,0.9854332728942256,1
RQ7_CONFIRM_default_c2_p1_23,default_c2_p1,default,c2,1,none,standard_dns,1,/opt/praxis/pcaps/RQ7_CONFIRM_default_c2_p1_23.pcap,/opt/praxis/logs/RQ7_CONFIRM_default_c2_p1_23_browser.json,20462,56,28,28,0,10525,4969,15494,0.182594,34,0,0,0,1736,0,-1377,0,88,663,0,-263,0,-263,0,-216,0,-374,0,-6,0,linear_svc_calibrated,0.9313046818617398,1
RQ7_CONFIRM_default_c2_p1_24,default_c2_p1,default,c2,1,none,standard_dns,1,/opt/praxis/pcaps/RQ7_CONFIRM_default_c2_p1_24.pcap,/opt/praxis/logs/RQ7_CONFIRM_default_c2_p1_24_browser.json,20214,54,27,27,0,10453,4969,15422,0.183381,36,0,0,0,1736,0,-1377,0,88,663,0,-263,0,-263,0,-216,0,-374,0,-6,0,linear_svc_calibrated,0.9323426361015775,1
RQ7_CONFIRM_default_c2_p1_25,default_c2_p1,default,c2,1,none,standard_dns,1,/opt/praxis/pcaps/RQ7_CONFIRM_default_c2_p1_25.pcap,/opt/praxis/logs/RQ7_CONFIRM_default_c2_p1_25_browser.json,20534,56,27,29,0,10589,4977,15566,0.190506,32,0,0,0,1800,0,-1377,0,88,663,0,-263,0,-263,0,-216,0,-374,0,-6,0,linear_svc_calibrated,0.9283768042495257,1
RQ7_CONFIRM_default_c2_p1_26,default_c2_p1,default,c2,1,none,standard_dns,1,/opt/praxis/pcaps/RQ7_CONFIRM_default_c2_p1_26.pcap,/opt/praxis/logs/RQ7_CONFIRM_default_c2_p1_26_browser.json,20310,54,27,27,0,10557,4961,15518,0.194178,34,0,0,0,1736,0,-1377,0,88,663,0,-263,0,-263,0,-216,0,-374,0,-6,0,linear_svc_calibrated,0.9296485183210379,1
RQ7_CONFIRM_default_c2_p1_27,default_c2_p1,default,c2,1,none,standard_dns,1,/opt/praxis/pcaps/RQ7_CONFIRM_default_c2_p1_27.pcap,/opt/praxis/logs/RQ7_CONFIRM_default_c2_p1_27_browser.json,20406,54,27,27,0,10653,4961,15614,0.189932,30,0,0,0,1736,0,-1377,0,88,663,0,-263,0,-263,0,-216,0,-374,0,-6,0,linear_svc_calibrated,0.9238655678534827,1
RQ7_CONFIRM_default_c2_p1_28,default_c2_p1,default,c2,1,none,standard_dns,1,/opt/praxis/pcaps/RQ7_CONFIRM_default_c2_p1_28.pcap,/opt/praxis/logs/RQ7_CONFIRM_default_c2_p1_28_browser.json,20622,57,28,29,0,10589,4977,15566,0.188902,36,0,0,0,1800,0,-1377,0,88,663,0,-263,0,-263,0,-216,0,-374,0,-6,0,linear_svc_calibrated,0.9342800326101045,1
RQ7_CONFIRM_default_c2_p1_29,default_c2_p1,default,c2,1,none,standard_dns,1,/opt/praxis/pcaps/RQ7_CONFIRM_default_c2_p1_29.pcap,/opt/praxis/logs/RQ7_CONFIRM_default_c2_p1_29_browser.json,20350,53,26,27,0,10677,4969,15646,0.190608,40,0,0,0,1768,0,-1377,0,88,663,0,-263,0,-263,0,-216,0,-374,0,-6,0,linear_svc_calibrated,0.9358672127889358,1
RQ7_CONFIRM_default_c2_p1_30,default_c2_p1,default,c2,1,none,standard_dns,1,/opt/praxis/pcaps/RQ7_CONFIRM_default_c2_p1_30.pcap,/opt/praxis/logs/RQ7_CONFIRM_default_c2_p1_30_browser.json,20342,54,27,27,0,10589,4961,15550,0.193628,32,0,0,0,1768,0,-1377,0,88,663,0,-263,0,-263,0,-216,0,-374,-6,0,0,linear_svc_calibrated,0.9531508654961797,1
RQ7_CONFIRM_default_c2_p1_31,default_c2_p1,default,c2,1,none,standard_dns,1,/opt/praxis/pcaps/RQ7_CONFIRM_default_c2_p1_31.pcap,/opt/praxis/logs/RQ7_CONFIRM_default_c2_p1_31_browser.json,20318,55,28,27,0,10461,4977,15438,0.186683,34,0,0,0,1768,0,-1377,0,88,663,0,-263,0,-263,0,-216,0,-374,0,-6,0,linear_svc_calibrated,0.9304509043954857,1
RQ7_CONFIRM_default_c2_p1_32,default_c2_p1,default,c2,1,none,standard_dns,1,/opt/praxis/pcaps/RQ7_CONFIRM_default_c2_p1_32.pcap,/opt/praxis/logs/RQ7_CONFIRM_default_c2_p1_32_browser.json,20630,56,28,28,0,10685,4977,15662,0.186946,32,0,0,0,1768,0,-1377,0,88,663,0,-263,0,-263,0,-216,0,-374,-6,0,0,linear_svc_calibrated,0.9540524741010841,1
RQ7_CONFIRM_default_c2_p1_33,default_c2_p1,default,c2,1,none,standard_dns,1,/opt/praxis/pcaps/RQ7_CONFIRM_default_c2_p1_33.pcap,/opt/praxis/logs/RQ7_CONFIRM_default_c2_p1_33_browser.json,20134,52,26,26,0,10549,4969,15518,0.190991,34,0,0,0,1768,0,-1377,0,88,663,0,-263,0,-263,0,-216,0,-374,-6,0,0,linear_svc_calibrated,0.9540980119879626,1
RQ7_CONFIRM_default_c2_p1_34,default_c2_p1,default,c2,1,none,standard_dns,1,/opt/praxis/pcaps/RQ7_CONFIRM_default_c2_p1_34.pcap,/opt/praxis/logs/RQ7_CONFIRM_default_c2_p1_34_browser.json,20566,55,28,27,0,10717,4969,15686,0.188795,34,0,0,0,1832,0,-1377,0,88,663,0,-263,0,-263,0,-216,0,-374,0,-6,0,linear_svc_calibrated,0.9303222656774993,1
RQ7_CONFIRM_default_c2_p1_35,default_c2_p1,default,c2,1,none,standard_dns,1,/opt/praxis/pcaps/RQ7_CONFIRM_default_c2_p1_35.pcap,/opt/praxis/logs/RQ7_CONFIRM_default_c2_p1_35_browser.json,20342,54,27,27,0,10589,4961,15550,0.1877,34,0,0,0,1800,0,-1377,0,88,663,0,-263,0,-263,0,-216,0,-374,0,-6,0,linear_svc_calibrated,0.9297021034941894,1
RQ7_CONFIRM_default_c2_p1_36,default_c2_p1,default,c2,1,none,standard_dns,1,/opt/praxis/pcaps/RQ7_CONFIRM_default_c2_p1_36.pcap,/opt/praxis/logs/RQ7_CONFIRM_default_c2_p1_36_browser.json,19878,50,25,25,0,10485,4953,15438,0.184509,32,0,0,0,1768,0,-1377,0,88,663,0,-263,0,-263,0,-582,0,-6,0,6,1988,linear_svc_calibrated,0.9849995168627524,1
RQ7_CONFIRM_default_c2_p1_37,default_c2_p1,default,c2,1,none,standard_dns,1,/opt/praxis/pcaps/RQ7_CONFIRM_default_c2_p1_37.pcap,/opt/praxis/logs/RQ7_CONFIRM_default_c2_p1_37_browser.json,20494,56,28,28,0,10557,4969,15526,0.190411,34,0,0,0,1768,0,-1377,0,88,663,0,-263,0,-263,0,-216,0,-374,0,-6,0,linear_svc_calibrated,0.9311469597000945,1
RQ7_CONFIRM_default_c2_p1_38,default_c2_p1,default,c2,1,none,standard_dns,1,/opt/praxis/pcaps/RQ7_CONFIRM_default_c2_p1_38.pcap,/opt/praxis/logs/RQ7_CONFIRM_default_c2_p1_38_browser.json,20230,52,25,27,0,10645,4969,15614,0.181452,34,0,0,0,1768,0,-1377,0,88,663,0,-263,0,-263,0,-582,0,-6,0,6,2052,linear_svc_calibrated,0.9860567801659528,1
RQ7_CONFIRM_default_c2_p1_39,default_c2_p1,default,c2,1,none,standard_dns,1,/opt/praxis/pcaps/RQ7_CONFIRM_default_c2_p1_39.pcap,/opt/praxis/logs/RQ7_CONFIRM_default_c2_p1_39_browser.json,20470,54,27,27,0,10717,4961,15678,0.191269,30,0,0,0,1768,0,-1377,0,88,663,0,-263,0,-263,0,-582,0,-6,0,6,2084,linear_svc_calibrated,0.9850837524711019,1
RQ7_CONFIRM_default_c2_p1_40,default_c2_p1,default,c2,1,none,standard_dns,1,/opt/praxis/pcaps/RQ7_CONFIRM_default_c2_p1_40.pcap,/opt/praxis/logs/RQ7_CONFIRM_default_c2_p1_40_browser.json,20310,54,27,27,0,10557,4961,15518,0.18514,30,0,0,0,1800,0,-1377,0,88,663,0,-263,0,-263,0,-216,0,-374,0,-6,0,linear_svc_calibrated,0.9239431166561843,1
RQ7_CONFIRM_default_c2_p1_41,default_c2_p1,default,c2,1,none,standard_dns,1,/opt/praxis/pcaps/RQ7_CONFIRM_default_c2_p1_41.pcap,/opt/praxis/logs/RQ7_CONFIRM_default_c2_p1_41_browser.json,20254,54,27,27,0,10493,4969,15462,0.186114,34,0,0,0,1736,0,-1377,0,88,663,0,-263,0,-263,0,-216,0,-374,0,-6,0,linear_svc_calibrated,0.9297659619921408,1
RQ7_CONFIRM_default_c2_p1_42,default_c2_p1,default,c2,1,none,standard_dns,1,/opt/praxis/pcaps/RQ7_CONFIRM_default_c2_p1_42.pcap,/opt/praxis/logs/RQ7_CONFIRM_default_c2_p1_42_browser.json,20374,54,27,27,0,10621,4961,15582,0.187359,34,0,0,0,1800,0,-1377,0,88,663,0,-263,0,-263,0,-216,0,-374,0,-6,0,linear_svc_calibrated,0.9296961175659417,1
RQ7_CONFIRM_default_c2_p1_43,default_c2_p1,default,c2,1,none,standard_dns,1,/opt/praxis/pcaps/RQ7_CONFIRM_default_c2_p1_43.pcap,/opt/praxis/logs/RQ7_CONFIRM_default_c2_p1_43_browser.json,20470,56,28,28,0,10525,4977,15502,0.182789,36,0,0,0,1736,0,-1377,0,88,663,0,-263,0,-263,0,-216,0,-374,0,-6,0,linear_svc_calibrated,0.9337330732540382,1
RQ7_CONFIRM_default_c2_p1_44,default_c2_p1,default,c2,1,none,standard_dns,1,/opt/praxis/pcaps/RQ7_CONFIRM_default_c2_p1_44.pcap,/opt/praxis/logs/RQ7_CONFIRM_default_c2_p1_44_browser.json,20294,52,26,26,0,10717,4961,15678,0.185416,38,0,0,0,1800,0,-1377,0,88,663,0,-263,0,-263,0,-582,0,-6,0,6,2084,linear_svc_calibrated,0.9871298116073209,1
RQ7_CONFIRM_default_c2_p1_45,default_c2_p1,default,c2,1,none,standard_dns,1,/opt/praxis/pcaps/RQ7_CONFIRM_default_c2_p1_45.pcap,/opt/praxis/logs/RQ7_CONFIRM_default_c2_p1_45_browser.json,20030,52,26,26,0,10453,4961,15414,0.194644,34,0,0,0,1800,0,-1377,0,88,663,0,-263,0,-263,0,-216,0,-374,0,-6,0,linear_svc_calibrated,0.9280501121633514,1
RQ7_CONFIRM_default_c2_p1_46,default_c2_p1,default,c2,1,none,standard_dns,1,/opt/praxis/pcaps/RQ7_CONFIRM_default_c2_p1_46.pcap,/opt/praxis/logs/RQ7_CONFIRM_default_c2_p1_46_browser.json,20310,54,27,27,0,10557,4961,15518,0.183835,34,0,0,0,1736,0,-1377,0,88,663,0,-263,0,-263,0,-582,0,-6,0,6,2052,linear_svc_calibrated,0.9863899596752314,1
RQ7_CONFIRM_default_c2_p1_47,default_c2_p1,default,c2,1,none,standard_dns,1,/opt/praxis/pcaps/RQ7_CONFIRM_default_c2_p1_47.pcap,/opt/praxis/logs/RQ7_CONFIRM_default_c2_p1_47_browser.json,20222,52,26,26,0,10653,4953,15606,0.192541,34,0,0,0,1736,0,-1377,0,88,663,0,-263,0,-263,0,-582,0,-6,0,6,2052,linear_svc_calibrated,0.9860264661751837,1
RQ7_CONFIRM_default_c2_p1_48,default_c2_p1,default,c2,1,none,standard_dns,1,/opt/praxis/pcaps/RQ7_CONFIRM_default_c2_p1_48.pcap,/opt/praxis/logs/RQ7_CONFIRM_default_c2_p1_48_browser.json,20254,54,27,27,0,10493,4969,15462,0.182903,32,0,0,0,1800,0,-1377,0,88,663,0,-263,0,-263,0,-216,0,-374,0,-6,0,linear_svc_calibrated,0.9270143221542964,1
RQ7_CONFIRM_default_c2_p1_49,default_c2_p1,default,c2,1,none,standard_dns,1,/opt/praxis/pcaps/RQ7_CONFIRM_default_c2_p1_49.pcap,/opt/praxis/logs/RQ7_CONFIRM_default_c2_p1_49_browser.json,20230,53,26,27,0,10557,4969,15526,0.188622,38,0,0,0,1800,0,-1377,0,88,663,0,-263,0,-263,0,-582,0,-6,0,6,2020,linear_svc_calibrated,0.9872394801778857,1
RQ7_CONFIRM_default_c2_p1_50,default_c2_p1,default,c2,1,none,standard_dns,1,/opt/praxis/pcaps/RQ7_CONFIRM_default_c2_p1_50.pcap,/opt/praxis/logs/RQ7_CONFIRM_default_c2_p1_50_browser.json,20126,52,26,26,0,10557,4953,15510,0.182422,30,0,0,0,1800,0,-1377,0,88,663,0,-263,0,-263,0,-582,0,-6,0,6,2084,linear_svc_calibrated,0.9847662607134318,1
