session_id,config_id,browser_profile,mux_mode,parallel,padding_mode,resolver_mode,success,pcap_file,browser_log,pcap_size_bytes,packet_count,out_packets,in_packets,unknown_packets,out_payload_bytes,in_payload_bytes,total_payload_bytes,flow_duration_seconds,burst_count,len_1,len_2,len_3,len_4,len_5,len_6,len_7,len_8,len_9,len_10,len_11,len_12,len_13,len_14,len_15,len_16,len_17,len_18,len_19,len_20,detector_proxy_probability,public_robust_log_distance,public_robust_log_distance_norm,compliance_score,compliance_penalty,overhead_norm,praxis_score_phase17,public_baseline,public_baseline_rows,public_distance,public_distance_norm,overhead_norm_recalc,praxis_score_rebaseline
RQ7_CONFIRM_baseline_default_off_01,baseline_default_off,default,off,1,none,standard_dns,1,/opt/praxis/pcaps/RQ7_CONFIRM_baseline_default_off_01.pcap,/opt/praxis/logs/RQ7_CONFIRM_baseline_default_off_01_browser.json,21665,70,36,34,0,10586,4831,15417,1.141853,44,0,0,0,1759,0,-1369,0,80,655,0,-255,0,-255,0,-208,0,-366,0,0,0,1.0,14.544491704778494,0.3837232977723774,1,0.0,0.8678970373967946,0.6276980060901718,mawi_day1,10000,14.500914978509257,0.3832164704404436,0.8678970373967946,0.6275206165239949
RQ7_CONFIRM_baseline_default_off_02,baseline_default_off,default,off,1,none,standard_dns,1,/opt/praxis/pcaps/RQ7_CONFIRM_baseline_default_off_02.pcap,/opt/praxis/logs/RQ7_CONFIRM_baseline_default_off_02_browser.json,21417,69,35,34,0,10426,4831,15257,1.139745,44,0,0,0,1759,0,-1369,0,80,655,0,-255,0,-255,0,-208,0,-366,0,0,0,1.0,14.540383430360755,0.381898231104599,1,0.0,0.7474502185526954,0.6210368918142444,mawi_day1,10000,14.496795735745419,0.38139384091558876,0.7474502185526954,0.6208603552480909
RQ7_CONFIRM_baseline_default_off_03,baseline_default_off,default,off,1,none,standard_dns,1,/opt/praxis/pcaps/RQ7_CONFIRM_baseline_default_off_03.pcap,/opt/praxis/logs/RQ7_CONFIRM_baseline_default_off_03_browser.json,21521,68,35,33,0,10618,4831,15449,1.139794,42,0,0,0,1823,0,-1369,0,80,655,0,-255,0,-255,0,-574,0,0,0,0,0,1.0,13.71123395133492,0.0135554859749097,1,0.0,0.7979601748421564,0.4946424288333262,mawi_day1,10000,13.665439378411783,0.01354597920324391,0.7979601748421564,0.4946391014632432
RQ7_CONFIRM_baseline_default_off_04,baseline_default_off,default,off,1,none,standard_dns,1,/opt/praxis/pcaps/RQ7_CONFIRM_baseline_default_off_04.pcap,/opt/praxis/logs/RQ7_CONFIRM_baseline_default_off_04_browser.json,21337,67,34,33,0,10522,4831,15353,1.145909,40,0,0,0,1823,0,-1369,0,80,655,0,-255,0,-255,0,-208,-366,0,0,0,0,1.0,14.51109764677764,0.3688882658436278,1,0.0,0.708596406022341,0.6145407133463868,mawi_day1,10000,14.467836363468004,0.3685802705677967,0.708596406022341,0.6144329149998459
RQ7_CONFIRM_baseline_default_off_05,baseline_default_off,default,off,1,none,standard_dns,1,/opt/praxis/pcaps/RQ7_CONFIRM_baseline_default_off_05.pcap,/opt/praxis/logs/RQ7_CONFIRM_baseline_default_off_05_browser.json,21369,67,34,33,0,10554,4831,15385,1.147163,44,0,0,0,1727,0,-1369,0,80,655,0,-255,0,-255,0,-574,0,0,0,0,2062,1.0,15.697704002649182,0.8960282491233397,1,0.0,0.7241379310344828,0.7998167837448931,mawi_day1,10000,15.657721373169862,0.8950652762351637,0.7241379310344828,0.7994797432340315
RQ7_CONFIRM_baseline_default_off_06,baseline_default_off,default,off,1,none,standard_dns,1,/opt/praxis/pcaps/RQ7_CONFIRM_baseline_default_off_06.pcap,/opt/praxis/logs/RQ7_CONFIRM_baseline_default_off_06_browser.json,21385,69,35,34,0,10394,4831,15225,1.142792,44,0,0,0,1727,0,-1369,0,80,655,0,-255,0,-255,0,-208,0,-366,0,0,0,1.0,14.539785793095904,0.3816327357309712,1,0.0,0.7319086935405537,0.6201668921828676,mawi_day1,10000,14.496196794457724,0.3811288290827852,0.7319086935405537,0.6199905248560025
RQ7_CONFIRM_baseline_default_off_07,baseline_default_off,default,off,1,none,standard_dns,1,/opt/praxis/pcaps/RQ7_CONFIRM_baseline_default_off_07.pcap,/opt/praxis/logs/RQ7_CONFIRM_baseline_default_off_07_browser.json,21305,67,34,33,0,10490,4831,15321,1.144525,38,0,0,0,1791,0,-1369,0,80,655,0,-255,0,-255,0,-574,0,0,0,0,0,1.0,13.680720185874218,0.0,1,0.0,0.6930548810101991,0.4846527440505099,mawi_day1,10000,13.634824721921724,0.0,0.6930548810101991,0.48465274405050995
RQ7_CONFIRM_baseline_default_off_08,baseline_default_off,default,off,1,none,standard_dns,1,/opt/praxis/pcaps/RQ7_CONFIRM_baseline_default_off_08.pcap,/opt/praxis/logs/RQ7_CONFIRM_baseline_default_off_08_browser.json,21209,67,34,33,0,10394,4831,15225,1.144064,42,0,0,0,1727,0,-1369,0,80,655,0,-255,0,-255,0,-574,0,0,0,0,2030,1.0,15.679135826867684,0.887779491797407,1,0.0,0.6464303059737737,0.7930443374277811,mawi_day1,10000,15.639106951571543,0.8868290065277732,0.6464303059737737,0.7927116675834093
RQ7_CONFIRM_baseline_default_off_09,baseline_default_off,default,off,1,none,standard_dns,1,/opt/praxis/pcaps/RQ7_CONFIRM_baseline_default_off_09.pcap,/opt/praxis/logs/RQ7_CONFIRM_baseline_default_off_09_browser.json,21369,67,34,33,0,10554,4831,15385,1.146044,42,0,0,0,1759,0,-1369,0,80,655,0,-255,0,-255,0,-208,-366,0,0,0,0,1.0,14.522000454165932,0.3737317471514154,1,0.0,0.7241379310344828,0.6170130080547196,mawi_day1,10000,14.478771453886907,0.37341868864536504,0.7241379310344828,0.6169034375776019
RQ7_CONFIRM_baseline_default_off_10,baseline_default_off,default,off,1,none,standard_dns,1,/opt/praxis/pcaps/RQ7_CONFIRM_baseline_default_off_10.pcap,/opt/praxis/logs/RQ7_CONFIRM_baseline_default_off_10_browser.json,21569,70,36,34,0,10490,4831,15321,1.141708,46,0,0,0,1759,0,-1369,0,80,655,0,-255,0,-255,0,-208,0,-366,0,0,0,1.0,14.555460552426146,0.388596116914943,1,0.0,0.8212724623603691,0.6270722640382486,mawi_day1,10000,14.51191765879373,0.3880847948118699,0.8212724623603691,0.6268933013021729
RQ7_CONFIRM_baseline_default_off_11,baseline_default_off,default,off,1,none,standard_dns,1,/opt/praxis/pcaps/RQ7_CONFIRM_baseline_default_off_11.pcap,/opt/praxis/logs/RQ7_CONFIRM_baseline_default_off_11_browser.json,21609,69,35,34,0,10618,4831,15449,1.139084,44,0,0,0,1791,0,-1369,0,80,655,0,-255,0,-255,0,-208,0,-366,0,0,0,1.0,14.541297156146651,0.3823041461691156,1,0.0,0.8406993686255464,0.6258414195904678,mawi_day1,10000,14.49771035601739,0.3817985303226707,0.8406993686255464,0.625664454044212
RQ7_CONFIRM_baseline_default_off_12,baseline_default_off,default,off,1,none,standard_dns,1,/opt/praxis/pcaps/RQ7_CONFIRM_baseline_default_off_12.pcap,/opt/praxis/logs/RQ7_CONFIRM_baseline_default_off_12_browser.json,21937,72,37,35,0,10682,4831,15513,1.144409,42,0,0,0,1823,0,-1369,0,80,655,0,-255,0,-255,0,-208,0,-366,0,0,0,1.0,14.541232783506818,0.3822755491604128,1,0.0,1.0,0.6337964422061445,mawi_day1,10000,14.497242876221687,0.3815916858789783,1.0,0.6335570900576424
RQ7_CONFIRM_baseline_default_off_13,baseline_default_off,default,off,1,none,standard_dns,1,/opt/praxis/pcaps/RQ7_CONFIRM_baseline_default_off_13.pcap,/opt/praxis/logs/RQ7_CONFIRM_baseline_default_off_13_browser.json,21545,69,35,34,0,10554,4831,15385,1.14453,44,0,0,0,1759,0,-1369,0,80,655,0,-255,0,-255,0,-208,0,-366,0,0,0,1.0,14.540650295171666,0.3820167835725386,1,0.0,0.8096163186012627,0.6241866901804516,mawi_day1,10000,14.497062489257164,0.3815118705764366,0.8096163186012627,0.624009970631816
RQ7_CONFIRM_baseline_default_off_14,baseline_default_off,default,off,1,none,standard_dns,1,/opt/praxis/pcaps/RQ7_CONFIRM_baseline_default_off_14.pcap,/opt/praxis/logs/RQ7_CONFIRM_baseline_default_off_14_browser.json,21633,70,36,34,0,10554,4831,15385,1.143213,44,0,0,0,1791,0,-1369,0,80,655,0,-255,0,-255,0,-208,0,-366,0,0,0,1.0,14.544963056109124,0.3839326916723161,1,0.0,0.8523555123846528,0.6269942177045432,mawi_day1,10000,14.501388131554123,0.3834258251104128,0.8523555123846528,0.6268168144078771
RQ7_CONFIRM_baseline_default_off_15,baseline_default_off,default,off,1,none,standard_dns,1,/opt/praxis/pcaps/RQ7_CONFIRM_baseline_default_off_15.pcap,/opt/praxis/logs/RQ7_CONFIRM_baseline_default_off_15_browser.json,21665,70,36,34,0,10586,4831,15417,1.142199,44,0,0,0,1823,0,-1369,0,80,655,0,-255,0,-255,0,-208,0,-366,0,0,0,1.0,14.545548166129812,0.3841926219221377,1,0.0,0.8678970373967946,0.627862269542588,mawi_day1,10000,14.501974635849583,0.3836853339829524,0.8678970373967946,0.627684718763873
RQ7_CONFIRM_baseline_default_off_16,baseline_default_off,default,off,1,none,standard_dns,1,/opt/praxis/pcaps/RQ7_CONFIRM_baseline_default_off_16.pcap,/opt/praxis/logs/RQ7_CONFIRM_baseline_default_off_16_browser.json,21305,67,34,33,0,10490,4831,15321,1.14148,42,0,0,0,1791,0,-1369,0,80,655,0,-255,0,-255,0,-574,0,0,0,0,1998,1.0,15.672595428360555,0.8848739742745741,1,0.0,0.6930548810101991,0.794358635046611,mawi_day1,10000,15.632548812467423,0.8839272455380577,0.6930548810101991,0.7940272799888302
RQ7_CONFIRM_baseline_default_off_17,baseline_default_off,default,off,1,none,standard_dns,1,/opt/praxis/pcaps/RQ7_CONFIRM_baseline_default_off_17.pcap,/opt/praxis/logs/RQ7_CONFIRM_baseline_default_off_17_browser.json,21577,69,35,34,0,10586,4831,15417,1.141105,44,0,0,0,1791,0,-1369,0,80,655,0,-255,0,-255,0,-208,0,-366,0,0,0,1.0,14.541238148402684,0.3822779324706852,1,0.0,0.8251578436134046,0.6250551685454101,mawi_day1,10000,14.49765159631758,0.38177253108691667,0.8251578436134046,0.6248782780610911
RQ7_CONFIRM_baseline_default_off_18,baseline_default_off,default,off,1,none,standard_dns,1,/opt/praxis/pcaps/RQ7_CONFIRM_baseline_default_off_18.pcap,/opt/praxis/logs/RQ7_CONFIRM_baseline_default_off_18_browser.json,21625,71,37,34,0,10458,4831,15289,1.142971,42,0,0,0,1823,0,-1369,0,80,655,0,-255,0,-255,0,-208,0,-366,0,0,0,1.0,14.537540459213837,0.3806352648686296,1,0.0,0.8484701311316173,0.6256458492606013,mawi_day1,10000,14.493944111240237,0.38013209080399785,0.8484701311316173,0.6254697383379801
RQ7_CONFIRM_baseline_default_off_19,baseline_default_off,default,off,1,none,standard_dns,1,/opt/praxis/pcaps/RQ7_CONFIRM_baseline_default_off_19.pcap,/opt/praxis/logs/RQ7_CONFIRM_baseline_default_off_19_browser.json,21481,69,35,34,0,10490,4831,15321,1.143154,44,0,0,0,1727,0,-1369,0,80,655,0,-255,0,-255,0,-208,0,-366,0,0,0,1.0,14.53997882689146,0.381718489385718,1,0.0,0.7785332685769791,0.6225281347138503,mawi_day1,10000,14.496389520484572,0.38121410401482475,0.7785332685769791,0.6223515998340376
RQ7_CONFIRM_baseline_default_off_20,baseline_default_off,default,off,1,none,standard_dns,1,/opt/praxis/pcaps/RQ7_CONFIRM_baseline_default_off_20.pcap,/opt/praxis/logs/RQ7_CONFIRM_baseline_default_off_20_browser.json,21545,69,35,34,0,10554,4831,15385,1.141477,44,0,0,0,1823,0,-1369,0,80,655,0,-255,0,-255,0,-208,0,-366,0,0,0,1.0,14.54169913988254,0.3824827240932654,1,0.0,0.8096163186012627,0.624349769362706,mawi_day1,10000,14.498114297769028,0.38197726127033943,0.8096163186012627,0.624172857374682
RQ7_CONFIRM_baseline_default_off_21,baseline_default_off,default,off,1,none,standard_dns,1,/opt/praxis/pcaps/RQ7_CONFIRM_baseline_default_off_21.pcap,/opt/praxis/logs/RQ7_CONFIRM_baseline_default_off_21_browser.json,21449,69,35,34,0,10458,4831,15289,1.14448,42,0,0,0,1759,0,-1369,0,80,655,0,-255,0,-255,0,-208,0,-366,0,0,0,1.0,14.528943888151566,0.3768163098262908,1,0.0,0.7629917435648373,0.6200352956174436,mawi_day1,10000,14.485321760994138,0.3763169842338922,0.7629917435648373,0.6198605316601041
RQ7_CONFIRM_baseline_default_off_22,baseline_default_off,default,off,1,none,standard_dns,1,/opt/praxis/pcaps/RQ7_CONFIRM_baseline_default_off_22.pcap,/opt/praxis/logs/RQ7_CONFIRM_baseline_default_off_22_browser.json,21569,70,36,34,0,10490,4831,15321,1.139051,42,0,0,0,1759,0,-1369,0,80,655,0,-255,0,-255,0,-208,0,-366,0,0,0,1.0,14.532782276438144,0.3785214818297903,1,0.0,0.8212724623603691,0.6235461417584451,mawi_day1,10000,14.489171065617775,0.3780201750044851,0.8212724623603691,0.6233706843695882
RQ7_CONFIRM_baseline_default_off_23,baseline_default_off,default,off,1,none,standard_dns,1,/opt/praxis/pcaps/RQ7_CONFIRM_baseline_default_off_23.pcap,/opt/praxis/logs/RQ7_CONFIRM_baseline_default_off_23_browser.json,21545,69,35,34,0,10554,4831,15385,1.141934,42,0,0,0,1727,0,-1369,0,80,655,0,-255,0,-255,0,-208,0,-366,0,0,0,1.0,14.528588867586455,0.3766585948993222,1,0.0,0.8096163186012627,0.6223113241448259,mawi_day1,10000,14.48496460544425,0.376158954642651,0.8096163186012627,0.622136450054991
RQ7_CONFIRM_baseline_default_off_24,baseline_default_off,default,off,1,none,standard_dns,1,/opt/praxis/pcaps/RQ7_CONFIRM_baseline_default_off_24.pcap,/opt/praxis/logs/RQ7_CONFIRM_baseline_default_off_24_browser.json,21209,67,34,33,0,10394,4831,15225,1.144279,42,0,0,0,1791,0,-1369,0,80,655,0,-255,0,-255,0,-208,0,-366,0,0,0,1.0,14.52220875712026,0.3738242840026785,1,0.0,0.6464303059737737,0.6131600146996261,mawi_day1,10000,14.478981785269124,0.37351175336847314,0.6464303059737737,0.6130506289776543
RQ7_CONFIRM_baseline_default_off_25,baseline_default_off,default,off,1,none,standard_dns,1,/opt/praxis/pcaps/RQ7_CONFIRM_baseline_default_off_25.pcap,/opt/praxis/logs/RQ7_CONFIRM_baseline_default_off_25_browser.json,21577,69,35,34,0,10586,4831,15417,1.144272,46,0,0,0,1823,0,-1369,0,80,655,0,-255,0,-255,0,-208,0,-366,0,0,0,1.0,14.552931922132208,0.3874727939828929,1,0.0,0.8251578436134046,0.6268733700746828,mawi_day1,10000,14.50938069483601,0.3869622716497429,0.8251578436134046,0.6266946872580802
RQ7_CONFIRM_baseline_default_off_26,baseline_default_off,default,off,1,none,standard_dns,1,/opt/praxis/pcaps/RQ7_CONFIRM_baseline_default_off_26.pcap,/opt/praxis/logs/RQ7_CONFIRM_baseline_default_off_26_browser.json,21545,69,36,33,0,10554,4831,15385,1.146769,46,0,0,0,1759,0,-1369,0,80,655,0,-255,0,-255,0,-574,0,0,0,0,2094,1.0,15.723079473142954,0.9073010903866726,1,0.0,0.8096163186012627,0.8080361975653986,mawi_day1,10000,15.683161513278943,0.9063217020244627,0.8096163186012627,0.8076934116386251
RQ7_CONFIRM_baseline_default_off_27,baseline_default_off,default,off,1,none,standard_dns,1,/opt/praxis/pcaps/RQ7_CONFIRM_baseline_default_off_27.pcap,/opt/praxis/logs/RQ7_CONFIRM_baseline_default_off_27_browser.json,21593,71,36,35,0,10426,4831,15257,1.140293,42,0,0,0,1727,0,-1369,0,80,655,0,-255,0,-255,0,-208,0,-366,0,0,0,1.0,14.535372103293165,0.3796719908240313,1,0.0,0.8329286061194755,0.6245316270943848,mawi_day1,10000,14.49136656177772,0.3789916098900302,0.8329286061194755,0.6242934937674844
RQ7_CONFIRM_baseline_default_off_28,baseline_default_off,default,off,1,none,standard_dns,1,/opt/praxis/pcaps/RQ7_CONFIRM_baseline_default_off_28.pcap,/opt/praxis/logs/RQ7_CONFIRM_baseline_default_off_28_browser.json,21513,69,35,34,0,10522,4831,15353,1.141719,44,0,0,0,1791,0,-1369,0,80,655,0,-255,0,-255,0,-208,0,-366,0,0,0,1.0,14.541112002550474,0.3822218932272614,1,0.0,0.7940747935891209,0.6234814023089975,mawi_day1,10000,14.497525711939058,0.3817168313871988,0.7940747935891209,0.6233046306649757
RQ7_CONFIRM_baseline_default_off_29,baseline_default_off,default,off,1,none,standard_dns,1,/opt/praxis/pcaps/RQ7_CONFIRM_baseline_default_off_29.pcap,/opt/praxis/logs/RQ7_CONFIRM_baseline_default_off_29_browser.json,21665,70,36,34,0,10586,4831,15417,1.145373,42,0,0,0,1823,0,-1369,0,80,655,0,-255,0,-255,0,-208,0,-366,0,0,0,1.0,14.534045013961054,0.379082442449477,1,0.0,0.8678970373967946,0.6260737067271567,mawi_day1,10000,14.49043709039959,0.3785803493566235,0.8678970373967946,0.625897974144658
RQ7_CONFIRM_baseline_default_off_30,baseline_default_off,default,off,1,none,standard_dns,1,/opt/praxis/pcaps/RQ7_CONFIRM_baseline_default_off_30.pcap,/opt/praxis/logs/RQ7_CONFIRM_baseline_default_off_30_browser.json,21273,67,34,33,0,10458,4831,15289,1.141588,44,0,0,0,1727,0,-1369,0,80,655,0,-255,0,-255,0,-208,0,-366,0,0,0,1.0,14.532777543832974,0.3785193794093904,1,0.0,0.6775133559980573,0.6163574505931895,mawi_day1,10000,14.489581326884151,0.3782017021297048,0.6775133559980573,0.6162462635452994
RQ7_CONFIRM_baseline_default_off_31,baseline_default_off,default,off,1,none,standard_dns,1,/opt/praxis/pcaps/RQ7_CONFIRM_baseline_default_off_31.pcap,/opt/praxis/logs/RQ7_CONFIRM_baseline_default_off_31_browser.json,21433,67,34,33,0,10618,4831,15449,1.142839,44,0,0,0,1791,0,-1369,0,80,655,0,-255,0,-255,0,-208,0,-366,0,0,0,1.0,14.53417285056848,0.3791392327968139,1,0.0,0.7552209810587663,0.6204597805318232,mawi_day1,10000,14.490979361554016,0.3788202865181841,0.7552209810587663,0.6203481493343027
RQ7_CONFIRM_baseline_default_off_32,baseline_default_off,default,off,1,none,standard_dns,1,/opt/praxis/pcaps/RQ7_CONFIRM_baseline_default_off_32.pcap,/opt/praxis/logs/RQ7_CONFIRM_baseline_default_off_32_browser.json,21577,69,35,34,0,10586,4831,15417,1.146946,40,0,0,0,1791,0,-1369,0,80,655,0,-255,0,-255,0,-574,0,0,0,0,2030,1.0,15.67609181910887,0.8864272167222356,1,0.0,0.8251578436134046,0.8015074180334526,mawi_day1,10000,15.635669482468732,0.8853080394382487,0.8251578436134046,0.8011157059840572
RQ7_CONFIRM_baseline_default_off_33,baseline_default_off,default,off,1,none,standard_dns,1,/opt/praxis/pcaps/RQ7_CONFIRM_baseline_default_off_33.pcap,/opt/praxis/logs/RQ7_CONFIRM_baseline_default_off_33_browser.json,21425,68,35,33,0,10522,4831,15353,1.146236,42,0,0,0,1823,0,-1369,0,80,655,0,-255,0,-255,0,-574,0,0,0,0,1998,1.0,15.67670009873286,0.8866974398752068,1,0.0,0.751335599805731,0.7979108839466089,mawi_day1,10000,15.636663988904372,0.8857480758469228,0.751335599805731,0.7975786065367095
RQ7_CONFIRM_baseline_default_off_34,baseline_default_off,default,off,1,none,standard_dns,1,/opt/praxis/pcaps/RQ7_CONFIRM_baseline_default_off_34.pcap,/opt/praxis/logs/RQ7_CONFIRM_baseline_default_off_34_browser.json,21649,72,36,36,0,10394,4831,15225,1.14966,44,0,0,0,1727,0,-1369,0,80,655,0,-255,0,-255,0,-208,0,-366,0,0,0,1.0,14.550054199643634,0.3861943897530452,1,0.0,0.8601262748907237,0.6281743501581021,mawi_day1,10000,14.505702700272977,0.38533487995006266,0.8601262748907237,0.6278735217270581
RQ7_CONFIRM_baseline_default_off_35,baseline_default_off,default,off,1,none,standard_dns,1,/opt/praxis/pcaps/RQ7_CONFIRM_baseline_default_off_35.pcap,/opt/praxis/logs/RQ7_CONFIRM_baseline_default_off_35_browser.json,21305,67,34,33,0,10490,4831,15321,1.142591,44,0,0,0,1759,0,-1369,0,80,655,0,-255,0,-255,0,-208,0,-366,0,0,0,1.0,14.533384686574143,0.3787890975116451,1,0.0,0.6930548810101991,0.6172289281795857,mawi_day1,10000,14.49019003872731,0.3784710371121459,0.6930548810101991,0.617117607039761
RQ7_CONFIRM_baseline_default_off_36,baseline_default_off,default,off,1,none,standard_dns,1,/opt/praxis/pcaps/RQ7_CONFIRM_baseline_default_off_36.pcap,/opt/praxis/logs/RQ7_CONFIRM_baseline_default_off_36_browser.json,21545,69,35,34,0,10554,4831,15385,1.144784,40,0,0,0,1727,0,-1369,0,80,655,0,-255,0,-255,0,-574,0,0,0,0,2062,1.0,15.682634841565262,0.8893338999126593,1,0.0,0.8096163186012627,0.8017476808994939,mawi_day1,10000,15.642229567513764,0.8882106614428554,0.8096163186012627,0.8013545474350625
RQ7_CONFIRM_baseline_default_off_37,baseline_default_off,default,off,1,none,standard_dns,1,/opt/praxis/pcaps/RQ7_CONFIRM_baseline_default_off_37.pcap,/opt/praxis/logs/RQ7_CONFIRM_baseline_default_off_37_browser.json,21537,70,36,34,0,10458,4831,15289,1.140335,44,0,0,0,1759,0,-1369,0,80,655,0,-255,0,-255,0,-208,-366,0,0,0,0,1.0,14.544232806609322,0.3836082844186288,1,0.0,0.8057309373482273,0.6245494464139315,mawi_day1,10000,14.500656415910855,0.38310206498951754,0.8057309373482273,0.6243722696137426
RQ7_CONFIRM_baseline_default_off_38,baseline_default_off,default,off,1,none,standard_dns,1,/opt/praxis/pcaps/RQ7_CONFIRM_baseline_default_off_38.pcap,/opt/praxis/logs/RQ7_CONFIRM_baseline_default_off_38_browser.json,21537,70,36,34,0,10458,4831,15289,1.143674,48,0,0,0,1759,0,-1369,0,80,655,0,-255,0,-255,0,-208,0,-366,0,0,0,1.0,14.566233748998208,0.3933820196979218,1,0.0,0.8057309373482273,0.627970253761684,mawi_day1,10000,14.522723580396457,0.39286605993401713,0.8057309373482273,0.6277896678443173
RQ7_CONFIRM_baseline_default_off_39,baseline_default_off,default,off,1,none,standard_dns,1,/opt/praxis/pcaps/RQ7_CONFIRM_baseline_default_off_39.pcap,/opt/praxis/logs/RQ7_CONFIRM_baseline_default_off_39_browser.json,21305,67,34,33,0,10490,4831,15321,1.140609,42,0,0,0,1727,0,-1369,0,80,655,0,-255,0,-255,0,-574,0,0,0,0,1998,1.0,15.671598402950986,0.8844310540465388,1,0.0,0.6930548810101991,0.7942036129667985,mawi_day1,10000,15.631549182736535,0.8834849422396375,0.6930548810101991,0.7938724738343831
RQ7_CONFIRM_baseline_default_off_40,baseline_default_off,default,off,1,none,standard_dns,1,/opt/praxis/pcaps/RQ7_CONFIRM_baseline_default_off_40.pcap,/opt/praxis/logs/RQ7_CONFIRM_baseline_default_off_40_browser.json,21609,69,35,34,0,10618,4831,15449,1.144017,44,0,0,0,1823,0,-1369,0,80,655,0,-255,0,-255,0,-574,0,0,0,0,2094,1.0,15.713383084350143,0.9029935504844766,1,0.0,0.8406993686255464,0.8080827111008442,mawi_day1,10000,15.673056479289357,0.9018505566331875,0.8406993686255464,0.8076826632528928
RQ7_CONFIRM_baseline_default_off_41,baseline_default_off,default,off,1,none,standard_dns,1,/opt/praxis/pcaps/RQ7_CONFIRM_baseline_default_off_41.pcap,/opt/praxis/logs/RQ7_CONFIRM_baseline_default_off_41_browser.json,21337,67,34,33,0,10522,4831,15353,1.141272,46,0,0,0,1727,0,-1369,0,80,655,0,-255,0,-255,0,-208,0,-366,0,0,0,1.0,14.544074118143376,0.3835377883902941,1,0.0,0.708596406022341,0.61966804623772,mawi_day1,10000,14.500910927557506,0.38321467802744685,0.708596406022341,0.6195549576107234
RQ7_CONFIRM_baseline_default_off_42,baseline_default_off,default,off,1,none,standard_dns,1,/opt/praxis/pcaps/RQ7_CONFIRM_baseline_default_off_42.pcap,/opt/praxis/logs/RQ7_CONFIRM_baseline_default_off_42_browser.json,21609,69,35,34,0,10618,4831,15449,1.144226,40,0,0,0,1823,0,-1369,0,80,655,0,-255,0,-255,0,-574,0,0,0,0,2062,1.0,15.684231932050952,0.8900433940492424,1,0.0,0.8406993686255464,0.8035501563485121,mawi_day1,10000,15.643830193479904,0.8889188858208273,0.8406993686255464,0.8031565784685668
RQ7_CONFIRM_baseline_default_off_43,baseline_default_off,default,off,1,none,standard_dns,1,/opt/praxis/pcaps/RQ7_CONFIRM_baseline_default_off_43.pcap,/opt/praxis/logs/RQ7_CONFIRM_baseline_default_off_43_browser.json,21513,69,35,34,0,10522,4831,15353,1.142944,46,0,0,0,1727,0,-1369,0,80,655,0,-255,0,-255,0,-208,0,-366,0,0,0,1.0,14.55120611823404,0.3867061199856378,1,0.0,0.7940747935891209,0.6250508816744292,mawi_day1,10000,14.507650229999344,0.3861965978393238,0.7940747935891209,0.6248725489232194
RQ7_CONFIRM_baseline_default_off_44,baseline_default_off,default,off,1,none,standard_dns,1,/opt/praxis/pcaps/RQ7_CONFIRM_baseline_default_off_44.pcap,/opt/praxis/logs/RQ7_CONFIRM_baseline_default_off_44_browser.json,21681,72,37,35,0,10426,4831,15257,1.140269,46,0,0,0,1727,0,-1369,0,80,655,0,-255,0,-255,0,-208,0,-366,0,0,0,1.0,14.561778618536485,0.3914028651236335,1,0.0,0.8756677999028655,0.6307743927884151,mawi_day1,10000,14.517853117414404,0.39071104015496183,0.8756677999028655,0.63053225404938
RQ7_CONFIRM_baseline_default_off_45,baseline_default_off,default,off,1,none,standard_dns,1,/opt/praxis/pcaps/RQ7_CONFIRM_baseline_default_off_45.pcap,/opt/praxis/logs/RQ7_CONFIRM_baseline_default_off_45_browser.json,21513,69,35,34,0,10522,4831,15353,1.145116,40,0,0,0,1759,0,-1369,0,80,655,0,-255,0,-255,0,-208,-366,0,0,0,0,1.0,14.517182460715013,0.3715913937186254,1,0.0,0.7940747935891209,0.619760727480975,mawi_day1,10000,14.473524318971652,0.3710970039169495,0.7940747935891209,0.6195876910503884
RQ7_CONFIRM_baseline_default_off_46,baseline_default_off,default,off,1,none,standard_dns,1,/opt/praxis/pcaps/RQ7_CONFIRM_baseline_default_off_46.pcap,/opt/praxis/logs/RQ7_CONFIRM_baseline_default_off_46_browser.json,21273,67,34,33,0,10458,4831,15289,1.139046,44,0,0,0,1823,0,-1369,0,80,655,0,-255,0,-255,0,-208,0,-366,0,0,0,1.0,14.534368953081486,0.3792263497037098,1,0.0,0.6775133559980573,0.6166048901962013,mawi_day1,10000,14.49117732252435,0.3789078777406456,0.6775133559980573,0.6164934250091287
RQ7_CONFIRM_baseline_default_off_47,baseline_default_off,default,off,1,none,standard_dns,1,/opt/praxis/pcaps/RQ7_CONFIRM_baseline_default_off_47.pcap,/opt/praxis/logs/RQ7_CONFIRM_baseline_default_off_47_browser.json,21457,68,35,33,0,10554,4831,15385,1.144308,40,0,0,0,1823,0,-1369,0,80,655,0,-255,0,-255,0,-574,0,0,0,0,1998,1.0,15.665735373964788,0.881826452287531,1,0.0,0.7668771248178727,0.7969831145415295,mawi_day1,10000,15.625670779147558,0.880883941872692,0.7668771248178727,0.7966532358963359
RQ7_CONFIRM_baseline_default_off_48,baseline_default_off,default,off,1,none,standard_dns,1,/opt/praxis/pcaps/RQ7_CONFIRM_baseline_default_off_48.pcap,/opt/praxis/logs/RQ7_CONFIRM_baseline_default_off_48_browser.json,21505,70,36,34,0,10426,4831,15257,1.146175,44,0,0,0,1727,0,-1369,0,80,655,0,-255,0,-255,0,-208,0,-366,0,0,0,1.0,14.543641939636275,0.3833457966907051,1,0.0,0.7901894123360855,0.6236804994585511,mawi_day1,10000,14.50006443924205,0.38284013477164835,0.7901894123360855,0.6235035177868812
RQ7_CONFIRM_baseline_default_off_49,baseline_default_off,default,off,1,none,standard_dns,1,/opt/praxis/pcaps/RQ7_CONFIRM_baseline_default_off_49.pcap,/opt/praxis/logs/RQ7_CONFIRM_baseline_default_off_49_browser.json,21481,69,35,34,0,10490,4831,15321,1.1418,42,0,0,0,1727,0,-1369,0,80,655,0,-255,0,-255,0,-208,0,-366,0,0,0,1.0,14.528460722711436,0.3766016676066774,1,0.0,0.7785332685769791,0.620737247091186,mawi_day1,10000,14.484836670777206,0.3761023477576544,0.7785332685769791,0.620562485144028
RQ7_CONFIRM_baseline_default_off_50,baseline_default_off,default,off,1,none,standard_dns,1,/opt/praxis/pcaps/RQ7_CONFIRM_baseline_default_off_50.pcap,/opt/praxis/logs/RQ7_CONFIRM_baseline_default_off_50_browser.json,21369,67,34,33,0,10554,4831,15385,1.139078,42,0,0,0,1823,0,-1369,0,80,655,0,-255,0,-255,0,-574,0,0,0,0,0,1.0,13.707039104492631,0.0116919602291033,1,0.0,0.7241379310344828,0.4902990826319103,mawi_day1,10000,13.6612310610836,0.011683937111517818,0.7241379310344828,0.4902962745407554
RQ7_CONFIRM_camouflaged_c2_p1_01,camouflaged_c2_p1,camouflaged,c2,1,none,standard_dns,1,/opt/praxis/pcaps/RQ7_CONFIRM_camouflaged_c2_p1_01.pcap,/opt/praxis/logs/RQ7_CONFIRM_camouflaged_c2_p1_01_browser.json,20585,56,28,28,0,10648,4969,15617,0.184586,34,0,0,0,1800,0,-1377,0,88,687,0,-263,0,-263,0,-216,0,-374,0,-6,0,0.485,14.661352238866876,0.4356376160132924,1,0.0,0.3433705682370082,0.3878916940165027,mawi_day1,10000,14.620786065049435,0.43625548611160664,0.34337056823700823,0.38810794855091274
RQ7_CONFIRM_camouflaged_c2_p1_02,camouflaged_c2_p1,camouflaged,c2,1,none,standard_dns,1,/opt/praxis/pcaps/RQ7_CONFIRM_camouflaged_c2_p1_02.pcap,/opt/praxis/logs/RQ7_CONFIRM_camouflaged_c2_p1_02_browser.json,20089,50,26,24,0,10712,4937,15649,0.197929,28,0,0,0,1768,0,-1377,0,88,687,0,-263,0,-263,0,-582,-6,0,0,6,2052,0.485,15.857421077069738,0.966981228199284,1,0.0,0.1024769305488101,0.5618172763971899,mawi_day1,10000,15.821864738579412,0.9676933200908986,0.1024769305488101,0.562066508559255
RQ7_CONFIRM_camouflaged_c2_p1_03,camouflaged_c2_p1,camouflaged,c2,1,none,standard_dns,1,/opt/praxis/pcaps/RQ7_CONFIRM_camouflaged_c2_p1_03.pcap,/opt/praxis/logs/RQ7_CONFIRM_camouflaged_c2_p1_03_browser.json,20153,52,26,26,0,10584,4953,15537,0.190154,32,0,0,0,1768,0,-1377,0,88,687,0,-263,0,-263,0,-582,0,-6,0,6,2020,0.49,15.883363579751496,0.9785059687859392,1,0.0,0.1335599805730937,0.5696550881037334,mawi_day1,10000,15.846860755054221,0.9787532357702287,0.13355998057309373,0.5697416315482348
RQ7_CONFIRM_camouflaged_c2_p1_04,camouflaged_c2_p1,camouflaged,c2,1,none,standard_dns,1,/opt/praxis/pcaps/RQ7_CONFIRM_camouflaged_c2_p1_04.pcap,/opt/praxis/logs/RQ7_CONFIRM_camouflaged_c2_p1_04_browser.json,20417,53,27,26,0,10736,4977,15713,0.188321,34,0,0,0,1832,0,-1377,0,88,687,0,-263,0,-263,0,-216,0,-374,0,-6,0,0.485,14.65060260575178,0.4308621810996708,1,0.0,0.2617775619232637,0.382140641481048,mawi_day1,10000,14.611018680657194,0.4319337395687262,0.26177756192326374,0.3825156869452173
RQ7_CONFIRM_camouflaged_c2_p1_05,camouflaged_c2_p1,camouflaged,c2,1,none,standard_dns,1,/opt/praxis/pcaps/RQ7_CONFIRM_camouflaged_c2_p1_05.pcap,/opt/praxis/logs/RQ7_CONFIRM_camouflaged_c2_p1_05_browser.json,20897,58,29,29,0,10776,4977,15753,0.183114,34,0,0,0,1768,0,-1377,0,88,687,0,-263,0,-263,0,-216,0,-374,0,-6,0,0.49,14.668729728061004,0.4389150040967078,1,0.0,0.4949004371053909,0.3988652732891173,mawi_day1,10000,14.627702638683767,0.4393158425993165,0.49490043710539094,0.39900556676503035
RQ7_CONFIRM_camouflaged_c2_p1_06,camouflaged_c2_p1,camouflaged,c2,1,none,standard_dns,1,/opt/praxis/pcaps/RQ7_CONFIRM_camouflaged_c2_p1_06.pcap,/opt/praxis/logs/RQ7_CONFIRM_camouflaged_c2_p1_06_browser.json,20193,52,26,26,0,10616,4961,15577,0.189476,30,0,0,0,1768,0,-1377,0,88,687,0,-263,0,-263,0,-216,0,-374,-6,0,0,0.485,14.617456989417038,0.4161375173103396,1,0.0,0.152986886838271,0.3715474754005324,mawi_day1,10000,14.577784315001152,0.41722862516850606,0.152986886838271,0.37192936315089065
RQ7_CONFIRM_camouflaged_c2_p1_07,camouflaged_c2_p1,camouflaged,c2,1,none,standard_dns,1,/opt/praxis/pcaps/RQ7_CONFIRM_camouflaged_c2_p1_07.pcap,/opt/praxis/logs/RQ7_CONFIRM_camouflaged_c2_p1_07_browser.json,20441,53,27,26,0,10776,4961,15737,0.183895,30,0,0,0,1800,0,-1377,0,88,687,0,-263,0,-263,0,-216,0,-374,-6,0,0,0.485,14.62249901443906,0.418377394901297,1,0.0,0.2734337056823701,0.3783537734995724,mawi_day1,10000,14.582839203154334,0.4194652470237919,0.2734337056823701,0.37873452174244565
RQ7_CONFIRM_camouflaged_c2_p1_08,camouflaged_c2_p1,camouflaged,c2,1,none,standard_dns,1,/opt/praxis/pcaps/RQ7_CONFIRM_camouflaged_c2_p1_08.pcap,/opt/praxis/logs/RQ7_CONFIRM_camouflaged_c2_p1_08_browser.json,20481,54,27,27,0,10712,4977,15689,0.190767,38,0,0,0,1736,0,-1377,0,88,687,0,-263,0,-263,0,-216,0,-374,0,-6,0,0.485,14.678280841889276,0.4431580068067688,1,0.0,0.2928606119475473,0.3879983329797464,mawi_day1,10000,14.638256920917474,0.44398576557197483,0.29286061194754737,0.38828804854756854
RQ7_CONFIRM_camouflaged_c2_p1_09,camouflaged_c2_p1,camouflaged,c2,1,none,standard_dns,1,/opt/praxis/pcaps/RQ7_CONFIRM_camouflaged_c2_p1_09.pcap,/opt/praxis/logs/RQ7_CONFIRM_camouflaged_c2_p1_09_browser.json,20193,50,25,25,0,10800,4953,15753,0.191965,32,0,0,0,1800,0,-1377,0,88,687,0,-263,0,-263,0,-582,0,-6,0,6,2052,0.49,15.884438583838843,0.9789835303916276,1,0.0,0.152986886838271,0.5707935799789832,mawi_day1,10000,15.84842966799392,0.9794474281763969,0.152986886838271,0.5709559442036525
RQ7_CONFIRM_camouflaged_c2_p1_10,camouflaged_c2_p1,camouflaged,c2,1,none,standard_dns,1,/opt/praxis/pcaps/RQ7_CONFIRM_camouflaged_c2_p1_10.pcap,/opt/praxis/logs/RQ7_CONFIRM_camouflaged_c2_p1_10_browser.json,20313,52,26,26,0,10744,4953,15697,0.189412,34,0,0,0,1832,0,-1377,0,88,687,0,-263,0,-263,0,-582,0,-6,0,6,2084,0.5,15.91206835019258,0.9912578238012848,1,0.0,0.2112676056338028,0.5825036186121398,mawi_day1,10000,15.875630244948333,0.9914827894047801,0.2112676056338028,0.5825823565733631
RQ7_CONFIRM_camouflaged_c2_p1_11,camouflaged_c2_p1,camouflaged,c2,1,none,standard_dns,1,/opt/praxis/pcaps/RQ7_CONFIRM_camouflaged_c2_p1_11.pcap,/opt/praxis/logs/RQ7_CONFIRM_camouflaged_c2_p1_11_browser.json,20497,54,27,27,0,10744,4961,15705,0.187201,36,0,0,0,1768,0,-1377,0,88,687,0,-263,0,-263,0,-582,0,-6,0,6,2084,0.5,15.930372898272443,0.999389466718093,1,0.0,0.3006313744536182,0.5898178820740135,mawi_day1,10000,15.893502720611858,0.9993907724235414,0.30063137445361826,0.5898183390709204
RQ7_CONFIRM_camouflaged_c2_p1_12,camouflaged_c2_p1,camouflaged,c2,1,none,standard_dns,1,/opt/praxis/pcaps/RQ7_CONFIRM_camouflaged_c2_p1_12.pcap,/opt/praxis/logs/RQ7_CONFIRM_camouflaged_c2_p1_12_browser.json,20649,56,28,28,0,10712,4969,15681,0.200795,34,0,0,0,1800,0,-1377,0,88,687,0,-263,0,-263,0,-216,0,-374,0,-6,0,0.485,14.661269089200632,0.4356006774671135,1,0.0,0.3744536182612918,0.3894329180265543,mawi_day1,10000,14.620700342807453,0.43621755683719127,0.37445361826129187,0.3896488258060815
RQ7_CONFIRM_camouflaged_c2_p1_13,camouflaged_c2_p1,camouflaged,c2,1,none,standard_dns,1,/opt/praxis/pcaps/RQ7_CONFIRM_camouflaged_c2_p1_13.pcap,/opt/praxis/logs/RQ7_CONFIRM_camouflaged_c2_p1_13_browser.json,20353,52,26,26,0,10768,4969,15737,0.187664,34,0,0,0,1768,0,-1377,0,88,687,0,-263,0,-263,0,-216,0,-374,0,-6,0,0.485,14.645483193178194,0.4285879247339528,1,0.0,0.23069451189898,0.3797904992518324,mawi_day1,10000,14.605885309655246,0.4296623916325668,0.23069451189898008,0.38016656266634735
RQ7_CONFIRM_camouflaged_c2_p1_14,camouflaged_c2_p1,camouflaged,c2,1,none,standard_dns,1,/opt/praxis/pcaps/RQ7_CONFIRM_camouflaged_c2_p1_14.pcap,/opt/praxis/logs/RQ7_CONFIRM_camouflaged_c2_p1_14_browser.json,20033,51,25,26,0,10552,4953,15505,0.189224,34,0,0,0,1768,0,-1377,0,88,687,0,-263,0,-263,0,-582,0,-6,0,6,1988,0.49,15.884351864108805,0.9789450058743634,1,0.0,0.0752792617775619,0.5668947151449052,mawi_day1,10000,15.847851683027855,0.9791916888270876,0.07527926177756192,0.5669810541783588
RQ7_CONFIRM_camouflaged_c2_p1_15,camouflaged_c2_p1,camouflaged,c2,1,none,standard_dns,1,/opt/praxis/pcaps/RQ7_CONFIRM_camouflaged_c2_p1_15.pcap,/opt/praxis/logs/RQ7_CONFIRM_camouflaged_c2_p1_15_browser.json,20201,52,26,26,0,10616,4969,15585,0.191309,36,0,0,0,1768,0,-1377,0,88,687,0,-263,0,-263,0,-582,0,-6,0,6,2020,0.49,15.907980998538289,0.9894420518967764,1,0.0,0.1568722680913064,0.5746483315684371,mawi_day1,10000,15.871534150641388,0.9896704023112185,0.15687226809130647,0.5747282542134917
RQ7_CONFIRM_camouflaged_c2_p1_16,camouflaged_c2_p1,camouflaged,c2,1,none,standard_dns,1,/opt/praxis/pcaps/RQ7_CONFIRM_camouflaged_c2_p1_16.pcap,/opt/praxis/logs/RQ7_CONFIRM_camouflaged_c2_p1_16_browser.json,20817,57,28,29,0,10776,4985,15761,0.18772,32,0,0,0,1768,0,-1377,0,88,687,0,-263,0,-263,0,-216,0,-374,-6,0,0,0.485,14.651133318355036,0.4310979457501983,1,0.0,0.4560466245750364,0.3919366122413212,mawi_day1,10000,14.610056167464608,0.43150785911849615,0.4560466245750364,0.3920800819202254
RQ7_CONFIRM_camouflaged_c2_p1_17,camouflaged_c2_p1,camouflaged,c2,1,none,standard_dns,1,/opt/praxis/pcaps/RQ7_CONFIRM_camouflaged_c2_p1_17.pcap,/opt/praxis/logs/RQ7_CONFIRM_camouflaged_c2_p1_17_browser.json,20385,54,27,27,0,10616,4977,15593,0.192556,40,0,0,0,1832,0,-1377,0,88,687,0,-263,0,-263,0,-216,0,-374,0,-6,0,0.485,14.691793783607658,0.4491610185353346,1,0.0,0.2462360369111219,0.3877681583329231,mawi_day1,10000,14.65180746216921,0.44998143467407015,0.2462360369111219,0.38805530398148064
RQ7_CONFIRM_camouflaged_c2_p1_18,camouflaged_c2_p1,camouflaged,c2,1,none,standard_dns,1,/opt/praxis/pcaps/RQ7_CONFIRM_camouflaged_c2_p1_18.pcap,/opt/praxis/logs/RQ7_CONFIRM_camouflaged_c2_p1_18_browser.json,20409,53,26,27,0,10744,4961,15705,0.186782,32,0,0,0,1768,0,-1377,0,88,687,0,-263,0,-263,0,-582,0,-6,0,6,2052,0.49,15.894680133370812,0.9835332534083016,1,0.0,0.2578921806702283,0.5776312477264169,mawi_day1,10000,15.857727010776243,0.9835611967570007,0.2578921806702283,0.5776410278984616
RQ7_CONFIRM_camouflaged_c2_p1_19,camouflaged_c2_p1,camouflaged,c2,1,none,standard_dns,1,/opt/praxis/pcaps/RQ7_CONFIRM_camouflaged_c2_p1_19.pcap,/opt/praxis/logs/RQ7_CONFIRM_camouflaged_c2_p1_19_browser.json,20337,54,27,27,0,10584,4961,15545,0.191449,30,0,0,0,1736,0,-1377,0,88,687,0,-263,0,-263,0,-216,0,-374,0,-6,0,0.485,14.624672396506648,0.4193429017697705,1,0.0,0.2229237493929091,0.3761662030890651,mawi_day1,10000,14.584502740596612,0.4202013076620758,0.22292374939290918,0.37646664515137196
RQ7_CONFIRM_camouflaged_c2_p1_20,camouflaged_c2_p1,camouflaged,c2,1,none,standard_dns,1,/opt/praxis/pcaps/RQ7_CONFIRM_camouflaged_c2_p1_20.pcap,/opt/praxis/logs/RQ7_CONFIRM_camouflaged_c2_p1_20_browser.json,20441,53,26,27,0,10776,4961,15737,0.190748,38,0,0,0,1832,0,-1377,0,88,687,0,-263,0,-263,0,-582,0,-6,0,6,2052,0.49,15.931747225198423,1.0,1,0.0,0.2734337056823701,0.5841716852841186,mawi_day1,10000,15.894879608372994,1.0,0.2734337056823701,0.5841716852841186
RQ7_CONFIRM_camouflaged_c2_p1_21,camouflaged_c2_p1,camouflaged,c2,1,none,standard_dns,1,/opt/praxis/pcaps/RQ7_CONFIRM_camouflaged_c2_p1_21.pcap,/opt/praxis/logs/RQ7_CONFIRM_camouflaged_c2_p1_21_browser.json,20577,54,27,27,0,10808,4977,15785,0.185189,36,0,0,0,1800,0,-1377,0,88,687,0,-263,0,-263,0,-216,0,-374,0,-6,0,0.485,14.667017900030745,0.4381545387622827,1,0.0,0.3394851869839728,0.3885783479159976,mawi_day1,10000,14.626962897495613,0.43898853143860606,0.3394851869839728,0.3888702453527108
RQ7_CONFIRM_camouflaged_c2_p1_22,camouflaged_c2_p1,camouflaged,c2,1,none,standard_dns,1,/opt/praxis/pcaps/RQ7_CONFIRM_camouflaged_c2_p1_22.pcap,/opt/praxis/logs/RQ7_CONFIRM_camouflaged_c2_p1_22_browser.json,20473,54,27,27,0,10712,4969,15681,0.190576,36,0,0,0,1736,0,-1377,0,88,687,0,-263,0,-263,0,-216,0,-374,0,-6,0,0.485,14.665674359592613,0.4375576821209981,1,0.0,0.2889752306945119,0.3858439502770749,mawi_day1,10000,14.62561609733337,0.4383926166356886,0.2889752306945119,0.38613617735721656
RQ7_CONFIRM_camouflaged_c2_p1_23,camouflaged_c2_p1,camouflaged,c2,1,none,standard_dns,1,/opt/praxis/pcaps/RQ7_CONFIRM_camouflaged_c2_p1_23.pcap,/opt/praxis/logs/RQ7_CONFIRM_camouflaged_c2_p1_23_browser.json,20497,54,27,27,0,10744,4961,15705,0.185256,34,0,0,0,1832,0,-1377,0,88,687,0,-263,0,-263,0,-582,0,-6,0,6,2052,0.49,15.911925542042368,0.9911943824708532,1,0.0,0.3006313744536182,0.5824496025874796,mawi_day1,10000,15.87501271844696,0.9912095542258141,0.30063137445361826,0.5824549127017159
RQ7_CONFIRM_camouflaged_c2_p1_24,camouflaged_c2_p1,camouflaged,c2,1,none,standard_dns,1,/opt/praxis/pcaps/RQ7_CONFIRM_camouflaged_c2_p1_24.pcap,/opt/praxis/logs/RQ7_CONFIRM_camouflaged_c2_p1_24_browser.json,20649,56,28,28,0,10712,4969,15681,0.195062,32,0,0,0,1768,0,-1377,0,88,687,0,-263,0,-263,0,-216,0,-374,0,-6,0,0.485,14.647268720812882,0.4293811305033619,1,0.0,0.3744536182612918,0.3872560765892412,mawi_day1,10000,14.60666169849467,0.43000591817436856,0.37445361826129187,0.3874747522740936
RQ7_CONFIRM_camouflaged_c2_p1_25,camouflaged_c2_p1,camouflaged,c2,1,none,standard_dns,1,/opt/praxis/pcaps/RQ7_CONFIRM_camouflaged_c2_p1_25.pcap,/opt/praxis/logs/RQ7_CONFIRM_camouflaged_c2_p1_25_browser.json,20249,52,26,26,0,10680,4953,15633,0.18706,32,0,0,0,1832,0,-1377,0,88,687,0,-263,0,-263,0,-582,0,-6,0,6,1988,0.49,15.876895739568004,0.9756326846936108,1,0.0,0.1801845556095191,0.5709806674232397,mawi_day1,10000,15.840377506770345,0.9758846115068346,0.18018455560951918,0.5710688418078681
RQ7_CONFIRM_camouflaged_c2_p1_26,camouflaged_c2_p1,camouflaged,c2,1,none,standard_dns,1,/opt/praxis/pcaps/RQ7_CONFIRM_camouflaged_c2_p1_26.pcap,/opt/praxis/logs/RQ7_CONFIRM_camouflaged_c2_p1_26_browser.json,20473,54,27,27,0,10712,4969,15681,0.187648,32,0,0,0,1832,0,-1377,0,88,687,0,-263,0,-263,0,-582,0,-6,0,6,2020,0.49,15.891852321039266,0.9822770213497144,1,0.0,0.2889752306945119,0.5787457190071257,mawi_day1,10000,15.854892663994287,0.982307091470024,0.2889752306945119,0.578756243549234
RQ7_CONFIRM_camouflaged_c2_p1_27,camouflaged_c2_p1,camouflaged,c2,1,none,standard_dns,1,/opt/praxis/pcaps/RQ7_CONFIRM_camouflaged_c2_p1_27.pcap,/opt/praxis/logs/RQ7_CONFIRM_camouflaged_c2_p1_27_browser.json,20345,52,26,26,0,10776,4953,15729,0.186909,30,0,0,0,1832,0,-1377,0,88,687,0,-263,0,-263,0,-582,0,-6,0,6,2052,0.49,15.879251584234192,0.9766792490506948,1,0.0,0.2268091306459446,0.5736781937000404,mawi_day1,10000,15.842737985015097,0.976929045542,0.22680913064594463,0.5737656224719971
RQ7_CONFIRM_camouflaged_c2_p1_28,camouflaged_c2_p1,camouflaged,c2,1,none,standard_dns,1,/opt/praxis/pcaps/RQ7_CONFIRM_camouflaged_c2_p1_28.pcap,/opt/praxis/logs/RQ7_CONFIRM_camouflaged_c2_p1_28_browser.json,20441,52,26,26,0,10872,4953,15825,0.186969,32,0,0,0,1832,0,-1377,0,88,687,0,-263,0,-263,0,-582,0,-6,0,6,2084,0.5,15.899846502612808,0.9858283698825788,1,0.0,0.2734337056823701,0.5837116147430211,mawi_day1,10000,15.863379495584956,0.9860622354895552,0.2734337056823701,0.5837934677054628
RQ7_CONFIRM_camouflaged_c2_p1_29,camouflaged_c2_p1,camouflaged,c2,1,none,standard_dns,1,/opt/praxis/pcaps/RQ7_CONFIRM_camouflaged_c2_p1_29.pcap,/opt/praxis/logs/RQ7_CONFIRM_camouflaged_c2_p1_29_browser.json,20689,56,28,28,0,10744,4977,15721,0.19442,38,0,0,0,1800,0,-1377,0,88,687,0,-263,0,-263,0,-216,0,-374,0,-6,0,0.485,14.687054677399123,0.4470557101024527,1,0.0,0.3938805245264691,0.3944135247621819,mawi_day1,10000,14.646557600847812,0.44765854360055257,0.39388052452646916,0.39462451648651686
RQ7_CONFIRM_camouflaged_c2_p1_30,camouflaged_c2_p1,camouflaged,c2,1,none,standard_dns,1,/opt/praxis/pcaps/RQ7_CONFIRM_camouflaged_c2_p1_30.pcap,/opt/praxis/logs/RQ7_CONFIRM_camouflaged_c2_p1_30_browser.json,20561,54,27,27,0,10808,4961,15769,0.19206,34,0,0,0,1768,0,-1377,0,88,687,0,-263,0,-263,0,-216,0,-374,-6,0,0,0.485,14.65330121640383,0.432061016389033,1,0.0,0.3317144244779019,0.3860570769600566,mawi_day1,10000,14.613208133246207,0.4329025003727839,0.3317144244779019,0.38635159635436944
RQ7_CONFIRM_camouflaged_c2_p1_31,camouflaged_c2_p1,camouflaged,c2,1,none,standard_dns,1,/opt/praxis/pcaps/RQ7_CONFIRM_camouflaged_c2_p1_31.pcap,/opt/praxis/logs/RQ7_CONFIRM_camouflaged_c2_p1_31_browser.json,20377,53,26,27,0,10704,4969,15673,0.188454,34,0,0,0,1736,0,-1377,0,88,687,0,-263,0,-263,0,-582,0,-6,0,6,2084,0.5,15.914028310656766,0.9921285199013076,1,0.0,0.2423506556580864,0.584362514748362,mawi_day1,10000,15.877120262065207,0.9921420730026281,0.24235065565808644,0.5843672583338241
RQ7_CONFIRM_camouflaged_c2_p1_32,camouflaged_c2_p1,camouflaged,c2,1,none,standard_dns,1,/opt/praxis/pcaps/RQ7_CONFIRM_camouflaged_c2_p1_32.pcap,/opt/praxis/logs/RQ7_CONFIRM_camouflaged_c2_p1_32_browser.json,20601,56,28,28,0,10648,4985,15633,0.189031,34,0,0,0,1768,0,-1377,0,88,687,0,-263,0,-263,0,-216,0,-374,0,-6,0,0.485,14.660823091478369,0.4354025466963696,1,0.0,0.3511413307430792,0.3881979578808833,mawi_day1,10000,14.620254684756047,0.43602036779807635,0.3511413307430792,0.3884141952664807
RQ7_CONFIRM_camouflaged_c2_p1_33,camouflaged_c2_p1,camouflaged,c2,1,none,standard_dns,1,/opt/praxis/pcaps/RQ7_CONFIRM_camouflaged_c2_p1_33.pcap,/opt/praxis/logs/RQ7_CONFIRM_camouflaged_c2_p1_33_browser.json,20105,51,26,25,0,10608,4969,15577,0.184619,32,0,0,0,1736,0,-1377,0,88,687,0,-263,0,-263,0,-582,0,-6,0,6,2020,0.49,15.879551984297551,0.9768126992750192,1,0.0,0.110247693054881,0.5678968293990008,mawi_day1,10000,15.843534081741815,0.9772812921761376,0.11024769305488101,0.5680608369143922
RQ7_CONFIRM_camouflaged_c2_p1_34,camouflaged_c2_p1,camouflaged,c2,1,none,standard_dns,1,/opt/praxis/pcaps/RQ7_CONFIRM_camouflaged_c2_p1_34.pcap,/opt/praxis/logs/RQ7_CONFIRM_camouflaged_c2_p1_34_browser.json,20217,52,26,26,0,10648,4953,15601,0.188466,34,0,0,0,1736,0,-1377,0,88,687,0,-263,0,-263,0,-582,0,-6,0,6,2052,0.49,15.903030162894227,0.9872426844269188,1,0.0,0.1646430305973773,0.5742670910792904,mawi_day1,10000,15.866572209389055,0.9874749064044249,0.16464303059737737,0.5743483687714176
RQ7_CONFIRM_camouflaged_c2_p1_35,camouflaged_c2_p1,camouflaged,c2,1,none,standard_dns,1,/opt/praxis/pcaps/RQ7_CONFIRM_camouflaged_c2_p1_35.pcap,/opt/praxis/logs/RQ7_CONFIRM_camouflaged_c2_p1_35_browser.json,20689,56,28,28,0,10744,4977,15721,0.182962,38,0,0,0,1736,0,-1377,0,88,687,0,-263,0,-263,0,-216,0,-374,-6,0,0,0.485,14.686146221223751,0.4466521360184894,1,0.0,0.3938805245264691,0.3942722738327947,mawi_day1,10000,14.645647888921243,0.44725602597497505,0.39388052452646916,0.3944836353175647
RQ7_CONFIRM_camouflaged_c2_p1_36,camouflaged_c2_p1,camouflaged,c2,1,none,standard_dns,1,/opt/praxis/pcaps/RQ7_CONFIRM_camouflaged_c2_p1_36.pcap,/opt/praxis/logs/RQ7_CONFIRM_camouflaged_c2_p1_36_browser.json,20225,52,26,26,0,10648,4961,15609,0.184936,32,0,0,0,1736,0,-1377,0,88,687,0,-263,0,-263,0,-582,0,-6,0,6,2052,0.49,15.890609305978478,0.9817248222694396,1,0.0,0.1685284118504128,0.5725301083868244,mawi_day1,10000,15.854123023568373,0.981966550879383,0.1685284118504128,0.5726147134003047
RQ7_CONFIRM_camouflaged_c2_p1_37,camouflaged_c2_p1,camouflaged,c2,1,none,standard_dns,1,/opt/praxis/pcaps/RQ7_CONFIRM_camouflaged_c2_p1_37.pcap,/opt/praxis/logs/RQ7_CONFIRM_camouflaged_c2_p1_37_browser.json,20569,54,27,27,0,10808,4969,15777,0.189214,36,0,0,0,1800,0,-1377,0,88,687,0,-263,0,-263,0,-216,0,-374,0,-6,0,0.485,14.666938233968972,0.4381191477783545,1,0.0,0.3355998057309373,0.3883716920089709,mawi_day1,10000,14.62688270484341,0.4389530488259124,0.33559980573093734,0.3886635573756162
RQ7_CONFIRM_camouflaged_c2_p1_38,camouflaged_c2_p1,camouflaged,c2,1,none,standard_dns,1,/opt/praxis/pcaps/RQ7_CONFIRM_camouflaged_c2_p1_38.pcap,/opt/praxis/logs/RQ7_CONFIRM_camouflaged_c2_p1_38_browser.json,20529,54,27,27,0,10768,4969,15737,0.192467,34,0,0,0,1800,0,-1377,0,88,687,0,-263,0,-263,0,-216,0,-374,-6,0,0,0.485,14.653770689020051,0.4322695756857544,1,0.0,0.3161728994657601,0.385352996463302,mawi_day1,10000,14.613679078754062,0.4331108782801871,0.3161728994657601,0.38564745237135345
RQ7_CONFIRM_camouflaged_c2_p1_39,camouflaged_c2_p1,camouflaged,c2,1,none,standard_dns,1,/opt/praxis/pcaps/RQ7_CONFIRM_camouflaged_c2_p1_39.pcap,/opt/praxis/logs/RQ7_CONFIRM_camouflaged_c2_p1_39_browser.json,20561,54,27,27,0,10808,4961,15769,0.186439,36,0,0,0,1800,0,-1377,0,88,687,0,-263,0,-263,0,-216,0,-374,0,-6,0,0.485,14.666947263942069,0.4381231592686374,1,0.0,0.3317144244779019,0.3881788269679181,mawi_day1,10000,14.626892201141768,0.4389572506257954,0.3317144244779019,0.3884707589429235
RQ7_CONFIRM_camouflaged_c2_p1_40,camouflaged_c2_p1,camouflaged,c2,1,none,standard_dns,1,/opt/praxis/pcaps/RQ7_CONFIRM_camouflaged_c2_p1_40.pcap,/opt/praxis/logs/RQ7_CONFIRM_camouflaged_c2_p1_40_browser.json,20441,53,26,27,0,10776,4961,15737,0.188658,34,0,0,0,1800,0,-1377,0,88,687,0,-263,0,-263,0,-216,0,-374,0,-6,0,0.485,14.649703202780824,0.4304626288263109,1,0.0,0.2734337056823701,0.3825836053733273,mawi_day1,10000,14.609600909440207,0.4313064224068792,0.2734337056823701,0.3828789331265262
RQ7_CONFIRM_camouflaged_c2_p1_41,camouflaged_c2_p1,camouflaged,c2,1,none,standard_dns,1,/opt/praxis/pcaps/RQ7_CONFIRM_camouflaged_c2_p1_41.pcap,/opt/praxis/logs/RQ7_CONFIRM_camouflaged_c2_p1_41_browser.json,20681,56,28,28,0,10744,4969,15713,0.185442,34,0,0,0,1800,0,-1377,0,88,687,0,-263,0,-263,0,-216,0,-374,-6,0,0,0.485,14.66152901593728,0.4357161477533897,1,0.0,0.3899951432734337,0.390250408877358,mawi_day1,10000,14.620962356336847,0.43633348921165016,0.3899951432734337,0.3904664783877492
RQ7_CONFIRM_camouflaged_c2_p1_42,camouflaged_c2_p1,camouflaged,c2,1,none,standard_dns,1,/opt/praxis/pcaps/RQ7_CONFIRM_camouflaged_c2_p1_42.pcap,/opt/praxis/logs/RQ7_CONFIRM_camouflaged_c2_p1_42_browser.json,20601,56,27,29,0,10648,4985,15633,0.183959,38,0,0,0,1768,0,-1377,0,88,687,0,-263,0,-263,0,-216,0,-374,0,-6,0,0.485,14.686044776576376,0.4466070700794305,1,0.0,0.3511413307430792,0.3921195410649546,mawi_day1,10000,14.645067134384234,0.44699906118155797,0.3511413307430792,0.3922567379506992
RQ7_CONFIRM_camouflaged_c2_p1_43,camouflaged_c2_p1,camouflaged,c2,1,none,standard_dns,1,/opt/praxis/pcaps/RQ7_CONFIRM_camouflaged_c2_p1_43.pcap,/opt/praxis/logs/RQ7_CONFIRM_camouflaged_c2_p1_43_browser.json,20537,55,28,27,0,10680,4977,15657,0.187186,36,0,0,0,1736,0,-1377,0,88,687,0,-263,0,-263,0,-216,0,-374,0,-6,0,0.485,14.669756374611357,0.4393710832696449,1,0.0,0.3200582807187955,0.3880327931803155,mawi_day1,10000,14.629709818392326,0.44020395364502285,0.32005828071879555,0.38832429781169775
RQ7_CONFIRM_camouflaged_c2_p1_44,camouflaged_c2_p1,camouflaged,c2,1,none,standard_dns,1,/opt/praxis/pcaps/RQ7_CONFIRM_camouflaged_c2_p1_44.pcap,/opt/praxis/logs/RQ7_CONFIRM_camouflaged_c2_p1_44_browser.json,20481,52,27,25,0,10904,4961,15865,0.187357,30,0,0,0,1832,0,-1377,0,88,687,0,-263,0,-263,0,-582,0,-6,0,6,2084,0.5,15.887268618997748,0.980240749922742,1,0.0,0.2928606119475473,0.582727293070337,mawi_day1,10000,15.851265599418403,0.9807022346156052,0.29286061194754737,0.5828888127128392
RQ7_CONFIRM_camouflaged_c2_p1_45,camouflaged_c2_p1,camouflaged,c2,1,none,standard_dns,1,/opt/praxis/pcaps/RQ7_CONFIRM_camouflaged_c2_p1_45.pcap,/opt/praxis/logs/RQ7_CONFIRM_camouflaged_c2_p1_45_browser.json,20625,56,28,28,0,10680,4977,15657,0.190874,38,0,0,0,1768,0,-1377,0,88,687,0,-263,0,-263,0,-216,0,-374,0,-6,0,0.485,14.686450722668043,0.4467874082471096,1,0.0,0.3627974745021855,0.3927654666115976,mawi_day1,10000,14.64595294464733,0.44739100310668833,0.3627974745021855,0.39297672481245016
RQ7_CONFIRM_camouflaged_c2_p1_46,camouflaged_c2_p1,camouflaged,c2,1,none,standard_dns,1,/opt/praxis/pcaps/RQ7_CONFIRM_camouflaged_c2_p1_46.pcap,/opt/praxis/logs/RQ7_CONFIRM_camouflaged_c2_p1_46_browser.json,20289,52,26,26,0,10704,4969,15673,0.181052,38,0,0,0,1800,0,-1377,0,88,687,0,-263,0,-263,0,-216,0,-374,0,-6,0,0.485,14.671612880479875,0.4401958205278327,1,0.0,0.1996114618746964,0.3822991102784762,mawi_day1,10000,14.632087032927126,0.44125579293841827,0.19961146187469644,0.38267010062218126
RQ7_CONFIRM_camouflaged_c2_p1_47,camouflaged_c2_p1,camouflaged,c2,1,none,standard_dns,1,/opt/praxis/pcaps/RQ7_CONFIRM_camouflaged_c2_p1_47.pcap,/opt/praxis/logs/RQ7_CONFIRM_camouflaged_c2_p1_47_browser.json,20513,54,26,28,0,10744,4977,15721,0.181752,34,0,0,0,1800,0,-1377,0,88,687,0,-263,0,-263,0,-582,0,-6,0,6,2052,0.49,15.911136890563249,0.990844030624632,1,0.0,0.3084021369596891,0.5827155175666057,mawi_day1,10000,15.873764278930627,0.9906571607756297,0.30840213695968915,0.5826501131194548
RQ7_CONFIRM_camouflaged_c2_p1_48,camouflaged_c2_p1,camouflaged,c2,1,none,standard_dns,1,/opt/praxis/pcaps/RQ7_CONFIRM_camouflaged_c2_p1_48.pcap,/opt/praxis/logs/RQ7_CONFIRM_camouflaged_c2_p1_48_browser.json,20401,54,27,27,0,10640,4969,15609,0.190794,36,0,0,0,1800,0,-1377,0,88,687,0,-263,0,-263,0,-216,0,-374,0,-6,0,0.485,14.666589187869748,0.4379640869580595,1,0.0,0.2540067994171928,0.3842377704061804,mawi_day1,10000,14.626534068637698,0.43879878876444095,0.2540067994171928,0.3845299160384139
RQ7_CONFIRM_camouflaged_c2_p1_49,camouflaged_c2_p1,camouflaged,c2,1,none,standard_dns,1,/opt/praxis/pcaps/RQ7_CONFIRM_camouflaged_c2_p1_49.pcap,/opt/praxis/logs/RQ7_CONFIRM_camouflaged_c2_p1_49_browser.json,20465,54,27,27,0,10712,4961,15673,0.185285,32,0,0,0,1832,0,-1377,0,88,687,0,-263,0,-263,0,-216,0,-374,0,-6,0,0.485,14.640691203220284,0.4264591231361954,1,0.0,0.2850898494414764,0.3817651855697422,mawi_day1,10000,14.600565117240919,0.42730838136218746,0.2850898494414764,0.38206242594883943
RQ7_CONFIRM_camouflaged_c2_p1_50,camouflaged_c2_p1,camouflaged,c2,1,none,standard_dns,1,/opt/praxis/pcaps/RQ7_CONFIRM_camouflaged_c2_p1_50.pcap,/opt/praxis/logs/RQ7_CONFIRM_camouflaged_c2_p1_50_browser.json,20529,54,27,27,0,10776,4961,15737,0.181503,36,0,0,0,1832,0,-1377,0,88,687,0,-263,0,-263,0,-216,0,-374,0,-6,0,0.485,14.667466992513896,0.4383540443547558,1,0.0,0.3161728994657601,0.3874825604974525,mawi_day1,10000,14.627414196180322,0.4391882162725516,0.3161728994657601,0.38777452066868107
RQ7_CONFIRM_default_c2_p1_01,default_c2_p1,default,c2,1,none,standard_dns,1,/opt/praxis/pcaps/RQ7_CONFIRM_default_c2_p1_01.pcap,/opt/praxis/logs/RQ7_CONFIRM_default_c2_p1_01_browser.json,20310,54,27,27,0,10557,4961,15518,0.189242,38,0,0,0,1736,0,-1377,0,88,663,0,-263,0,-263,0,-216,0,-374,0,-6,0,0.485,14.66217118091338,0.4360014241916035,1,0.0,0.2098105876639145,0.3813410278502569,mawi_day1,10000,14.622105032261553,0.4368390857489539,0.20981058766391453,0.38163420939532955
RQ7_CONFIRM_default_c2_p1_02,default_c2_p1,default,c2,1,none,standard_dns,1,/opt/praxis/pcaps/RQ7_CONFIRM_default_c2_p1_02.pcap,/opt/praxis/logs/RQ7_CONFIRM_default_c2_p1_02_browser.json,20446,54,27,27,0,10685,4969,15654,0.189728,40,0,0,0,1768,0,-1377,0,88,663,0,-263,0,-263,0,-216,0,-374,0,-6,0,0.485,14.67514040908663,0.4417628957095746,1,0.0,0.2758620689655172,0.3866601169466269,mawi_day1,10000,14.635108396727034,0.4425926471086513,0.27586206896551724,0.38695052993630386
RQ7_CONFIRM_default_c2_p1_03,default_c2_p1,default,c2,1,none,standard_dns,1,/opt/praxis/pcaps/RQ7_CONFIRM_default_c2_p1_03.pcap,/opt/praxis/logs/RQ7_CONFIRM_default_c2_p1_03_browser.json,20030,52,26,26,0,10461,4953,15414,0.196199,34,0,0,0,1768,0,-1377,0,88,663,0,-263,0,-263,0,-582,0,-6,0,6,1988,0.49,15.873357292509477,0.9740607590806736,1,0.0,0.0738222438076736,0.5651123778686195,mawi_day1,10000,15.836831855929947,0.9743157775543261,0.07382224380767363,0.5652016343343977
RQ7_CONFIRM_default_c2_p1_04,default_c2_p1,default,c2,1,none,standard_dns,1,/opt/praxis/pcaps/RQ7_CONFIRM_default_c2_p1_04.pcap,/opt/praxis/logs/RQ7_CONFIRM_default_c2_p1_04_browser.json,20438,55,27,28,0,10589,4969,15558,0.190956,36,0,0,0,1768,0,-1377,0,88,663,0,-263,0,-263,0,-216,0,-374,0,-6,0,0.485,14.653830151156964,0.4322959912444631,1,0.0,0.2719766877124818,0.3831524313211862,mawi_day1,10000,14.613242938196315,0.4329179004191794,0.2719766877124818,0.38337009953233686
RQ7_CONFIRM_default_c2_p1_05,default_c2_p1,default,c2,1,none,standard_dns,1,/opt/praxis/pcaps/RQ7_CONFIRM_default_c2_p1_05.pcap,/opt/praxis/logs/RQ7_CONFIRM_default_c2_p1_05_browser.json,20254,52,26,26,0,10685,4953,15638,0.188936,34,0,0,0,1832,0,-1377,0,88,663,0,-263,0,-263,0,-582,0,-6,0,6,2052,0.49,15.88999109313962,0.9814501863685564,1,0.0,0.1826129188926663,0.5731382111736281,mawi_day1,10000,15.853502792375044,0.9816921189631286,0.18261291889266634,0.5732228875817283
RQ7_CONFIRM_default_c2_p1_06,default_c2_p1,default,c2,1,none,standard_dns,1,/opt/praxis/pcaps/RQ7_CONFIRM_default_c2_p1_06.pcap,/opt/praxis/logs/RQ7_CONFIRM_default_c2_p1_06_browser.json,20318,53,26,27,0,10645,4969,15614,0.192563,32,0,0,0,1800,0,-1377,0,88,663,0,-263,0,-263,0,-216,0,-374,0,-6,0,0.485,14.62004845344297,0.417288753604112,1,0.0,0.2136959689169499,0.3749858622072867,mawi_day1,10000,14.579865235040964,0.4181493638869715,0.21369596891694997,0.37528707580628756
RQ7_CONFIRM_default_c2_p1_07,default_c2_p1,default,c2,1,none,standard_dns,1,/opt/praxis/pcaps/RQ7_CONFIRM_default_c2_p1_07.pcap,/opt/praxis/logs/RQ7_CONFIRM_default_c2_p1_07_browser.json,20222,52,26,26,0,10645,4961,15606,0.188237,32,0,0,0,1768,0,-1377,0,88,663,0,-263,0,-263,0,-216,0,-374,0,-6,0,0.485,14.615824198068406,0.4154121633629601,1,0.0,0.1670713938805245,0.3719978268710622,mawi_day1,10000,14.576146947817728,0.41650414400955743,0.16707139388052453,0.3723800200973713
RQ7_CONFIRM_default_c2_p1_08,default_c2_p1,default,c2,1,none,standard_dns,1,/opt/praxis/pcaps/RQ7_CONFIRM_default_c2_p1_08.pcap,/opt/praxis/logs/RQ7_CONFIRM_default_c2_p1_08_browser.json,20438,55,28,27,0,10589,4969,15558,0.187041,32,0,0,0,1800,0,-1377,0,88,663,0,-263,0,-263,0,-216,0,-374,0,-6,0,0.485,14.628208554329127,0.4209138104086745,1,0.0,0.2719766877124818,0.3791686680286601,mawi_day1,10000,14.588048936122872,0.42177038262017486,0.2719766877124818,0.37946846830268527
RQ7_CONFIRM_default_c2_p1_09,default_c2_p1,default,c2,1,none,standard_dns,1,/opt/praxis/pcaps/RQ7_CONFIRM_default_c2_p1_09.pcap,/opt/praxis/logs/RQ7_CONFIRM_default_c2_p1_09_browser.json,20070,51,25,26,0,10581,4961,15542,0.188315,34,0,0,0,1832,0,-1377,0,88,663,0,-263,0,-263,0,-582,0,-6,0,6,1988,0.49,15.870831907411713,0.9729388777999752,1,0.0,0.0932491500728509,0.565691064733634,mawi_day1,10000,15.834300278538846,0.973195637770873,0.0932491500728509,0.5657809307234481
RQ7_CONFIRM_default_c2_p1_10,default_c2_p1,default,c2,1,none,standard_dns,1,/opt/praxis/pcaps/RQ7_CONFIRM_default_c2_p1_10.pcap,/opt/praxis/logs/RQ7_CONFIRM_default_c2_p1_10_browser.json,20502,55,28,27,0,10653,4969,15622,0.188032,38,0,0,0,1800,0,-1377,0,88,663,0,-263,0,-263,0,-216,0,-374,0,-6,0,0.485,14.667535856480953,0.4383846365981415,1,0.0,0.3030597377367654,0.3868376096961878,mawi_day1,10000,14.627483512312073,0.4392188863824535,0.3030597377367654,0.387129597120697
RQ7_CONFIRM_default_c2_p1_11,default_c2_p1,default,c2,1,none,standard_dns,1,/opt/praxis/pcaps/RQ7_CONFIRM_default_c2_p1_11.pcap,/opt/praxis/logs/RQ7_CONFIRM_default_c2_p1_11_browser.json,20470,55,28,27,0,10621,4969,15590,0.193895,30,0,0,0,1832,0,-1377,0,88,663,0,-263,0,-263,0,-216,0,-374,0,-6,0,0.485,14.61458336316596,0.4148609327998571,1,0.0,0.2875182127246236,0.3778272371161811,mawi_day1,10000,14.574385154443066,0.41572460835083347,0.2875182127246236,0.3781295235590229
RQ7_CONFIRM_default_c2_p1_12,default_c2_p1,default,c2,1,none,standard_dns,1,/opt/praxis/pcaps/RQ7_CONFIRM_default_c2_p1_12.pcap,/opt/praxis/logs/RQ7_CONFIRM_default_c2_p1_12_browser.json,20222,54,28,26,0,10461,4969,15430,0.186845,34,0,0,0,1800,0,-1377,0,88,663,0,-263,0,-263,0,-582,0,-6,0,6,1988,0.49,15.881580511279145,0.9777138554789006,1,0.0,0.1670713938805245,0.5710534191116414,mawi_day1,10000,15.845074714516432,0.9779629715388172,0.16707139388052453,0.5711406097326123
RQ7_CONFIRM_default_c2_p1_13,default_c2_p1,default,c2,1,none,standard_dns,1,/opt/praxis/pcaps/RQ7_CONFIRM_default_c2_p1_13.pcap,/opt/praxis/logs/RQ7_CONFIRM_default_c2_p1_13_browser.json,20502,56,28,28,0,10557,4977,15534,0.186977,34,0,0,0,1736,0,-1377,0,88,663,0,-263,0,-263,0,-216,0,-374,0,-6,0,0.485,14.644319833926035,0.4280711120827346,1,0.0,0.3030597377367654,0.3832278761157954,mawi_day1,10000,14.603706785698472,0.4286984663890545,0.3030597377367654,0.38344745012300735
RQ7_CONFIRM_default_c2_p1_14,default_c2_p1,default,c2,1,none,standard_dns,1,/opt/praxis/pcaps/RQ7_CONFIRM_default_c2_p1_14.pcap,/opt/praxis/logs/RQ7_CONFIRM_default_c2_p1_14_browser.json,20350,54,27,27,0,10589,4969,15558,0.190316,36,0,0,0,1768,0,-1377,0,88,663,0,-263,0,-263,0,-216,0,-374,0,-6,0,0.485,14.650186014561344,0.4306771139355901,1,0.0,0.2292374939290918,0.3804488645739111,mawi_day1,10000,14.610086447294286,0.4315212569478408,0.2292374939290918,0.38074431462819885
RQ7_CONFIRM_default_c2_p1_15,default_c2_p1,default,c2,1,none,standard_dns,1,/opt/praxis/pcaps/RQ7_CONFIRM_default_c2_p1_15.pcap,/opt/praxis/logs/RQ7_CONFIRM_default_c2_p1_15_browser.json,20158,53,26,27,0,10485,4969,15454,0.191367,36,0,0,0,1736,0,-1377,0,88,663,0,-263,0,-263,0,-216,0,-374,0,-6,0,0.485,14.645326723895224,0.4285184145591592,1,0.0,0.1359883438562409,0.3750308622885177,mawi_day1,10000,14.605214665627667,0.4293656536942098,0.1359883438562409,0.3753273959857854
RQ7_CONFIRM_default_c2_p1_16,default_c2_p1,default,c2,1,none,standard_dns,1,/opt/praxis/pcaps/RQ7_CONFIRM_default_c2_p1_16.pcap,/opt/praxis/logs/RQ7_CONFIRM_default_c2_p1_16_browser.json,20390,54,27,27,0,10621,4977,15598,0.190135,36,0,0,0,1736,0,-1377,0,88,663,0,-263,0,-263,0,-216,0,-374,0,-6,0,0.485,14.64974443053241,0.4304809439113213,1,0.0,0.248664400194269,0.3813515503786759,mawi_day1,10000,14.609643238591861,0.4313251516651409,0.24866440019426905,0.38164702309251275
RQ7_CONFIRM_default_c2_p1_17,default_c2_p1,default,c2,1,none,standard_dns,1,/opt/praxis/pcaps/RQ7_CONFIRM_default_c2_p1_17.pcap,/opt/praxis/logs/RQ7_CONFIRM_default_c2_p1_17_browser.json,20342,55,27,28,0,10493,4969,15462,0.18957,32,0,0,0,1736,0,-1377,0,88,663,0,-263,0,-263,0,-216,0,-374,0,-6,0,0.485,14.626498334544696,0.4201540595240539,1,0.0,0.2253521126760563,0.3765715264672216,mawi_day1,10000,14.585836110537254,0.42079128003338223,0.22535211267605634,0.3767945536454866
RQ7_CONFIRM_default_c2_p1_18,default_c2_p1,default,c2,1,none,standard_dns,1,/opt/praxis/pcaps/RQ7_CONFIRM_default_c2_p1_18.pcap,/opt/praxis/logs/RQ7_CONFIRM_default_c2_p1_18_browser.json,20374,54,27,27,0,10621,4961,15582,0.190205,34,0,0,0,1832,0,-1377,0,88,663,0,-263,0,-263,0,-216,0,-374,0,-6,0,0.485,14.638205330557344,0.4253547949253316,1,0.0,0.2408936376881981,0.379168860108276,mawi_day1,10000,14.59807270688794,0.42620557170569634,0.24089363768819816,0.3794666319814036
RQ7_CONFIRM_default_c2_p1_19,default_c2_p1,default,c2,1,none,standard_dns,1,/opt/praxis/pcaps/RQ7_CONFIRM_default_c2_p1_19.pcap,/opt/praxis/logs/RQ7_CONFIRM_default_c2_p1_19_browser.json,20438,54,27,27,0,10685,4961,15646,0.183457,30,0,0,0,1800,0,-1377,0,88,663,0,-263,0,-263,0,-216,0,-374,0,-6,0,0.485,14.610210337625714,0.4129182526525952,1,0.0,0.2719766877124818,0.3763702228140324,mawi_day1,10000,14.570000760359056,0.4137846580822388,0.2719766877124818,0.37667346471440766
RQ7_CONFIRM_default_c2_p1_20,default_c2_p1,default,c2,1,none,standard_dns,1,/opt/praxis/pcaps/RQ7_CONFIRM_default_c2_p1_20.pcap,/opt/praxis/logs/RQ7_CONFIRM_default_c2_p1_20_browser.json,20310,54,27,27,0,10557,4961,15518,0.188362,32,0,0,0,1832,0,-1377,0,88,663,0,-263,0,-263,0,-216,0,-374,0,-6,0,0.485,14.624534483380412,0.4192816350129412,1,0.0,0.2098105876639145,0.3754891016377251,mawi_day1,10000,14.584365036451322,0.4201403781040745,0.20981058766391453,0.3757896617196218
RQ7_CONFIRM_default_c2_p1_21,default_c2_p1,default,c2,1,none,standard_dns,1,/opt/praxis/pcaps/RQ7_CONFIRM_default_c2_p1_21.pcap,/opt/praxis/logs/RQ7_CONFIRM_default_c2_p1_21_browser.json,20158,52,26,26,0,10589,4953,15542,0.189295,30,0,0,0,1800,0,-1377,0,88,663,0,-263,0,-263,0,-582,0,-6,0,6,2020,0.49,15.856282114379155,0.966475253517201,1,0.0,0.1359883438562409,0.5655657559238324,mawi_day1,10000,15.81971684543887,0.9667429479767441,0.1359883438562409,0.5656594489846725
RQ7_CONFIRM_default_c2_p1_22,default_c2_p1,default,c2,1,none,standard_dns,1,/opt/praxis/pcaps/RQ7_CONFIRM_default_c2_p1_22.pcap,/opt/praxis/logs/RQ7_CONFIRM_default_c2_p1_22_browser.json,20134,52,26,26,0,10557,4961,15518,0.183099,32,0,0,0,1736,0,-1377,0,88,663,0,-263,0,-263,0,-582,0,-6,0,6,2052,0.49,15.875900038840031,0.9751903529443352,1,0.0,0.1243322000971345,0.568033233535374,mawi_day1,10000,15.839380838686482,0.9754436186398747,0.12433220009713453,0.5681218765288129
RQ7_CONFIRM_default_c2_p1_23,default_c2_p1,default,c2,1,none,standard_dns,1,/opt/praxis/pcaps/RQ7_CONFIRM_default_c2_p1_23.pcap,/opt/praxis/logs/RQ7_CONFIRM_default_c2_p1_23_browser.json,20462,56,28,28,0,10525,4969,15494,0.182594,34,0,0,0,1736,0,-1377,0,88,663,0,-263,0,-263,0,-216,0,-374,0,-6,0,0.485,14.644287138110393,0.4280565872391522,1,0.0,0.2836328314715881,0.3822514471072827,mawi_day1,10000,14.603674921975255,0.42868436773888086,0.28363283147158813,0.38247117028218774
RQ7_CONFIRM_default_c2_p1_24,default_c2_p1,default,c2,1,none,standard_dns,1,/opt/praxis/pcaps/RQ7_CONFIRM_default_c2_p1_24.pcap,/opt/praxis/logs/RQ7_CONFIRM_default_c2_p1_24_browser.json,20214,54,27,27,0,10453,4969,15422,0.183381,36,0,0,0,1736,0,-1377,0,88,663,0,-263,0,-263,0,-216,0,-374,0,-6,0,0.485,14.649474283340927,0.4303609332731712,1,0.0,0.163186012627489,0.3770356272769843,mawi_day1,10000,14.609374792974059,0.43120637330298184,0.16318601262748908,0.3773315312874181
RQ7_CONFIRM_default_c2_p1_25,default_c2_p1,default,c2,1,none,standard_dns,1,/opt/praxis/pcaps/RQ7_CONFIRM_default_c2_p1_25.pcap,/opt/praxis/logs/RQ7_CONFIRM_default_c2_p1_25_browser.json,20534,56,27,29,0,10589,4977,15566,0.190506,32,0,0,0,1800,0,-1377,0,88,663,0,-263,0,-263,0,-216,0,-374,0,-6,0,0.485,14.631372933573155,0.4223195595128604,1,0.0,0.3186012627489072,0.3819919089669465,mawi_day1,10000,14.590241700096048,0.42274060860288026,0.3186012627489072,0.38213927614845344
RQ7_CONFIRM_default_c2_p1_26,default_c2_p1,default,c2,1,none,standard_dns,1,/opt/praxis/pcaps/RQ7_CONFIRM_default_c2_p1_26.pcap,/opt/praxis/logs/RQ7_CONFIRM_default_c2_p1_26_browser.json,20310,54,27,27,0,10557,4961,15518,0.194178,34,0,0,0,1736,0,-1377,0,88,663,0,-263,0,-263,0,-216,0,-374,0,-6,0,0.485,14.636448940378244,0.4245745332277086,1,0.0,0.2098105876639145,0.3773416160128937,mawi_day1,10000,14.596311648705086,0.42542636134518186,0.20981058766391453,0.37763975585400933
RQ7_CONFIRM_default_c2_p1_27,default_c2_p1,default,c2,1,none,standard_dns,1,/opt/praxis/pcaps/RQ7_CONFIRM_default_c2_p1_27.pcap,/opt/praxis/logs/RQ7_CONFIRM_default_c2_p1_27_browser.json,20406,54,27,27,0,10653,4961,15614,0.189932,30,0,0,0,1736,0,-1377,0,88,663,0,-263,0,-263,0,-216,0,-374,0,-6,0,0.485,14.608999550200384,0.4123803704307565,1,0.0,0.2564351627003399,0.3754048877857818,mawi_day1,10000,14.568786207598368,0.41324725840758086,0.25643516270033995,0.3757082985776703
RQ7_CONFIRM_default_c2_p1_28,default_c2_p1,default,c2,1,none,standard_dns,1,/opt/praxis/pcaps/RQ7_CONFIRM_default_c2_p1_28.pcap,/opt/praxis/logs/RQ7_CONFIRM_default_c2_p1_28_browser.json,20622,57,28,29,0,10589,4977,15566,0.188902,36,0,0,0,1800,0,-1377,0,88,663,0,-263,0,-263,0,-216,0,-374,0,-6,0,0.485,14.662060365392144,0.4359521953199367,1,0.0,0.3613404565322972,0.3889002911885927,mawi_day1,10000,14.621015636266542,0.43635706382924655,0.36134045653229724,0.3890419951668511
RQ7_CONFIRM_default_c2_p1_29,default_c2_p1,default,c2,1,none,standard_dns,1,/opt/praxis/pcaps/RQ7_CONFIRM_default_c2_p1_29.pcap,/opt/praxis/logs/RQ7_CONFIRM_default_c2_p1_29_browser.json,20350,53,26,27,0,10677,4969,15646,0.190608,40,0,0,0,1768,0,-1377,0,88,663,0,-263,0,-263,0,-216,0,-374,0,-6,0,0.485,14.671014055033291,0.4399297973143737,1,0.0,0.2292374939290918,0.3836873037564853,mawi_day1,10000,14.630970729887013,0.44076186553567875,0.2292374939290918,0.3839785276339422
RQ7_CONFIRM_default_c2_p1_30,default_c2_p1,default,c2,1,none,standard_dns,1,/opt/praxis/pcaps/RQ7_CONFIRM_default_c2_p1_30.pcap,/opt/praxis/logs/RQ7_CONFIRM_default_c2_p1_30_browser.json,20342,54,27,27,0,10589,4961,15550,0.193628,32,0,0,0,1768,0,-1377,0,88,663,0,-263,0,-263,0,-216,0,-374,-6,0,0,0.485,14.623483972610394,0.4188149543593258,1,0.0,0.2253521126760563,0.3761028396595668,mawi_day1,10000,14.58331076034428,0.41967389558041485,0.22535211267605634,0.376403469086948
RQ7_CONFIRM_default_c2_p1_31,default_c2_p1,default,c2,1,none,standard_dns,1,/opt/praxis/pcaps/RQ7_CONFIRM_default_c2_p1_31.pcap,/opt/praxis/logs/RQ7_CONFIRM_default_c2_p1_31_browser.json,20318,55,28,27,0,10461,4977,15438,0.186683,34,0,0,0,1768,0,-1377,0,88,663,0,-263,0,-263,0,-216,0,-374,0,-6,0,0.485,14.64102709563992,0.4266083405439683,1,0.0,0.2136959689169499,0.3782477176362364,mawi_day1,10000,14.600903825832122,0.4274582487805556,0.21369596891694997,0.378545185519042
RQ7_CONFIRM_default_c2_p1_32,default_c2_p1,default,c2,1,none,standard_dns,1,/opt/praxis/pcaps/RQ7_CONFIRM_default_c2_p1_32.pcap,/opt/praxis/logs/RQ7_CONFIRM_default_c2_p1_32_browser.json,20630,56,28,28,0,10685,4977,15662,0.186946,32,0,0,0,1768,0,-1377,0,88,663,0,-263,0,-263,0,-216,0,-374,-6,0,0,0.485,14.631543940553666,0.4223955279386158,1,0.0,0.3652258377853327,0.3843497266677821,mawi_day1,10000,14.59089415263807,0.4230292974068264,0.3652258377853327,0.3845715459816558
RQ7_CONFIRM_default_c2_p1_33,default_c2_p1,default,c2,1,none,standard_dns,1,/opt/praxis/pcaps/RQ7_CONFIRM_default_c2_p1_33.pcap,/opt/praxis/logs/RQ7_CONFIRM_default_c2_p1_33_browser.json,20134,52,26,26,0,10549,4969,15518,0.190991,34,0,0,0,1768,0,-1377,0,88,663,0,-263,0,-263,0,-216,0,-374,-6,0,0,0.485,14.629203327082683,0.4213557299130516,1,0.0,0.1243322000971345,0.3719411154744247,mawi_day1,10000,14.5895629115905,0.4224402670007285,0.12433220009713453,0.3723207034551117
RQ7_CONFIRM_default_c2_p1_34,default_c2_p1,default,c2,1,none,standard_dns,1,/opt/praxis/pcaps/RQ7_CONFIRM_default_c2_p1_34.pcap,/opt/praxis/logs/RQ7_CONFIRM_default_c2_p1_34_browser.json,20566,55,28,27,0,10717,4969,15686,0.188795,34,0,0,0,1832,0,-1377,0,88,663,0,-263,0,-263,0,-216,0,-374,0,-6,0,0.485,14.642520463494188,0.4272717567660659,1,0.0,0.334142787761049,0.3845022542561755,mawi_day1,10000,14.602398833306504,0.4281197404475698,0.33414278776104905,0.38479904854470187
RQ7_CONFIRM_default_c2_p1_35,default_c2_p1,default,c2,1,none,standard_dns,1,/opt/praxis/pcaps/RQ7_CONFIRM_default_c2_p1_35.pcap,/opt/praxis/logs/RQ7_CONFIRM_default_c2_p1_35_browser.json,20342,54,27,27,0,10589,4961,15550,0.1877,34,0,0,0,1800,0,-1377,0,88,663,0,-263,0,-263,0,-216,0,-374,0,-6,0,0.485,14.637656751127327,0.4251110930859356,1,0.0,0.2253521126760563,0.3783064882138802,mawi_day1,10000,14.597523190503713,0.4259624287680971,0.22535211267605634,0.3786044557026368
RQ7_CONFIRM_default_c2_p1_36,default_c2_p1,default,c2,1,none,standard_dns,1,/opt/praxis/pcaps/RQ7_CONFIRM_default_c2_p1_36.pcap,/opt/praxis/logs/RQ7_CONFIRM_default_c2_p1_36_browser.json,19878,50,25,25,0,10485,4953,15438,0.184509,32,0,0,0,1768,0,-1377,0,88,663,0,-263,0,-263,0,-582,0,-6,0,6,1988,0.49,15.85370216158046,0.965329130990184,1,0.0,0.0,0.5583651958465643,mawi_day1,10000,15.817626716087977,0.9658181344408324,0.0,0.5585363470542913
RQ7_CONFIRM_default_c2_p1_37,default_c2_p1,default,c2,1,none,standard_dns,1,/opt/praxis/pcaps/RQ7_CONFIRM_default_c2_p1_37.pcap,/opt/praxis/logs/RQ7_CONFIRM_default_c2_p1_37_browser.json,20494,56,28,28,0,10557,4969,15526,0.190411,34,0,0,0,1768,0,-1377,0,88,663,0,-263,0,-263,0,-216,0,-374,0,-6,0,0.485,14.644782143849705,0.4282764894129894,1,0.0,0.29917435648373,0.3831054891187328,mawi_day1,10000,14.604170140895393,0.4289034858333602,0.29917435648373,0.3833249378658626
RQ7_CONFIRM_default_c2_p1_38,default_c2_p1,default,c2,1,none,standard_dns,1,/opt/praxis/pcaps/RQ7_CONFIRM_default_c2_p1_38.pcap,/opt/praxis/logs/RQ7_CONFIRM_default_c2_p1_38_browser.json,20230,52,25,27,0,10645,4969,15614,0.181452,34,0,0,0,1768,0,-1377,0,88,663,0,-263,0,-263,0,-582,0,-6,0,6,2052,0.49,15.888715754180971,0.9808836276660754,1,0.0,0.1709567751335599,0.5723571084398044,mawi_day1,10000,15.85174998900839,0.9809165610874493,0.17095677513355997,0.5723686351372852
RQ7_CONFIRM_default_c2_p1_39,default_c2_p1,default,c2,1,none,standard_dns,1,/opt/praxis/pcaps/RQ7_CONFIRM_default_c2_p1_39.pcap,/opt/praxis/logs/RQ7_CONFIRM_default_c2_p1_39_browser.json,20470,54,27,27,0,10717,4961,15678,0.191269,30,0,0,0,1768,0,-1377,0,88,663,0,-263,0,-263,0,-582,0,-6,0,6,2084,0.5,15.878239494139908,0.976229636462038,1,0.0,0.2875182127246236,0.5810562833979446,mawi_day1,10000,15.841247794315025,0.9762696851392927,0.2875182127246236,0.5810703004349836
RQ7_CONFIRM_default_c2_p1_40,default_c2_p1,default,c2,1,none,standard_dns,1,/opt/praxis/pcaps/RQ7_CONFIRM_default_c2_p1_40.pcap,/opt/praxis/logs/RQ7_CONFIRM_default_c2_p1_40_browser.json,20310,54,27,27,0,10557,4961,15518,0.18514,30,0,0,0,1800,0,-1377,0,88,663,0,-263,0,-263,0,-216,0,-374,0,-6,0,0.485,14.609935748280098,0.4127962686244961,1,0.0,0.2098105876639145,0.3732192234017694,mawi_day1,10000,14.569726409625082,0.4136632669002728,0.20981058766391453,0.3735226727982912
RQ7_CONFIRM_default_c2_p1_41,default_c2_p1,default,c2,1,none,standard_dns,1,/opt/praxis/pcaps/RQ7_CONFIRM_default_c2_p1_41.pcap,/opt/praxis/logs/RQ7_CONFIRM_default_c2_p1_41_browser.json,20254,54,27,27,0,10493,4969,15462,0.186114,34,0,0,0,1736,0,-1377,0,88,663,0,-263,0,-263,0,-216,0,-374,0,-6,0,0.485,14.636454523550888,0.4245770135056195,1,0.0,0.1826129188926663,0.3759826006716001,mawi_day1,10000,14.596318586900313,0.42542943126851374,0.18261291889266634,0.37628094688861313
RQ7_CONFIRM_default_c2_p1_42,default_c2_p1,default,c2,1,none,standard_dns,1,/opt/praxis/pcaps/RQ7_CONFIRM_default_c2_p1_42.pcap,/opt/praxis/logs/RQ7_CONFIRM_default_c2_p1_42_browser.json,20374,54,27,27,0,10621,4961,15582,0.187359,34,0,0,0,1800,0,-1377,0,88,663,0,-263,0,-263,0,-216,0,-374,0,-6,0,0.485,14.637724216298288,0.4251410639258147,1,0.0,0.2408936376881981,0.379094054258445,mawi_day1,10000,14.59759058285971,0.425992247670461,0.24089363768819816,0.3793919685690712
RQ7_CONFIRM_default_c2_p1_43,default_c2_p1,default,c2,1,none,standard_dns,1,/opt/praxis/pcaps/RQ7_CONFIRM_default_c2_p1_43.pcap,/opt/praxis/logs/RQ7_CONFIRM_default_c2_p1_43_browser.json,20470,56,28,28,0,10525,4977,15502,0.182789,36,0,0,0,1736,0,-1377,0,88,663,0,-263,0,-263,0,-216,0,-374,0,-6,0,0.485,14.657367709094206,0.4338675218726794,1,0.0,0.2875182127246236,0.3844795432916689,mawi_day1,10000,14.616791677786676,0.4344881010420205,0.2875182127246236,0.38469674600093834
RQ7_CONFIRM_default_c2_p1_44,default_c2_p1,default,c2,1,none,standard_dns,1,/opt/praxis/pcaps/RQ7_CONFIRM_default_c2_p1_44.pcap,/opt/praxis/logs/RQ7_CONFIRM_default_c2_p1_44_browser.json,20294,52,26,26,0,10717,4961,15678,0.185416,38,0,0,0,1800,0,-1377,0,88,663,0,-263,0,-263,0,-582,0,-6,0,6,2084,0.5,15.92069596850236,0.9950905713245528,1,0.0,0.2020398251578436,0.5833836912214856,mawi_day1,10000,15.884278162720415,0.9953092087647369,0.2020398251578436,0.5834602143255501
RQ7_CONFIRM_default_c2_p1_45,default_c2_p1,default,c2,1,none,standard_dns,1,/opt/praxis/pcaps/RQ7_CONFIRM_default_c2_p1_45.pcap,/opt/praxis/logs/RQ7_CONFIRM_default_c2_p1_45_browser.json,20030,52,26,26,0,10453,4961,15414,0.194644,34,0,0,0,1800,0,-1377,0,88,663,0,-263,0,-263,0,-216,0,-374,0,-6,0,0.485,14.62946556527636,0.4214722270448464,1,0.0,0.0738222438076736,0.3694563916560799,mawi_day1,10000,14.589826498166717,0.4225568953967013,0.07382224380767363,0.3698360255792292
RQ7_CONFIRM_default_c2_p1_46,default_c2_p1,default,c2,1,none,standard_dns,1,/opt/praxis/pcaps/RQ7_CONFIRM_default_c2_p1_46.pcap,/opt/praxis/logs/RQ7_CONFIRM_default_c2_p1_46_browser.json,20310,54,27,27,0,10557,4961,15518,0.183835,34,0,0,0,1736,0,-1377,0,88,663,0,-263,0,-263,0,-582,0,-6,0,6,2052,0.49,15.89560351196873,0.9839434566541032,1,0.0,0.2098105876639145,0.5753707392121318,mawi_day1,10000,15.858654430582565,0.9839715495373167,0.20981058766391453,0.5753805717212566
RQ7_CONFIRM_default_c2_p1_47,default_c2_p1,default,c2,1,none,standard_dns,1,/opt/praxis/pcaps/RQ7_CONFIRM_default_c2_p1_47.pcap,/opt/praxis/logs/RQ7_CONFIRM_default_c2_p1_47_browser.json,20222,52,26,26,0,10653,4953,15606,0.192541,34,0,0,0,1736,0,-1377,0,88,663,0,-263,0,-263,0,-582,0,-6,0,6,2052,0.49,15.888435535666073,0.9807591429264416,1,0.0,0.1670713938805245,0.5721192697182809,mawi_day1,10000,15.851943563474903,0.9810022114261527,0.16707139388052453,0.5722043436931796
RQ7_CONFIRM_default_c2_p1_48,default_c2_p1,default,c2,1,none,standard_dns,1,/opt/praxis/pcaps/RQ7_CONFIRM_default_c2_p1_48.pcap,/opt/praxis/logs/RQ7_CONFIRM_default_c2_p1_48_browser.json,20254,54,27,27,0,10493,4969,15462,0.182903,32,0,0,0,1800,0,-1377,0,88,663,0,-263,0,-263,0,-216,0,-374,0,-6,0,0.485,14.623988438418014,0.4190390590896585,1,0.0,0.1826129188926663,0.3740443166260138,mawi_day1,10000,14.583818553099226,0.4198985771834986,0.18261291889266634,0.3743451479588578
RQ7_CONFIRM_default_c2_p1_49,default_c2_p1,default,c2,1,none,standard_dns,1,/opt/praxis/pcaps/RQ7_CONFIRM_default_c2_p1_49.pcap,/opt/praxis/logs/RQ7_CONFIRM_default_c2_p1_49_browser.json,20230,53,26,27,0,10557,4969,15526,0.188622,38,0,0,0,1800,0,-1377,0,88,663,0,-263,0,-263,0,-582,0,-6,0,6,2020,0.49,15.908874769884108,0.9898391023676092,1,0.0,0.1709567751335599,0.5754915245853411,mawi_day1,10000,15.87195596826884,0.9898570427463602,0.17095677513355997,0.575497803717904
RQ7_CONFIRM_default_c2_p1_50,default_c2_p1,default,c2,1,none,standard_dns,1,/opt/praxis/pcaps/RQ7_CONFIRM_default_c2_p1_50.pcap,/opt/praxis/logs/RQ7_CONFIRM_default_c2_p1_50_browser.json,20126,52,26,26,0,10557,4953,15510,0.182422,30,0,0,0,1800,0,-1377,0,88,663,0,-263,0,-263,0,-582,0,-6,0,6,2084,0.5,15.871296047378532,0.9731450681116468,1,0.0,0.120446818844099,0.5716231147812814,mawi_day1,10000,15.834766426122327,0.9734018927544469,0.12044681884409908,0.5717130034062614
RQ7_CONFIRM_baseline_default_off_01,baseline_default_off,default,off,1,none,standard_dns,1,/opt/praxis/pcaps/RQ7_CONFIRM_baseline_default_off_01.pcap,/opt/praxis/logs/RQ7_CONFIRM_baseline_default_off_01_browser.json,21665,70,36,34,0,10586,4831,15417,1.141853,44,0,0,0,1759,0,-1369,0,80,655,0,-255,0,-255,0,-208,0,-366,0,0,0,1.0,14.544491704778494,0.3837232977723774,1,0.0,0.8678970373967946,0.6276980060901718,mawi_day2,10000,14.511566944704054,0.3821023278747173,0.8678970373967946,0.6271306666259908
RQ7_CONFIRM_baseline_default_off_02,baseline_default_off,default,off,1,none,standard_dns,1,/opt/praxis/pcaps/RQ7_CONFIRM_baseline_default_off_02.pcap,/opt/praxis/logs/RQ7_CONFIRM_baseline_default_off_02_browser.json,21417,69,35,34,0,10426,4831,15257,1.139745,44,0,0,0,1759,0,-1369,0,80,655,0,-255,0,-255,0,-208,0,-366,0,0,0,1.0,14.540383430360755,0.381898231104599,1,0.0,0.7474502185526954,0.6210368918142444,mawi_day2,10000,14.5059423903163,0.37959804199609004,0.7474502185526954,0.6202318256262662
RQ7_CONFIRM_baseline_default_off_03,baseline_default_off,default,off,1,none,standard_dns,1,/opt/praxis/pcaps/RQ7_CONFIRM_baseline_default_off_03.pcap,/opt/praxis/logs/RQ7_CONFIRM_baseline_default_off_03_browser.json,21521,68,35,33,0,10618,4831,15449,1.139794,42,0,0,0,1823,0,-1369,0,80,655,0,-255,0,-255,0,-574,0,0,0,0,0,1.0,13.71123395133492,0.0135554859749097,1,0.0,0.7979601748421564,0.4946424288333262,mawi_day2,10000,13.677595831682494,0.010783653088681395,0.7979601748421564,0.49367228732314633
RQ7_CONFIRM_baseline_default_off_04,baseline_default_off,default,off,1,none,standard_dns,1,/opt/praxis/pcaps/RQ7_CONFIRM_baseline_default_off_04.pcap,/opt/praxis/logs/RQ7_CONFIRM_baseline_default_off_04_browser.json,21337,67,34,33,0,10522,4831,15353,1.145909,40,0,0,0,1823,0,-1369,0,80,655,0,-255,0,-255,0,-208,-366,0,0,0,0,1.0,14.51109764677764,0.3688882658436278,1,0.0,0.708596406022341,0.6145407133463868,mawi_day2,10000,14.481399004694271,0.3686703044742048,0.708596406022341,0.6144644268670888
RQ7_CONFIRM_baseline_default_off_05,baseline_default_off,default,off,1,none,standard_dns,1,/opt/praxis/pcaps/RQ7_CONFIRM_baseline_default_off_05.pcap,/opt/praxis/logs/RQ7_CONFIRM_baseline_default_off_05_browser.json,21369,67,34,33,0,10554,4831,15385,1.147163,44,0,0,0,1727,0,-1369,0,80,655,0,-255,0,-255,0,-574,0,0,0,0,2062,1.0,15.697704002649182,0.8960282491233397,1,0.0,0.7241379310344828,0.7998167837448931,mawi_day2,10000,15.66411643805556,0.8952653665152829,0.7241379310344828,0.7995497748320732
RQ7_CONFIRM_baseline_default_off_06,baseline_default_off,default,off,1,none,standard_dns,1,/opt/praxis/pcaps/RQ7_CONFIRM_baseline_default_off_06.pcap,/opt/praxis/logs/RQ7_CONFIRM_baseline_default_off_06_browser.json,21385,69,35,34,0,10394,4831,15225,1.142792,44,0,0,0,1727,0,-1369,0,80,655,0,-255,0,-255,0,-208,0,-366,0,0,0,1.0,14.539785793095904,0.3816327357309712,1,0.0,0.7319086935405537,0.6201668921828676,mawi_day2,10000,14.50550579654252,0.37940365226367817,0.7319086935405537,0.619386712969315
RQ7_CONFIRM_baseline_default_off_07,baseline_default_off,default,off,1,none,standard_dns,1,/opt/praxis/pcaps/RQ7_CONFIRM_baseline_default_off_07.pcap,/opt/praxis/logs/RQ7_CONFIRM_baseline_default_off_07_browser.json,21305,67,34,33,0,10490,4831,15321,1.144525,38,0,0,0,1791,0,-1369,0,80,655,0,-255,0,-255,0,-574,0,0,0,0,0,1.0,13.680720185874218,0.0,1,0.0,0.6930548810101991,0.4846527440505099,mawi_day2,10000,13.653376055572423,0.0,0.6930548810101991,0.48465274405050995
RQ7_CONFIRM_baseline_default_off_08,baseline_default_off,default,off,1,none,standard_dns,1,/opt/praxis/pcaps/RQ7_CONFIRM_baseline_default_off_08.pcap,/opt/praxis/logs/RQ7_CONFIRM_baseline_default_off_08_browser.json,21209,67,34,33,0,10394,4831,15225,1.144064,42,0,0,0,1727,0,-1369,0,80,655,0,-255,0,-255,0,-574,0,0,0,0,2030,1.0,15.679135826867684,0.887779491797407,1,0.0,0.6464303059737737,0.7930443374277811,mawi_day2,10000,15.648774093741277,0.8884343158110805,0.6464303059737737,0.7932735258325668
RQ7_CONFIRM_baseline_default_off_09,baseline_default_off,default,off,1,none,standard_dns,1,/opt/praxis/pcaps/RQ7_CONFIRM_baseline_default_off_09.pcap,/opt/praxis/logs/RQ7_CONFIRM_baseline_default_off_09_browser.json,21369,67,34,33,0,10554,4831,15385,1.146044,42,0,0,0,1759,0,-1369,0,80,655,0,-255,0,-255,0,-208,-366,0,0,0,0,1.0,14.522000454165932,0.3737317471514154,1,0.0,0.7241379310344828,0.6170130080547196,mawi_day2,10000,14.489034082699309,0.37206975920645197,0.7241379310344828,0.6164313122739824
RQ7_CONFIRM_baseline_default_off_10,baseline_default_off,default,off,1,none,standard_dns,1,/opt/praxis/pcaps/RQ7_CONFIRM_baseline_default_off_10.pcap,/opt/praxis/logs/RQ7_CONFIRM_baseline_default_off_10_browser.json,21569,70,36,34,0,10490,4831,15321,1.141708,46,0,0,0,1759,0,-1369,0,80,655,0,-255,0,-255,0,-208,0,-366,0,0,0,1.0,14.555460552426146,0.388596116914943,1,0.0,0.8212724623603691,0.6270722640382486,mawi_day2,10000,14.51915769240569,0.38548204490951327,0.8212724623603691,0.6259823388363481
RQ7_CONFIRM_baseline_default_off_11,baseline_default_off,default,off,1,none,standard_dns,1,/opt/praxis/pcaps/RQ7_CONFIRM_baseline_default_off_11.pcap,/opt/praxis/logs/RQ7_CONFIRM_baseline_default_off_11_browser.json,21609,69,35,34,0,10618,4831,15449,1.139084,44,0,0,0,1791,0,-1369,0,80,655,0,-255,0,-255,0,-208,0,-366,0,0,0,1.0,14.541297156146651,0.3823041461691156,1,0.0,0.8406993686255464,0.6258414195904678,mawi_day2,10000,14.506689929892712,0.3799308777508657,0.8406993686255464,0.6250107756440804
RQ7_CONFIRM_baseline_default_off_12,baseline_default_off,default,off,1,none,standard_dns,1,/opt/praxis/pcaps/RQ7_CONFIRM_baseline_default_off_12.pcap,/opt/praxis/logs/RQ7_CONFIRM_baseline_default_off_12_browser.json,21937,72,37,35,0,10682,4831,15513,1.144409,42,0,0,0,1823,0,-1369,0,80,655,0,-255,0,-255,0,-208,0,-366,0,0,0,1.0,14.541232783506818,0.3822755491604128,1,0.0,1.0,0.6337964422061445,mawi_day2,10000,14.513409716202794,0.3829228064982114,1.0,0.634022982274374
RQ7_CONFIRM_baseline_default_off_13,baseline_default_off,default,off,1,none,standard_dns,1,/opt/praxis/pcaps/RQ7_CONFIRM_baseline_default_off_13.pcap,/opt/praxis/logs/RQ7_CONFIRM_baseline_default_off_13_browser.json,21545,69,35,34,0,10554,4831,15385,1.14453,44,0,0,0,1759,0,-1369,0,80,655,0,-255,0,-255,0,-208,0,-366,0,0,0,1.0,14.540650295171666,0.3820167835725386,1,0.0,0.8096163186012627,0.6241866901804516,mawi_day2,10000,14.50619328650802,0.3797097514305826,0.8096163186012627,0.623379228930767
RQ7_CONFIRM_baseline_default_off_14,baseline_default_off,default,off,1,none,standard_dns,1,/opt/praxis/pcaps/RQ7_CONFIRM_baseline_default_off_14.pcap,/opt/praxis/logs/RQ7_CONFIRM_baseline_default_off_14_browser.json,21633,70,36,34,0,10554,4831,15385,1.143213,44,0,0,0,1791,0,-1369,0,80,655,0,-255,0,-255,0,-208,0,-366,0,0,0,1.0,14.544963056109124,0.3839326916723161,1,0.0,0.8523555123846528,0.6269942177045432,mawi_day2,10000,14.511864875087714,0.382234978890456,0.8523555123846528,0.6264000182308922
RQ7_CONFIRM_baseline_default_off_15,baseline_default_off,default,off,1,none,standard_dns,1,/opt/praxis/pcaps/RQ7_CONFIRM_baseline_default_off_15.pcap,/opt/praxis/logs/RQ7_CONFIRM_baseline_default_off_15_browser.json,21665,70,36,34,0,10586,4831,15417,1.142199,44,0,0,0,1823,0,-1369,0,80,655,0,-255,0,-255,0,-208,0,-366,0,0,0,1.0,14.545548166129812,0.3841926219221377,1,0.0,0.8678970373967946,0.627862269542588,mawi_day2,10000,14.512287297826424,0.38242305908782526,0.8678970373967946,0.6272429225505786
RQ7_CONFIRM_baseline_default_off_16,baseline_default_off,default,off,1,none,standard_dns,1,/opt/praxis/pcaps/RQ7_CONFIRM_baseline_default_off_16.pcap,/opt/praxis/logs/RQ7_CONFIRM_baseline_default_off_16_browser.json,21305,67,34,33,0,10490,4831,15321,1.14148,42,0,0,0,1791,0,-1369,0,80,655,0,-255,0,-255,0,-574,0,0,0,0,1998,1.0,15.672595428360555,0.8848739742745741,1,0.0,0.6930548810101991,0.794358635046611,mawi_day2,10000,15.641911056699579,0.8853786058715623,0.6930548810101991,0.7945352561055568
RQ7_CONFIRM_baseline_default_off_17,baseline_default_off,default,off,1,none,standard_dns,1,/opt/praxis/pcaps/RQ7_CONFIRM_baseline_default_off_17.pcap,/opt/praxis/logs/RQ7_CONFIRM_baseline_default_off_17_browser.json,21577,69,35,34,0,10586,4831,15417,1.141105,44,0,0,0,1791,0,-1369,0,80,655,0,-255,0,-255,0,-208,0,-366,0,0,0,1.0,14.541238148402684,0.3822779324706852,1,0.0,0.8251578436134046,0.6250551685454101,mawi_day2,10000,14.50662403729284,0.3799015396209463,0.8251578436134046,0.6242234310480014
RQ7_CONFIRM_baseline_default_off_18,baseline_default_off,default,off,1,none,standard_dns,1,/opt/praxis/pcaps/RQ7_CONFIRM_baseline_default_off_18.pcap,/opt/praxis/logs/RQ7_CONFIRM_baseline_default_off_18_browser.json,21625,71,37,34,0,10458,4831,15289,1.142971,42,0,0,0,1823,0,-1369,0,80,655,0,-255,0,-255,0,-208,0,-366,0,0,0,1.0,14.537540459213837,0.3806352648686296,1,0.0,0.8484701311316173,0.6256458492606013,mawi_day2,10000,14.509276490941197,0.38108252246107255,0.8484701311316173,0.6258023894179563
RQ7_CONFIRM_baseline_default_off_19,baseline_default_off,default,off,1,none,standard_dns,1,/opt/praxis/pcaps/RQ7_CONFIRM_baseline_default_off_19.pcap,/opt/praxis/logs/RQ7_CONFIRM_baseline_default_off_19_browser.json,21481,69,35,34,0,10490,4831,15321,1.143154,44,0,0,0,1727,0,-1369,0,80,655,0,-255,0,-255,0,-208,0,-366,0,0,0,1.0,14.53997882689146,0.381718489385718,1,0.0,0.7785332685769791,0.6225281347138503,mawi_day2,10000,14.50569784213675,0.3794891589610136,0.7785332685769791,0.6217478690652037
RQ7_CONFIRM_baseline_default_off_20,baseline_default_off,default,off,1,none,standard_dns,1,/opt/praxis/pcaps/RQ7_CONFIRM_baseline_default_off_20.pcap,/opt/praxis/logs/RQ7_CONFIRM_baseline_default_off_20_browser.json,21545,69,35,34,0,10554,4831,15385,1.141477,44,0,0,0,1823,0,-1369,0,80,655,0,-255,0,-255,0,-208,0,-366,0,0,0,1.0,14.54169913988254,0.3824827240932654,1,0.0,0.8096163186012627,0.624349769362706,mawi_day2,10000,14.506917549435459,0.38003222345175197,0.8096163186012627,0.6234920941381763
RQ7_CONFIRM_baseline_default_off_21,baseline_default_off,default,off,1,none,standard_dns,1,/opt/praxis/pcaps/RQ7_CONFIRM_baseline_default_off_21.pcap,/opt/praxis/logs/RQ7_CONFIRM_baseline_default_off_21_browser.json,21449,69,35,34,0,10458,4831,15289,1.14448,42,0,0,0,1759,0,-1369,0,80,655,0,-255,0,-255,0,-208,0,-366,0,0,0,1.0,14.528943888151566,0.3768163098262908,1,0.0,0.7629917435648373,0.6200352956174436,mawi_day2,10000,14.497973496994089,0.37604995878108055,0.7629917435648373,0.6197670727516201
RQ7_CONFIRM_baseline_default_off_22,baseline_default_off,default,off,1,none,standard_dns,1,/opt/praxis/pcaps/RQ7_CONFIRM_baseline_default_off_22.pcap,/opt/praxis/logs/RQ7_CONFIRM_baseline_default_off_22_browser.json,21569,70,36,34,0,10490,4831,15321,1.139051,42,0,0,0,1759,0,-1369,0,80,655,0,-255,0,-255,0,-208,0,-366,0,0,0,1.0,14.532782276438144,0.3785214818297903,1,0.0,0.8212724623603691,0.6235461417584451,mawi_day2,10000,14.503353444729875,0.37844533559027543,0.8212724623603691,0.6235194905746149
RQ7_CONFIRM_baseline_default_off_23,baseline_default_off,default,off,1,none,standard_dns,1,/opt/praxis/pcaps/RQ7_CONFIRM_baseline_default_off_23.pcap,/opt/praxis/logs/RQ7_CONFIRM_baseline_default_off_23_browser.json,21545,69,35,34,0,10554,4831,15385,1.141934,42,0,0,0,1727,0,-1369,0,80,655,0,-255,0,-255,0,-208,0,-366,0,0,0,1.0,14.528588867586455,0.3766585948993222,1,0.0,0.8096163186012627,0.6223113241448259,mawi_day2,10000,14.497798958175121,0.3759722468292565,0.8096163186012627,0.6220711023203029
RQ7_CONFIRM_baseline_default_off_24,baseline_default_off,default,off,1,none,standard_dns,1,/opt/praxis/pcaps/RQ7_CONFIRM_baseline_default_off_24.pcap,/opt/praxis/logs/RQ7_CONFIRM_baseline_default_off_24_browser.json,21209,67,34,33,0,10394,4831,15225,1.144279,42,0,0,0,1791,0,-1369,0,80,655,0,-255,0,-255,0,-208,0,-366,0,0,0,1.0,14.52220875712026,0.3738242840026785,1,0.0,0.6464303059737737,0.6131600146996261,mawi_day2,10000,14.48907903509488,0.3720897738852476,0.6464303059737737,0.6125529361585254
RQ7_CONFIRM_baseline_default_off_25,baseline_default_off,default,off,1,none,standard_dns,1,/opt/praxis/pcaps/RQ7_CONFIRM_baseline_default_off_25.pcap,/opt/praxis/logs/RQ7_CONFIRM_baseline_default_off_25_browser.json,21577,69,35,34,0,10586,4831,15417,1.144272,46,0,0,0,1823,0,-1369,0,80,655,0,-255,0,-255,0,-208,0,-366,0,0,0,1.0,14.552931922132208,0.3874727939828929,1,0.0,0.8251578436134046,0.6268733700746828,mawi_day2,10000,14.514762854349254,0.38352527995982255,0.8251578436134046,0.6254917401666081
RQ7_CONFIRM_baseline_default_off_26,baseline_default_off,default,off,1,none,standard_dns,1,/opt/praxis/pcaps/RQ7_CONFIRM_baseline_default_off_26.pcap,/opt/praxis/logs/RQ7_CONFIRM_baseline_default_off_26_browser.json,21545,69,36,33,0,10554,4831,15385,1.146769,46,0,0,0,1759,0,-1369,0,80,655,0,-255,0,-255,0,-574,0,0,0,0,2094,1.0,15.723079473142954,0.9073010903866726,1,0.0,0.8096163186012627,0.8080361975653986,mawi_day2,10000,15.689050979842968,0.906367263053824,0.8096163186012627,0.8077093579989015
RQ7_CONFIRM_baseline_default_off_27,baseline_default_off,default,off,1,none,standard_dns,1,/opt/praxis/pcaps/RQ7_CONFIRM_baseline_default_off_27.pcap,/opt/praxis/logs/RQ7_CONFIRM_baseline_default_off_27_browser.json,21593,71,36,35,0,10426,4831,15257,1.140293,42,0,0,0,1727,0,-1369,0,80,655,0,-255,0,-255,0,-208,0,-366,0,0,0,1.0,14.535372103293165,0.3796719908240313,1,0.0,0.8329286061194755,0.6245316270943848,mawi_day2,10000,14.506559468982356,0.37987279111982025,0.8329286061194755,0.6246019071979109
RQ7_CONFIRM_baseline_default_off_28,baseline_default_off,default,off,1,none,standard_dns,1,/opt/praxis/pcaps/RQ7_CONFIRM_baseline_default_off_28.pcap,/opt/praxis/logs/RQ7_CONFIRM_baseline_default_off_28_browser.json,21513,69,35,34,0,10522,4831,15353,1.141719,44,0,0,0,1791,0,-1369,0,80,655,0,-255,0,-255,0,-208,0,-366,0,0,0,1.0,14.541112002550474,0.3822218932272614,1,0.0,0.7940747935891209,0.6234814023089975,mawi_day2,10000,14.506495709870446,0.3798444029076024,0.7940747935891209,0.6226492806971169
RQ7_CONFIRM_baseline_default_off_29,baseline_default_off,default,off,1,none,standard_dns,1,/opt/praxis/pcaps/RQ7_CONFIRM_baseline_default_off_29.pcap,/opt/praxis/logs/RQ7_CONFIRM_baseline_default_off_29_browser.json,21665,70,36,34,0,10586,4831,15417,1.145373,42,0,0,0,1823,0,-1369,0,80,655,0,-255,0,-255,0,-208,0,-366,0,0,0,1.0,14.534045013961054,0.379082442449477,1,0.0,0.8678970373967946,0.6260737067271567,mawi_day2,10000,14.504259442526301,0.37884872354445676,0.8678970373967946,0.6259919051103996
RQ7_CONFIRM_baseline_default_off_30,baseline_default_off,default,off,1,none,standard_dns,1,/opt/praxis/pcaps/RQ7_CONFIRM_baseline_default_off_30.pcap,/opt/praxis/logs/RQ7_CONFIRM_baseline_default_off_30_browser.json,21273,67,34,33,0,10458,4831,15289,1.141588,44,0,0,0,1727,0,-1369,0,80,655,0,-255,0,-255,0,-208,0,-366,0,0,0,1.0,14.532777543832974,0.3785193794093904,1,0.0,0.6775133559980573,0.6163574505931895,mawi_day2,10000,14.496510416093363,0.3753985342261055,0.6775133559980573,0.6152651547790398
RQ7_CONFIRM_baseline_default_off_31,baseline_default_off,default,off,1,none,standard_dns,1,/opt/praxis/pcaps/RQ7_CONFIRM_baseline_default_off_31.pcap,/opt/praxis/logs/RQ7_CONFIRM_baseline_default_off_31_browser.json,21433,67,34,33,0,10618,4831,15449,1.142839,44,0,0,0,1791,0,-1369,0,80,655,0,-255,0,-255,0,-208,0,-366,0,0,0,1.0,14.53417285056848,0.3791392327968139,1,0.0,0.7552209810587663,0.6204597805318232,mawi_day2,10000,14.497561481860444,0.37586651248296793,0.7552209810587663,0.6193143284219771
RQ7_CONFIRM_baseline_default_off_32,baseline_default_off,default,off,1,none,standard_dns,1,/opt/praxis/pcaps/RQ7_CONFIRM_baseline_default_off_32.pcap,/opt/praxis/logs/RQ7_CONFIRM_baseline_default_off_32_browser.json,21577,69,35,34,0,10586,4831,15417,1.146946,40,0,0,0,1791,0,-1369,0,80,655,0,-255,0,-255,0,-574,0,0,0,0,2030,1.0,15.67609181910887,0.8864272167222356,1,0.0,0.8251578436134046,0.8015074180334526,mawi_day2,10000,15.650585207046946,0.8892406988884413,0.8251578436134046,0.8024921367916247
RQ7_CONFIRM_baseline_default_off_33,baseline_default_off,default,off,1,none,standard_dns,1,/opt/praxis/pcaps/RQ7_CONFIRM_baseline_default_off_33.pcap,/opt/praxis/logs/RQ7_CONFIRM_baseline_default_off_33_browser.json,21425,68,35,33,0,10522,4831,15353,1.146236,42,0,0,0,1823,0,-1369,0,80,655,0,-255,0,-255,0,-574,0,0,0,0,1998,1.0,15.67670009873286,0.8866974398752068,1,0.0,0.751335599805731,0.7979108839466089,mawi_day2,10000,15.647267844281789,0.8877636708157544,0.751335599805731,0.7982840647758006
RQ7_CONFIRM_baseline_default_off_34,baseline_default_off,default,off,1,none,standard_dns,1,/opt/praxis/pcaps/RQ7_CONFIRM_baseline_default_off_34.pcap,/opt/praxis/logs/RQ7_CONFIRM_baseline_default_off_34_browser.json,21649,72,36,36,0,10394,4831,15225,1.14966,44,0,0,0,1727,0,-1369,0,80,655,0,-255,0,-255,0,-208,0,-366,0,0,0,1.0,14.550054199643634,0.3861943897530452,1,0.0,0.8601262748907237,0.6281743501581021,mawi_day2,10000,14.518169726713012,0.38504216143392117,0.8601262748907237,0.6277710702464087
RQ7_CONFIRM_baseline_default_off_35,baseline_default_off,default,off,1,none,standard_dns,1,/opt/praxis/pcaps/RQ7_CONFIRM_baseline_default_off_35.pcap,/opt/praxis/logs/RQ7_CONFIRM_baseline_default_off_35_browser.json,21305,67,34,33,0,10490,4831,15321,1.142591,44,0,0,0,1759,0,-1369,0,80,655,0,-255,0,-255,0,-208,0,-366,0,0,0,1.0,14.533384686574143,0.3787890975116451,1,0.0,0.6930548810101991,0.6172289281795857,mawi_day2,10000,14.496942734625689,0.3755910204429566,0.6930548810101991,0.6161096012055448
RQ7_CONFIRM_baseline_default_off_36,baseline_default_off,default,off,1,none,standard_dns,1,/opt/praxis/pcaps/RQ7_CONFIRM_baseline_default_off_36.pcap,/opt/praxis/logs/RQ7_CONFIRM_baseline_default_off_36_browser.json,21545,69,35,34,0,10554,4831,15385,1.144784,40,0,0,0,1727,0,-1369,0,80,655,0,-255,0,-255,0,-574,0,0,0,0,2062,1.0,15.682634841565262,0.8893338999126593,1,0.0,0.8096163186012627,0.8017476808994939,mawi_day2,10000,15.657463396180477,0.8923031551703343,0.8096163186012627,0.8027869202396801
RQ7_CONFIRM_baseline_default_off_37,baseline_default_off,default,off,1,none,standard_dns,1,/opt/praxis/pcaps/RQ7_CONFIRM_baseline_default_off_37.pcap,/opt/praxis/logs/RQ7_CONFIRM_baseline_default_off_37_browser.json,21537,70,36,34,0,10458,4831,15289,1.140335,44,0,0,0,1759,0,-1369,0,80,655,0,-255,0,-255,0,-208,-366,0,0,0,0,1.0,14.544232806609322,0.3836082844186288,1,0.0,0.8057309373482273,0.6245494464139315,mawi_day2,10000,14.511312988019666,0.38198925578141885,0.8057309373482273,0.623982786390908
RQ7_CONFIRM_baseline_default_off_38,baseline_default_off,default,off,1,none,standard_dns,1,/opt/praxis/pcaps/RQ7_CONFIRM_baseline_default_off_38.pcap,/opt/praxis/logs/RQ7_CONFIRM_baseline_default_off_38_browser.json,21537,70,36,34,0,10458,4831,15289,1.143674,48,0,0,0,1759,0,-1369,0,80,655,0,-255,0,-255,0,-208,0,-366,0,0,0,1.0,14.566233748998208,0.3933820196979218,1,0.0,0.8057309373482273,0.627970253761684,mawi_day2,10000,14.526646717253339,0.3888164706929118,0.8057309373482273,0.6263723116099306
RQ7_CONFIRM_baseline_default_off_39,baseline_default_off,default,off,1,none,standard_dns,1,/opt/praxis/pcaps/RQ7_CONFIRM_baseline_default_off_39.pcap,/opt/praxis/logs/RQ7_CONFIRM_baseline_default_off_39_browser.json,21305,67,34,33,0,10490,4831,15321,1.140609,42,0,0,0,1727,0,-1369,0,80,655,0,-255,0,-255,0,-574,0,0,0,0,1998,1.0,15.671598402950986,0.8844310540465388,1,0.0,0.6930548810101991,0.7942036129667985,mawi_day2,10000,15.641232733045614,0.8850765879283344,0.6930548810101991,0.794429549825427
RQ7_CONFIRM_baseline_default_off_40,baseline_default_off,default,off,1,none,standard_dns,1,/opt/praxis/pcaps/RQ7_CONFIRM_baseline_default_off_40.pcap,/opt/praxis/logs/RQ7_CONFIRM_baseline_default_off_40_browser.json,21609,69,35,34,0,10618,4831,15449,1.144017,44,0,0,0,1823,0,-1369,0,80,655,0,-255,0,-255,0,-574,0,0,0,0,2094,1.0,15.713383084350143,0.9029935504844766,1,0.0,0.8406993686255464,0.8080827111008442,mawi_day2,10000,15.68119236004551,0.9028682782049757,0.8406993686255464,0.8080388658030189
RQ7_CONFIRM_baseline_default_off_41,baseline_default_off,default,off,1,none,standard_dns,1,/opt/praxis/pcaps/RQ7_CONFIRM_baseline_default_off_41.pcap,/opt/praxis/logs/RQ7_CONFIRM_baseline_default_off_41_browser.json,21337,67,34,33,0,10522,4831,15353,1.141272,46,0,0,0,1727,0,-1369,0,80,655,0,-255,0,-255,0,-208,0,-366,0,0,0,1.0,14.544074118143376,0.3835377883902941,1,0.0,0.708596406022341,0.61966804623772,mawi_day2,10000,14.50442892403177,0.3789241837696714,0.708596406022341,0.6180532846205021
RQ7_CONFIRM_baseline_default_off_42,baseline_default_off,default,off,1,none,standard_dns,1,/opt/praxis/pcaps/RQ7_CONFIRM_baseline_default_off_42.pcap,/opt/praxis/logs/RQ7_CONFIRM_baseline_default_off_42_browser.json,21609,69,35,34,0,10618,4831,15449,1.144226,40,0,0,0,1823,0,-1369,0,80,655,0,-255,0,-255,0,-574,0,0,0,0,2062,1.0,15.684231932050952,0.8900433940492424,1,0.0,0.8406993686255464,0.8035501563485121,mawi_day2,10000,15.658591945726112,0.8928056324326431,0.8406993686255464,0.8045169397827023
RQ7_CONFIRM_baseline_default_off_43,baseline_default_off,default,off,1,none,standard_dns,1,/opt/praxis/pcaps/RQ7_CONFIRM_baseline_default_off_43.pcap,/opt/praxis/logs/RQ7_CONFIRM_baseline_default_off_43_browser.json,21513,69,35,34,0,10522,4831,15353,1.142944,46,0,0,0,1727,0,-1369,0,80,655,0,-255,0,-255,0,-208,0,-366,0,0,0,1.0,14.55120611823404,0.3867061199856378,1,0.0,0.7940747935891209,0.6250508816744292,mawi_day2,10000,14.513547200777769,0.3829840203572839,0.7940747935891209,0.6237481468045054
RQ7_CONFIRM_baseline_default_off_44,baseline_default_off,default,off,1,none,standard_dns,1,/opt/praxis/pcaps/RQ7_CONFIRM_baseline_default_off_44.pcap,/opt/praxis/logs/RQ7_CONFIRM_baseline_default_off_44_browser.json,21681,72,37,35,0,10426,4831,15257,1.140269,46,0,0,0,1727,0,-1369,0,80,655,0,-255,0,-255,0,-208,0,-366,0,0,0,1.0,14.561778618536485,0.3914028651236335,1,0.0,0.8756677999028655,0.6307743927884151,mawi_day2,10000,14.52761203552044,0.3892462705913614,0.8756677999028655,0.6300195847021198
RQ7_CONFIRM_baseline_default_off_45,baseline_default_off,default,off,1,none,standard_dns,1,/opt/praxis/pcaps/RQ7_CONFIRM_baseline_default_off_45.pcap,/opt/praxis/logs/RQ7_CONFIRM_baseline_default_off_45_browser.json,21513,69,35,34,0,10522,4831,15353,1.145116,40,0,0,0,1759,0,-1369,0,80,655,0,-255,0,-255,0,-208,-366,0,0,0,0,1.0,14.517182460715013,0.3715913937186254,1,0.0,0.7940747935891209,0.619760727480975,mawi_day2,10000,14.489812607706334,0.3724163909654932,0.7940747935891209,0.6200494765173786
RQ7_CONFIRM_baseline_default_off_46,baseline_default_off,default,off,1,none,standard_dns,1,/opt/praxis/pcaps/RQ7_CONFIRM_baseline_default_off_46.pcap,/opt/praxis/logs/RQ7_CONFIRM_baseline_default_off_46_browser.json,21273,67,34,33,0,10458,4831,15289,1.139046,44,0,0,0,1823,0,-1369,0,80,655,0,-255,0,-255,0,-208,0,-366,0,0,0,1.0,14.534368953081486,0.3792263497037098,1,0.0,0.6775133559980573,0.6166048901962013,mawi_day2,10000,14.497603929972124,0.3758854121502706,0.6775133559980573,0.6154355620524976
RQ7_CONFIRM_baseline_default_off_47,baseline_default_off,default,off,1,none,standard_dns,1,/opt/praxis/pcaps/RQ7_CONFIRM_baseline_default_off_47.pcap,/opt/praxis/logs/RQ7_CONFIRM_baseline_default_off_47_browser.json,21457,68,35,33,0,10554,4831,15385,1.144308,40,0,0,0,1823,0,-1369,0,80,655,0,-255,0,-255,0,-574,0,0,0,0,1998,1.0,15.665735373964788,0.881826452287531,1,0.0,0.7668771248178727,0.7969831145415295,mawi_day2,10000,15.639649707755018,0.8843717591352515,0.7668771248178727,0.7978739719382316
RQ7_CONFIRM_baseline_default_off_48,baseline_default_off,default,off,1,none,standard_dns,1,/opt/praxis/pcaps/RQ7_CONFIRM_baseline_default_off_48.pcap,/opt/praxis/logs/RQ7_CONFIRM_baseline_default_off_48_browser.json,21505,70,36,34,0,10426,4831,15257,1.146175,44,0,0,0,1727,0,-1369,0,80,655,0,-255,0,-255,0,-208,0,-366,0,0,0,1.0,14.543641939636275,0.3833457966907051,1,0.0,0.7901894123360855,0.6236804994585511,mawi_day2,10000,14.510873682645581,0.3817936587316113,0.7901894123360855,0.6231372511728682
RQ7_CONFIRM_baseline_default_off_49,baseline_default_off,default,off,1,none,standard_dns,1,/opt/praxis/pcaps/RQ7_CONFIRM_baseline_default_off_49.pcap,/opt/praxis/logs/RQ7_CONFIRM_baseline_default_off_49_browser.json,21481,69,35,34,0,10490,4831,15321,1.1418,42,0,0,0,1727,0,-1369,0,80,655,0,-255,0,-255,0,-208,0,-366,0,0,0,1.0,14.528460722711436,0.3766016676066774,1,0.0,0.7785332685769791,0.620737247091186,mawi_day2,10000,14.497671184337767,0.3759153565950291,0.7785332685769791,0.6204970382371091
RQ7_CONFIRM_baseline_default_off_50,baseline_default_off,default,off,1,none,standard_dns,1,/opt/praxis/pcaps/RQ7_CONFIRM_baseline_default_off_50.pcap,/opt/praxis/logs/RQ7_CONFIRM_baseline_default_off_50_browser.json,21369,67,34,33,0,10554,4831,15385,1.139078,42,0,0,0,1823,0,-1369,0,80,655,0,-255,0,-255,0,-574,0,0,0,0,0,1.0,13.707039104492631,0.0116919602291033,1,0.0,0.7241379310344828,0.4902990826319103,mawi_day2,10000,13.671774888290365,0.008191926645617029,0.7241379310344828,0.4890740708776901
RQ7_CONFIRM_camouflaged_c2_p1_01,camouflaged_c2_p1,camouflaged,c2,1,none,standard_dns,1,/opt/praxis/pcaps/RQ7_CONFIRM_camouflaged_c2_p1_01.pcap,/opt/praxis/logs/RQ7_CONFIRM_camouflaged_c2_p1_01_browser.json,20585,56,28,28,0,10648,4969,15617,0.184586,34,0,0,0,1800,0,-1377,0,88,687,0,-263,0,-263,0,-216,0,-374,0,-6,0,0.485,14.661352238866876,0.4356376160132924,1,0.0,0.3433705682370082,0.3878916940165027,mawi_day2,10000,14.633497055959086,0.43639069184897666,0.34337056823700823,0.38815527055899224
RQ7_CONFIRM_camouflaged_c2_p1_02,camouflaged_c2_p1,camouflaged,c2,1,none,standard_dns,1,/opt/praxis/pcaps/RQ7_CONFIRM_camouflaged_c2_p1_02.pcap,/opt/praxis/logs/RQ7_CONFIRM_camouflaged_c2_p1_02_browser.json,20089,50,26,24,0,10712,4937,15649,0.197929,28,0,0,0,1768,0,-1377,0,88,687,0,-263,0,-263,0,-582,-6,0,0,6,2052,0.485,15.857421077069738,0.966981228199284,1,0.0,0.1024769305488101,0.5618172763971899,mawi_day2,10000,15.839040790047196,0.9731489736992422,0.1024769305488101,0.5639759873221752
RQ7_CONFIRM_camouflaged_c2_p1_03,camouflaged_c2_p1,camouflaged,c2,1,none,standard_dns,1,/opt/praxis/pcaps/RQ7_CONFIRM_camouflaged_c2_p1_03.pcap,/opt/praxis/logs/RQ7_CONFIRM_camouflaged_c2_p1_03_browser.json,20153,52,26,26,0,10584,4953,15537,0.190154,32,0,0,0,1768,0,-1377,0,88,687,0,-263,0,-263,0,-582,0,-6,0,6,2020,0.49,15.883363579751496,0.9785059687859392,1,0.0,0.1335599805730937,0.5696550881037334,mawi_day2,10000,15.85782916060126,0.9815143388139249,0.13355998057309373,0.5707080176135284
RQ7_CONFIRM_camouflaged_c2_p1_04,camouflaged_c2_p1,camouflaged,c2,1,none,standard_dns,1,/opt/praxis/pcaps/RQ7_CONFIRM_camouflaged_c2_p1_04.pcap,/opt/praxis/logs/RQ7_CONFIRM_camouflaged_c2_p1_04_browser.json,20417,53,27,26,0,10736,4977,15713,0.188321,34,0,0,0,1832,0,-1377,0,88,687,0,-263,0,-263,0,-216,0,-374,0,-6,0,0.485,14.65060260575178,0.4308621810996708,1,0.0,0.2617775619232637,0.382140641481048,mawi_day2,10000,14.620030538397646,0.43039483734416056,0.26177756192326374,0.3819770711666194
RQ7_CONFIRM_camouflaged_c2_p1_05,camouflaged_c2_p1,camouflaged,c2,1,none,standard_dns,1,/opt/praxis/pcaps/RQ7_CONFIRM_camouflaged_c2_p1_05.pcap,/opt/praxis/logs/RQ7_CONFIRM_camouflaged_c2_p1_05_browser.json,20897,58,29,29,0,10776,4977,15753,0.183114,34,0,0,0,1768,0,-1377,0,88,687,0,-263,0,-263,0,-216,0,-374,0,-6,0,0.49,14.668729728061004,0.4389150040967078,1,0.0,0.4949004371053909,0.3988652732891173,mawi_day2,10000,14.643094021357264,0.44066366056213474,0.49490043710539094,0.39947730305201673
RQ7_CONFIRM_camouflaged_c2_p1_06,camouflaged_c2_p1,camouflaged,c2,1,none,standard_dns,1,/opt/praxis/pcaps/RQ7_CONFIRM_camouflaged_c2_p1_06.pcap,/opt/praxis/logs/RQ7_CONFIRM_camouflaged_c2_p1_06_browser.json,20193,52,26,26,0,10616,4961,15577,0.189476,30,0,0,0,1768,0,-1377,0,88,687,0,-263,0,-263,0,-216,0,-374,-6,0,0,0.485,14.617456989417038,0.4161375173103396,1,0.0,0.152986886838271,0.3715474754005324,mawi_day2,10000,14.594014300977044,0.4188113248566156,0.152986886838271,0.372483308041729
RQ7_CONFIRM_camouflaged_c2_p1_07,camouflaged_c2_p1,camouflaged,c2,1,none,standard_dns,1,/opt/praxis/pcaps/RQ7_CONFIRM_camouflaged_c2_p1_07.pcap,/opt/praxis/logs/RQ7_CONFIRM_camouflaged_c2_p1_07_browser.json,20441,53,27,26,0,10776,4961,15737,0.183895,30,0,0,0,1800,0,-1377,0,88,687,0,-263,0,-263,0,-216,0,-374,-6,0,0,0.485,14.62249901443906,0.418377394901297,1,0.0,0.2734337056823701,0.3783537734995724,mawi_day2,10000,14.600461682887538,0.42168196781949985,0.2734337056823701,0.3795103740209434
RQ7_CONFIRM_camouflaged_c2_p1_08,camouflaged_c2_p1,camouflaged,c2,1,none,standard_dns,1,/opt/praxis/pcaps/RQ7_CONFIRM_camouflaged_c2_p1_08.pcap,/opt/praxis/logs/RQ7_CONFIRM_camouflaged_c2_p1_08_browser.json,20481,54,27,27,0,10712,4977,15689,0.190767,38,0,0,0,1736,0,-1377,0,88,687,0,-263,0,-263,0,-216,0,-374,0,-6,0,0.485,14.678280841889276,0.4431580068067688,1,0.0,0.2928606119475473,0.3879983329797464,mawi_day2,10000,14.640950424516888,0.43970924196703465,0.29286061194754737,0.3867912652858395
RQ7_CONFIRM_camouflaged_c2_p1_09,camouflaged_c2_p1,camouflaged,c2,1,none,standard_dns,1,/opt/praxis/pcaps/RQ7_CONFIRM_camouflaged_c2_p1_09.pcap,/opt/praxis/logs/RQ7_CONFIRM_camouflaged_c2_p1_09_browser.json,20193,50,25,25,0,10800,4953,15753,0.191965,32,0,0,0,1800,0,-1377,0,88,687,0,-263,0,-263,0,-582,0,-6,0,6,2052,0.49,15.884438583838843,0.9789835303916276,1,0.0,0.152986886838271,0.5707935799789832,mawi_day2,10000,15.856841132156319,0.9810744273984121,0.152986886838271,0.5715253939313578
RQ7_CONFIRM_camouflaged_c2_p1_10,camouflaged_c2_p1,camouflaged,c2,1,none,standard_dns,1,/opt/praxis/pcaps/RQ7_CONFIRM_camouflaged_c2_p1_10.pcap,/opt/praxis/logs/RQ7_CONFIRM_camouflaged_c2_p1_10_browser.json,20313,52,26,26,0,10744,4953,15697,0.189412,34,0,0,0,1832,0,-1377,0,88,687,0,-263,0,-263,0,-582,0,-6,0,6,2084,0.5,15.91206835019258,0.9912578238012848,1,0.0,0.2112676056338028,0.5825036186121398,mawi_day2,10000,15.88246681965985,0.9924840507962986,0.2112676056338028,0.5829327980603947
RQ7_CONFIRM_camouflaged_c2_p1_11,camouflaged_c2_p1,camouflaged,c2,1,none,standard_dns,1,/opt/praxis/pcaps/RQ7_CONFIRM_camouflaged_c2_p1_11.pcap,/opt/praxis/logs/RQ7_CONFIRM_camouflaged_c2_p1_11_browser.json,20497,54,27,27,0,10744,4961,15705,0.187201,36,0,0,0,1768,0,-1377,0,88,687,0,-263,0,-263,0,-582,0,-6,0,6,2084,0.5,15.930372898272443,0.999389466718093,1,0.0,0.3006313744536182,0.5898178820740135,mawi_day2,10000,15.899347426395927,1.0,0.30063137445361826,0.5900315687226809
RQ7_CONFIRM_camouflaged_c2_p1_12,camouflaged_c2_p1,camouflaged,c2,1,none,standard_dns,1,/opt/praxis/pcaps/RQ7_CONFIRM_camouflaged_c2_p1_12.pcap,/opt/praxis/logs/RQ7_CONFIRM_camouflaged_c2_p1_12_browser.json,20649,56,28,28,0,10712,4969,15681,0.200795,34,0,0,0,1800,0,-1377,0,88,687,0,-263,0,-263,0,-216,0,-374,0,-6,0,0.485,14.661269089200632,0.4356006774671135,1,0.0,0.3744536182612918,0.3894329180265543,mawi_day2,10000,14.633449716095315,0.4363696141698993,0.37445361826129187,0.3897020458725293
RQ7_CONFIRM_camouflaged_c2_p1_13,camouflaged_c2_p1,camouflaged,c2,1,none,standard_dns,1,/opt/praxis/pcaps/RQ7_CONFIRM_camouflaged_c2_p1_13.pcap,/opt/praxis/logs/RQ7_CONFIRM_camouflaged_c2_p1_13_browser.json,20353,52,26,26,0,10768,4969,15737,0.187664,34,0,0,0,1768,0,-1377,0,88,687,0,-263,0,-263,0,-216,0,-374,0,-6,0,0.485,14.645483193178194,0.4285879247339528,1,0.0,0.23069451189898,0.3797904992518324,mawi_day2,10000,14.613651536254576,0.42755463990178105,0.23069451189898008,0.3794288495605724
RQ7_CONFIRM_camouflaged_c2_p1_14,camouflaged_c2_p1,camouflaged,c2,1,none,standard_dns,1,/opt/praxis/pcaps/RQ7_CONFIRM_camouflaged_c2_p1_14.pcap,/opt/praxis/logs/RQ7_CONFIRM_camouflaged_c2_p1_14_browser.json,20033,51,25,26,0,10552,4953,15505,0.189224,34,0,0,0,1768,0,-1377,0,88,687,0,-263,0,-263,0,-582,0,-6,0,6,1988,0.49,15.884351864108805,0.9789450058743634,1,0.0,0.0752792617775619,0.5668947151449052,mawi_day2,10000,15.853551938029495,0.9796099411767477,0.07527926177756192,0.5671274425007398
RQ7_CONFIRM_camouflaged_c2_p1_15,camouflaged_c2_p1,camouflaged,c2,1,none,standard_dns,1,/opt/praxis/pcaps/RQ7_CONFIRM_camouflaged_c2_p1_15.pcap,/opt/praxis/logs/RQ7_CONFIRM_camouflaged_c2_p1_15_browser.json,20201,52,26,26,0,10616,4969,15585,0.191309,36,0,0,0,1768,0,-1377,0,88,687,0,-263,0,-263,0,-582,0,-6,0,6,2020,0.49,15.907980998538289,0.9894420518967764,1,0.0,0.1568722680913064,0.5746483315684371,mawi_day2,10000,15.875021895332864,0.9891692604015055,0.15687226809130647,0.5745528545450922
RQ7_CONFIRM_camouflaged_c2_p1_16,camouflaged_c2_p1,camouflaged,c2,1,none,standard_dns,1,/opt/praxis/pcaps/RQ7_CONFIRM_camouflaged_c2_p1_16.pcap,/opt/praxis/logs/RQ7_CONFIRM_camouflaged_c2_p1_16_browser.json,20817,57,28,29,0,10776,4985,15761,0.18772,32,0,0,0,1768,0,-1377,0,88,687,0,-263,0,-263,0,-216,0,-374,-6,0,0,0.485,14.651133318355036,0.4310979457501983,1,0.0,0.4560466245750364,0.3919366122413212,mawi_day2,10000,14.628049475327224,0.43396520205750827,0.4560466245750364,0.3929401519488797
RQ7_CONFIRM_camouflaged_c2_p1_17,camouflaged_c2_p1,camouflaged,c2,1,none,standard_dns,1,/opt/praxis/pcaps/RQ7_CONFIRM_camouflaged_c2_p1_17.pcap,/opt/praxis/logs/RQ7_CONFIRM_camouflaged_c2_p1_17_browser.json,20385,54,27,27,0,10616,4977,15593,0.192556,40,0,0,0,1832,0,-1377,0,88,687,0,-263,0,-263,0,-216,0,-374,0,-6,0,0.485,14.691793783607658,0.4491610185353346,1,0.0,0.2462360369111219,0.3877681583329231,mawi_day2,10000,14.650293042430423,0.44386896458634395,0.2462360369111219,0.38591593945077646
RQ7_CONFIRM_camouflaged_c2_p1_18,camouflaged_c2_p1,camouflaged,c2,1,none,standard_dns,1,/opt/praxis/pcaps/RQ7_CONFIRM_camouflaged_c2_p1_18.pcap,/opt/praxis/logs/RQ7_CONFIRM_camouflaged_c2_p1_18_browser.json,20409,53,26,27,0,10744,4961,15705,0.186782,32,0,0,0,1768,0,-1377,0,88,687,0,-263,0,-263,0,-582,0,-6,0,6,2052,0.49,15.894680133370812,0.9835332534083016,1,0.0,0.2578921806702283,0.5776312477264169,mawi_day2,10000,15.869611273086926,0.9867602260227841,0.2578921806702283,0.5787606881414857
RQ7_CONFIRM_camouflaged_c2_p1_19,camouflaged_c2_p1,camouflaged,c2,1,none,standard_dns,1,/opt/praxis/pcaps/RQ7_CONFIRM_camouflaged_c2_p1_19.pcap,/opt/praxis/logs/RQ7_CONFIRM_camouflaged_c2_p1_19_browser.json,20337,54,27,27,0,10584,4961,15545,0.191449,30,0,0,0,1736,0,-1377,0,88,687,0,-263,0,-263,0,-216,0,-374,0,-6,0,0.485,14.624672396506648,0.4193429017697705,1,0.0,0.2229237493929091,0.3761662030890651,mawi_day2,10000,14.603484523294899,0.4230278622715083,0.22292374939290918,0.37745593926467336
RQ7_CONFIRM_camouflaged_c2_p1_20,camouflaged_c2_p1,camouflaged,c2,1,none,standard_dns,1,/opt/praxis/pcaps/RQ7_CONFIRM_camouflaged_c2_p1_20.pcap,/opt/praxis/logs/RQ7_CONFIRM_camouflaged_c2_p1_20_browser.json,20441,53,26,27,0,10776,4961,15737,0.190748,38,0,0,0,1832,0,-1377,0,88,687,0,-263,0,-263,0,-582,0,-6,0,6,2052,0.49,15.931747225198423,1.0,1,0.0,0.2734337056823701,0.5841716852841186,mawi_day2,10000,15.895443407156952,0.9982617680306656,0.2734337056823701,0.5835633040948515
RQ7_CONFIRM_camouflaged_c2_p1_21,camouflaged_c2_p1,camouflaged,c2,1,none,standard_dns,1,/opt/praxis/pcaps/RQ7_CONFIRM_camouflaged_c2_p1_21.pcap,/opt/praxis/logs/RQ7_CONFIRM_camouflaged_c2_p1_21_browser.json,20577,54,27,27,0,10808,4977,15785,0.185189,36,0,0,0,1800,0,-1377,0,88,687,0,-263,0,-263,0,-216,0,-374,0,-6,0,0.485,14.667017900030745,0.4381545387622827,1,0.0,0.3394851869839728,0.3885783479159976,mawi_day2,10000,14.633147118695412,0.43623488520414566,0.3394851869839728,0.38790646917064964
RQ7_CONFIRM_camouflaged_c2_p1_22,camouflaged_c2_p1,camouflaged,c2,1,none,standard_dns,1,/opt/praxis/pcaps/RQ7_CONFIRM_camouflaged_c2_p1_22.pcap,/opt/praxis/logs/RQ7_CONFIRM_camouflaged_c2_p1_22_browser.json,20473,54,27,27,0,10712,4969,15681,0.190576,36,0,0,0,1736,0,-1377,0,88,687,0,-263,0,-263,0,-216,0,-374,0,-6,0,0.485,14.665674359592613,0.4375576821209981,1,0.0,0.2889752306945119,0.3858439502770749,mawi_day2,10000,14.632148847540513,0.4357904133075459,0.2889752306945119,0.3852254061923666
RQ7_CONFIRM_camouflaged_c2_p1_23,camouflaged_c2_p1,camouflaged,c2,1,none,standard_dns,1,/opt/praxis/pcaps/RQ7_CONFIRM_camouflaged_c2_p1_23.pcap,/opt/praxis/logs/RQ7_CONFIRM_camouflaged_c2_p1_23_browser.json,20497,54,27,27,0,10744,4961,15705,0.185256,34,0,0,0,1832,0,-1377,0,88,687,0,-263,0,-263,0,-582,0,-6,0,6,2052,0.49,15.911925542042368,0.9911943824708532,1,0.0,0.3006313744536182,0.5824496025874796,mawi_day2,10000,15.884218617765152,0.9932640242759513,0.30063137445361826,0.5831739772192639
RQ7_CONFIRM_camouflaged_c2_p1_24,camouflaged_c2_p1,camouflaged,c2,1,none,standard_dns,1,/opt/praxis/pcaps/RQ7_CONFIRM_camouflaged_c2_p1_24.pcap,/opt/praxis/logs/RQ7_CONFIRM_camouflaged_c2_p1_24_browser.json,20649,56,28,28,0,10712,4969,15681,0.195062,32,0,0,0,1768,0,-1377,0,88,687,0,-263,0,-263,0,-216,0,-374,0,-6,0,0.485,14.647268720812882,0.4293811305033619,1,0.0,0.3744536182612918,0.3872560765892412,mawi_day2,10000,14.623710915173199,0.4320334943739707,0.37445361826129187,0.38818440394395437
RQ7_CONFIRM_camouflaged_c2_p1_25,camouflaged_c2_p1,camouflaged,c2,1,none,standard_dns,1,/opt/praxis/pcaps/RQ7_CONFIRM_camouflaged_c2_p1_25.pcap,/opt/praxis/logs/RQ7_CONFIRM_camouflaged_c2_p1_25_browser.json,20249,52,26,26,0,10680,4953,15633,0.18706,32,0,0,0,1832,0,-1377,0,88,687,0,-263,0,-263,0,-582,0,-6,0,6,1988,0.49,15.876895739568004,0.9756326846936108,1,0.0,0.1801845556095191,0.5709806674232397,mawi_day2,10000,15.85103642392335,0.9784899295244075,0.18018455560951918,0.5719807031140186
RQ7_CONFIRM_camouflaged_c2_p1_26,camouflaged_c2_p1,camouflaged,c2,1,none,standard_dns,1,/opt/praxis/pcaps/RQ7_CONFIRM_camouflaged_c2_p1_26.pcap,/opt/praxis/logs/RQ7_CONFIRM_camouflaged_c2_p1_26_browser.json,20473,54,27,27,0,10712,4969,15681,0.187648,32,0,0,0,1832,0,-1377,0,88,687,0,-263,0,-263,0,-582,0,-6,0,6,2020,0.49,15.891852321039266,0.9822770213497144,1,0.0,0.2889752306945119,0.5787457190071257,mawi_day2,10000,15.867926898385758,0.9860102722508662,0.2889752306945119,0.5800523568225288
RQ7_CONFIRM_camouflaged_c2_p1_27,camouflaged_c2_p1,camouflaged,c2,1,none,standard_dns,1,/opt/praxis/pcaps/RQ7_CONFIRM_camouflaged_c2_p1_27.pcap,/opt/praxis/logs/RQ7_CONFIRM_camouflaged_c2_p1_27_browser.json,20345,52,26,26,0,10776,4953,15729,0.186909,30,0,0,0,1832,0,-1377,0,88,687,0,-263,0,-263,0,-582,0,-6,0,6,2052,0.49,15.879251584234192,0.9766792490506948,1,0.0,0.2268091306459446,0.5736781937000404,mawi_day2,10000,15.857357993205692,0.9813045554650863,0.22680913064594463,0.5752970509450774
RQ7_CONFIRM_camouflaged_c2_p1_28,camouflaged_c2_p1,camouflaged,c2,1,none,standard_dns,1,/opt/praxis/pcaps/RQ7_CONFIRM_camouflaged_c2_p1_28.pcap,/opt/praxis/logs/RQ7_CONFIRM_camouflaged_c2_p1_28_browser.json,20441,52,26,26,0,10872,4953,15825,0.186969,32,0,0,0,1832,0,-1377,0,88,687,0,-263,0,-263,0,-582,0,-6,0,6,2084,0.5,15.899846502612808,0.9858283698825788,1,0.0,0.2734337056823701,0.5837116147430211,mawi_day2,10000,15.874023335608802,0.9887246600218953,0.2734337056823701,0.5847253162917819
RQ7_CONFIRM_camouflaged_c2_p1_29,camouflaged_c2_p1,camouflaged,c2,1,none,standard_dns,1,/opt/praxis/pcaps/RQ7_CONFIRM_camouflaged_c2_p1_29.pcap,/opt/praxis/logs/RQ7_CONFIRM_camouflaged_c2_p1_29_browser.json,20689,56,28,28,0,10744,4977,15721,0.19442,38,0,0,0,1800,0,-1377,0,88,687,0,-263,0,-263,0,-216,0,-374,0,-6,0,0.485,14.687054677399123,0.4470557101024527,1,0.0,0.3938805245264691,0.3944135247621819,mawi_day2,10000,14.6514667067155,0.4443915288097009,0.39388052452646916,0.3934810613097187
RQ7_CONFIRM_camouflaged_c2_p1_30,camouflaged_c2_p1,camouflaged,c2,1,none,standard_dns,1,/opt/praxis/pcaps/RQ7_CONFIRM_camouflaged_c2_p1_30.pcap,/opt/praxis/logs/RQ7_CONFIRM_camouflaged_c2_p1_30_browser.json,20561,54,27,27,0,10808,4961,15769,0.19206,34,0,0,0,1768,0,-1377,0,88,687,0,-263,0,-263,0,-216,0,-374,-6,0,0,0.485,14.65330121640383,0.432061016389033,1,0.0,0.3317144244779019,0.3860570769600566,mawi_day2,10000,14.6235583079595,0.43196554728627384,0.3317144244779019,0.38602366277409095
RQ7_CONFIRM_camouflaged_c2_p1_31,camouflaged_c2_p1,camouflaged,c2,1,none,standard_dns,1,/opt/praxis/pcaps/RQ7_CONFIRM_camouflaged_c2_p1_31.pcap,/opt/praxis/logs/RQ7_CONFIRM_camouflaged_c2_p1_31_browser.json,20377,53,26,27,0,10704,4969,15673,0.188454,34,0,0,0,1736,0,-1377,0,88,687,0,-263,0,-263,0,-582,0,-6,0,6,2084,0.5,15.914028310656766,0.9921285199013076,1,0.0,0.2423506556580864,0.584362514748362,mawi_day2,10000,15.885350023777008,0.9937677733559948,0.24235065565808644,0.5849362534575024
RQ7_CONFIRM_camouflaged_c2_p1_32,camouflaged_c2_p1,camouflaged,c2,1,none,standard_dns,1,/opt/praxis/pcaps/RQ7_CONFIRM_camouflaged_c2_p1_32.pcap,/opt/praxis/logs/RQ7_CONFIRM_camouflaged_c2_p1_32_browser.json,20601,56,28,28,0,10648,4985,15633,0.189031,34,0,0,0,1768,0,-1377,0,88,687,0,-263,0,-263,0,-216,0,-374,0,-6,0,0.485,14.660823091478369,0.4354025466963696,1,0.0,0.3511413307430792,0.3881979578808833,mawi_day2,10000,14.633150959542913,0.43623659530942627,0.3511413307430792,0.3884898748954531
RQ7_CONFIRM_camouflaged_c2_p1_33,camouflaged_c2_p1,camouflaged,c2,1,none,standard_dns,1,/opt/praxis/pcaps/RQ7_CONFIRM_camouflaged_c2_p1_33.pcap,/opt/praxis/logs/RQ7_CONFIRM_camouflaged_c2_p1_33_browser.json,20105,51,26,25,0,10608,4969,15577,0.184619,32,0,0,0,1736,0,-1377,0,88,687,0,-263,0,-263,0,-582,0,-6,0,6,2020,0.49,15.879551984297551,0.9768126992750192,1,0.0,0.110247693054881,0.5678968293990008,mawi_day2,10000,15.85370660265119,0.9796788043081768,0.11024769305488101,0.5688999661606059
RQ7_CONFIRM_camouflaged_c2_p1_34,camouflaged_c2_p1,camouflaged,c2,1,none,standard_dns,1,/opt/praxis/pcaps/RQ7_CONFIRM_camouflaged_c2_p1_34.pcap,/opt/praxis/logs/RQ7_CONFIRM_camouflaged_c2_p1_34_browser.json,20217,52,26,26,0,10648,4953,15601,0.188466,34,0,0,0,1736,0,-1377,0,88,687,0,-263,0,-263,0,-582,0,-6,0,6,2052,0.49,15.903030162894227,0.9872426844269188,1,0.0,0.1646430305973773,0.5742670910792904,mawi_day2,10000,15.873874470390668,0.988658379026479,0.16464303059737737,0.5747625841891365
RQ7_CONFIRM_camouflaged_c2_p1_35,camouflaged_c2_p1,camouflaged,c2,1,none,standard_dns,1,/opt/praxis/pcaps/RQ7_CONFIRM_camouflaged_c2_p1_35.pcap,/opt/praxis/logs/RQ7_CONFIRM_camouflaged_c2_p1_35_browser.json,20689,56,28,28,0,10744,4977,15721,0.182962,38,0,0,0,1736,0,-1377,0,88,687,0,-263,0,-263,0,-216,0,-374,-6,0,0,0.485,14.686146221223751,0.4466521360184894,1,0.0,0.3938805245264691,0.3942722738327947,mawi_day2,10000,14.65086768939463,0.44412482134911124,0.39388052452646916,0.39338771369851233
RQ7_CONFIRM_camouflaged_c2_p1_36,camouflaged_c2_p1,camouflaged,c2,1,none,standard_dns,1,/opt/praxis/pcaps/RQ7_CONFIRM_camouflaged_c2_p1_36.pcap,/opt/praxis/logs/RQ7_CONFIRM_camouflaged_c2_p1_36_browser.json,20225,52,26,26,0,10648,4961,15609,0.184936,32,0,0,0,1736,0,-1377,0,88,687,0,-263,0,-263,0,-582,0,-6,0,6,2052,0.49,15.890609305978478,0.9817248222694396,1,0.0,0.1685284118504128,0.5725301083868244,mawi_day2,10000,15.865235137647575,0.9848117882571922,0.1685284118504128,0.5736105464825378
RQ7_CONFIRM_camouflaged_c2_p1_37,camouflaged_c2_p1,camouflaged,c2,1,none,standard_dns,1,/opt/praxis/pcaps/RQ7_CONFIRM_camouflaged_c2_p1_37.pcap,/opt/praxis/logs/RQ7_CONFIRM_camouflaged_c2_p1_37_browser.json,20569,54,27,27,0,10808,4969,15777,0.189214,36,0,0,0,1800,0,-1377,0,88,687,0,-263,0,-263,0,-216,0,-374,0,-6,0,0.485,14.666938233968972,0.4381191477783545,1,0.0,0.3355998057309373,0.3883716920089709,mawi_day2,10000,14.63307363897958,0.43620216897419434,0.33559980573093734,0.38770074942751487
RQ7_CONFIRM_camouflaged_c2_p1_38,camouflaged_c2_p1,camouflaged,c2,1,none,standard_dns,1,/opt/praxis/pcaps/RQ7_CONFIRM_camouflaged_c2_p1_38.pcap,/opt/praxis/logs/RQ7_CONFIRM_camouflaged_c2_p1_38_browser.json,20529,54,27,27,0,10768,4969,15737,0.192467,34,0,0,0,1800,0,-1377,0,88,687,0,-263,0,-263,0,-216,0,-374,-6,0,0,0.485,14.653770689020051,0.4322695756857544,1,0.0,0.3161728994657601,0.385352996463302,mawi_day2,10000,14.623864912884686,0.4321020605691984,0.3161728994657601,0.3852943661725074
RQ7_CONFIRM_camouflaged_c2_p1_39,camouflaged_c2_p1,camouflaged,c2,1,none,standard_dns,1,/opt/praxis/pcaps/RQ7_CONFIRM_camouflaged_c2_p1_39.pcap,/opt/praxis/logs/RQ7_CONFIRM_camouflaged_c2_p1_39_browser.json,20561,54,27,27,0,10808,4961,15769,0.186439,36,0,0,0,1800,0,-1377,0,88,687,0,-263,0,-263,0,-216,0,-374,0,-6,0,0.485,14.666947263942069,0.4381231592686374,1,0.0,0.3317144244779019,0.3881788269679181,mawi_day2,10000,14.633073335374517,0.4362020337965751,0.3317144244779019,0.3875064330526964
RQ7_CONFIRM_camouflaged_c2_p1_40,camouflaged_c2_p1,camouflaged,c2,1,none,standard_dns,1,/opt/praxis/pcaps/RQ7_CONFIRM_camouflaged_c2_p1_40.pcap,/opt/praxis/logs/RQ7_CONFIRM_camouflaged_c2_p1_40_browser.json,20441,53,26,27,0,10776,4961,15737,0.188658,34,0,0,0,1800,0,-1377,0,88,687,0,-263,0,-263,0,-216,0,-374,0,-6,0,0.485,14.649703202780824,0.4304626288263109,1,0.0,0.2734337056823701,0.3825836053733273,mawi_day2,10000,14.618203248659396,0.4295812518452591,0.2734337056823701,0.3822751234299592
RQ7_CONFIRM_camouflaged_c2_p1_41,camouflaged_c2_p1,camouflaged,c2,1,none,standard_dns,1,/opt/praxis/pcaps/RQ7_CONFIRM_camouflaged_c2_p1_41.pcap,/opt/praxis/logs/RQ7_CONFIRM_camouflaged_c2_p1_41_browser.json,20681,56,28,28,0,10744,4969,15713,0.185442,34,0,0,0,1800,0,-1377,0,88,687,0,-263,0,-263,0,-216,0,-374,-6,0,0,0.485,14.66152901593728,0.4357161477533897,1,0.0,0.3899951432734337,0.390250408877358,mawi_day2,10000,14.633675662724396,0.43647021501994415,0.3899951432734337,0.39051433242065214
RQ7_CONFIRM_camouflaged_c2_p1_42,camouflaged_c2_p1,camouflaged,c2,1,none,standard_dns,1,/opt/praxis/pcaps/RQ7_CONFIRM_camouflaged_c2_p1_42.pcap,/opt/praxis/logs/RQ7_CONFIRM_camouflaged_c2_p1_42_browser.json,20601,56,27,29,0,10648,4985,15633,0.183959,38,0,0,0,1768,0,-1377,0,88,687,0,-263,0,-263,0,-216,0,-374,0,-6,0,0.485,14.686044776576376,0.4466070700794305,1,0.0,0.3511413307430792,0.3921195410649546,mawi_day2,10000,14.649516640048313,0.4435232779083231,0.3511413307430792,0.39104021380506704
RQ7_CONFIRM_camouflaged_c2_p1_43,camouflaged_c2_p1,camouflaged,c2,1,none,standard_dns,1,/opt/praxis/pcaps/RQ7_CONFIRM_camouflaged_c2_p1_43.pcap,/opt/praxis/logs/RQ7_CONFIRM_camouflaged_c2_p1_43_browser.json,20537,55,28,27,0,10680,4977,15657,0.187186,36,0,0,0,1736,0,-1377,0,88,687,0,-263,0,-263,0,-216,0,-374,0,-6,0,0.485,14.669756374611357,0.4393710832696449,1,0.0,0.3200582807187955,0.3880327931803155,mawi_day2,10000,14.637805975579086,0.43830920233222465,0.32005828071879555,0.3876611348522184
RQ7_CONFIRM_camouflaged_c2_p1_44,camouflaged_c2_p1,camouflaged,c2,1,none,standard_dns,1,/opt/praxis/pcaps/RQ7_CONFIRM_camouflaged_c2_p1_44.pcap,/opt/praxis/logs/RQ7_CONFIRM_camouflaged_c2_p1_44_browser.json,20481,52,27,25,0,10904,4961,15865,0.187357,30,0,0,0,1832,0,-1377,0,88,687,0,-263,0,-263,0,-582,0,-6,0,6,2084,0.5,15.887268618997748,0.980240749922742,1,0.0,0.2928606119475473,0.582727293070337,mawi_day2,10000,15.866389702115478,0.9853258484464277,0.29286061194754737,0.5845070775536271
RQ7_CONFIRM_camouflaged_c2_p1_45,camouflaged_c2_p1,camouflaged,c2,1,none,standard_dns,1,/opt/praxis/pcaps/RQ7_CONFIRM_camouflaged_c2_p1_45.pcap,/opt/praxis/logs/RQ7_CONFIRM_camouflaged_c2_p1_45_browser.json,20625,56,28,28,0,10680,4977,15657,0.190874,38,0,0,0,1768,0,-1377,0,88,687,0,-263,0,-263,0,-216,0,-374,0,-6,0,0.485,14.686450722668043,0.4467874082471096,1,0.0,0.3627974745021855,0.3927654666115976,mawi_day2,10000,14.651021333783127,0.44419323023022755,0.3627974745021855,0.3918575043056889
RQ7_CONFIRM_camouflaged_c2_p1_46,camouflaged_c2_p1,camouflaged,c2,1,none,standard_dns,1,/opt/praxis/pcaps/RQ7_CONFIRM_camouflaged_c2_p1_46.pcap,/opt/praxis/logs/RQ7_CONFIRM_camouflaged_c2_p1_46_browser.json,20289,52,26,26,0,10704,4969,15673,0.181052,38,0,0,0,1800,0,-1377,0,88,687,0,-263,0,-263,0,-216,0,-374,0,-6,0,0.485,14.671612880479875,0.4401958205278327,1,0.0,0.1996114618746964,0.3822991102784762,mawi_day2,10000,14.63183813862616,0.4356520727577108,0.19961146187469644,0.38070879855893364
RQ7_CONFIRM_camouflaged_c2_p1_47,camouflaged_c2_p1,camouflaged,c2,1,none,standard_dns,1,/opt/praxis/pcaps/RQ7_CONFIRM_camouflaged_c2_p1_47.pcap,/opt/praxis/logs/RQ7_CONFIRM_camouflaged_c2_p1_47_browser.json,20513,54,26,28,0,10744,4977,15721,0.181752,34,0,0,0,1800,0,-1377,0,88,687,0,-263,0,-263,0,-582,0,-6,0,6,2052,0.49,15.911136890563249,0.990844030624632,1,0.0,0.3084021369596891,0.5827155175666057,mawi_day2,10000,15.882579045425608,0.9925340183814672,0.30840213695968915,0.5833070132814979
RQ7_CONFIRM_camouflaged_c2_p1_48,camouflaged_c2_p1,camouflaged,c2,1,none,standard_dns,1,/opt/praxis/pcaps/RQ7_CONFIRM_camouflaged_c2_p1_48.pcap,/opt/praxis/logs/RQ7_CONFIRM_camouflaged_c2_p1_48_browser.json,20401,54,27,27,0,10640,4969,15609,0.190794,36,0,0,0,1800,0,-1377,0,88,687,0,-263,0,-263,0,-216,0,-374,0,-6,0,0.485,14.666589187869748,0.4379640869580595,1,0.0,0.2540067994171928,0.3842377704061804,mawi_day2,10000,14.632728321098423,0.43604841907085934,0.2540067994171928,0.38356728664566037
RQ7_CONFIRM_camouflaged_c2_p1_49,camouflaged_c2_p1,camouflaged,c2,1,none,standard_dns,1,/opt/praxis/pcaps/RQ7_CONFIRM_camouflaged_c2_p1_49.pcap,/opt/praxis/logs/RQ7_CONFIRM_camouflaged_c2_p1_49_browser.json,20465,54,27,27,0,10712,4961,15673,0.185285,32,0,0,0,1832,0,-1377,0,88,687,0,-263,0,-263,0,-216,0,-374,0,-6,0,0.485,14.640691203220284,0.4264591231361954,1,0.0,0.2850898494414764,0.3817651855697422,mawi_day2,10000,14.614709211798242,0.4280255611064796,0.2850898494414764,0.3823134388593417
RQ7_CONFIRM_camouflaged_c2_p1_50,camouflaged_c2_p1,camouflaged,c2,1,none,standard_dns,1,/opt/praxis/pcaps/RQ7_CONFIRM_camouflaged_c2_p1_50.pcap,/opt/praxis/logs/RQ7_CONFIRM_camouflaged_c2_p1_50_browser.json,20529,54,27,27,0,10776,4961,15737,0.181503,36,0,0,0,1832,0,-1377,0,88,687,0,-263,0,-263,0,-216,0,-374,0,-6,0,0.485,14.667466992513896,0.4383540443547558,1,0.0,0.3161728994657601,0.3874825604974525,mawi_day2,10000,14.63341754788076,0.4363552915409592,0.3161728994657601,0.3867829970126237
RQ7_CONFIRM_default_c2_p1_01,default_c2_p1,default,c2,1,none,standard_dns,1,/opt/praxis/pcaps/RQ7_CONFIRM_default_c2_p1_01.pcap,/opt/praxis/logs/RQ7_CONFIRM_default_c2_p1_01_browser.json,20310,54,27,27,0,10557,4961,15518,0.189242,38,0,0,0,1736,0,-1377,0,88,663,0,-263,0,-263,0,-216,0,-374,0,-6,0,0.485,14.66217118091338,0.4360014241916035,1,0.0,0.2098105876639145,0.3813410278502569,mawi_day2,10000,14.624790997703085,0.43251439210219544,0.20981058766391453,0.3801205666189641
RQ7_CONFIRM_default_c2_p1_02,default_c2_p1,default,c2,1,none,standard_dns,1,/opt/praxis/pcaps/RQ7_CONFIRM_default_c2_p1_02.pcap,/opt/praxis/logs/RQ7_CONFIRM_default_c2_p1_02_browser.json,20446,54,27,27,0,10685,4969,15654,0.189728,40,0,0,0,1768,0,-1377,0,88,663,0,-263,0,-263,0,-216,0,-374,0,-6,0,0.485,14.67514040908663,0.4417628957095746,1,0.0,0.2758620689655172,0.3866601169466269,mawi_day2,10000,14.633915827012085,0.436577146163773,0.27586206896551724,0.3848451046055964
RQ7_CONFIRM_default_c2_p1_03,default_c2_p1,default,c2,1,none,standard_dns,1,/opt/praxis/pcaps/RQ7_CONFIRM_default_c2_p1_03.pcap,/opt/praxis/logs/RQ7_CONFIRM_default_c2_p1_03_browser.json,20030,52,26,26,0,10461,4953,15414,0.196199,34,0,0,0,1768,0,-1377,0,88,663,0,-263,0,-263,0,-582,0,-6,0,6,1988,0.49,15.873357292509477,0.9740607590806736,1,0.0,0.0738222438076736,0.5651123778686195,mawi_day2,10000,15.844006277146303,0.9753598153705169,0.07382224380767363,0.5655670475700645
RQ7_CONFIRM_default_c2_p1_04,default_c2_p1,default,c2,1,none,standard_dns,1,/opt/praxis/pcaps/RQ7_CONFIRM_default_c2_p1_04.pcap,/opt/praxis/logs/RQ7_CONFIRM_default_c2_p1_04_browser.json,20438,55,27,28,0,10589,4969,15558,0.190956,36,0,0,0,1768,0,-1377,0,88,663,0,-263,0,-263,0,-216,0,-374,0,-6,0,0.485,14.653830151156964,0.4322959912444631,1,0.0,0.2719766877124818,0.3831524313211862,mawi_day2,10000,14.6205934040368,0.4306454485703167,0.2719766877124818,0.3825747413852349
RQ7_CONFIRM_default_c2_p1_05,default_c2_p1,default,c2,1,none,standard_dns,1,/opt/praxis/pcaps/RQ7_CONFIRM_default_c2_p1_05.pcap,/opt/praxis/logs/RQ7_CONFIRM_default_c2_p1_05_browser.json,20254,52,26,26,0,10685,4953,15638,0.188936,34,0,0,0,1832,0,-1377,0,88,663,0,-263,0,-263,0,-582,0,-6,0,6,2052,0.49,15.88999109313962,0.9814501863685564,1,0.0,0.1826129188926663,0.5731382111736281,mawi_day2,10000,15.860347647327485,0.9826356740005361,0.18261291889266634,0.5735531318448209
RQ7_CONFIRM_default_c2_p1_06,default_c2_p1,default,c2,1,none,standard_dns,1,/opt/praxis/pcaps/RQ7_CONFIRM_default_c2_p1_06.pcap,/opt/praxis/logs/RQ7_CONFIRM_default_c2_p1_06_browser.json,20318,53,26,27,0,10645,4969,15614,0.192563,32,0,0,0,1800,0,-1377,0,88,663,0,-263,0,-263,0,-216,0,-374,0,-6,0,0.485,14.62004845344297,0.417288753604112,1,0.0,0.2136959689169499,0.3749858622072867,mawi_day2,10000,14.592638499217074,0.4181987606103201,0.21369596891694997,0.37530436465945954
RQ7_CONFIRM_default_c2_p1_07,default_c2_p1,default,c2,1,none,standard_dns,1,/opt/praxis/pcaps/RQ7_CONFIRM_default_c2_p1_07.pcap,/opt/praxis/logs/RQ7_CONFIRM_default_c2_p1_07_browser.json,20222,52,26,26,0,10645,4961,15606,0.188237,32,0,0,0,1768,0,-1377,0,88,663,0,-263,0,-263,0,-216,0,-374,0,-6,0,0.485,14.615824198068406,0.4154121633629601,1,0.0,0.1670713938805245,0.3719978268710622,mawi_day2,10000,14.58806959142546,0.4161644925644464,0.16707139388052453,0.37226114209158245
RQ7_CONFIRM_default_c2_p1_08,default_c2_p1,default,c2,1,none,standard_dns,1,/opt/praxis/pcaps/RQ7_CONFIRM_default_c2_p1_08.pcap,/opt/praxis/logs/RQ7_CONFIRM_default_c2_p1_08_browser.json,20438,55,28,27,0,10589,4969,15558,0.187041,32,0,0,0,1800,0,-1377,0,88,663,0,-263,0,-263,0,-216,0,-374,0,-6,0,0.485,14.628208554329127,0.4209138104086745,1,0.0,0.2719766877124818,0.3791686680286601,mawi_day2,10000,14.60395169315812,0.42323586575244737,0.2719766877124818,0.37998138739898063
RQ7_CONFIRM_default_c2_p1_09,default_c2_p1,default,c2,1,none,standard_dns,1,/opt/praxis/pcaps/RQ7_CONFIRM_default_c2_p1_09.pcap,/opt/praxis/logs/RQ7_CONFIRM_default_c2_p1_09_browser.json,20070,51,25,26,0,10581,4961,15542,0.188315,34,0,0,0,1832,0,-1377,0,88,663,0,-263,0,-263,0,-582,0,-6,0,6,1988,0.49,15.870831907411713,0.9729388777999752,1,0.0,0.0932491500728509,0.565691064733634,mawi_day2,10000,15.83969867762811,0.9734418926515763,0.0932491500728509,0.5658671199316943
RQ7_CONFIRM_default_c2_p1_10,default_c2_p1,default,c2,1,none,standard_dns,1,/opt/praxis/pcaps/RQ7_CONFIRM_default_c2_p1_10.pcap,/opt/praxis/logs/RQ7_CONFIRM_default_c2_p1_10_browser.json,20502,55,28,27,0,10653,4969,15622,0.188032,38,0,0,0,1800,0,-1377,0,88,663,0,-263,0,-263,0,-216,0,-374,0,-6,0,0.485,14.667535856480953,0.4383846365981415,1,0.0,0.3030597377367654,0.3868376096961878,mawi_day2,10000,14.631401833252053,0.4354578114328449,0.3030597377367654,0.385813220888334
RQ7_CONFIRM_default_c2_p1_11,default_c2_p1,default,c2,1,none,standard_dns,1,/opt/praxis/pcaps/RQ7_CONFIRM_default_c2_p1_11.pcap,/opt/praxis/logs/RQ7_CONFIRM_default_c2_p1_11_browser.json,20470,55,28,27,0,10621,4969,15590,0.193895,30,0,0,0,1832,0,-1377,0,88,663,0,-263,0,-263,0,-216,0,-374,0,-6,0,0.485,14.61458336316596,0.4148609327998571,1,0.0,0.2875182127246236,0.3778272371161811,mawi_day2,10000,14.594459247119623,0.4190094334114972,0.2875182127246236,0.3792792123302552
RQ7_CONFIRM_default_c2_p1_12,default_c2_p1,default,c2,1,none,standard_dns,1,/opt/praxis/pcaps/RQ7_CONFIRM_default_c2_p1_12.pcap,/opt/praxis/logs/RQ7_CONFIRM_default_c2_p1_12_browser.json,20222,54,28,26,0,10461,4969,15430,0.186845,34,0,0,0,1800,0,-1377,0,88,663,0,-263,0,-263,0,-582,0,-6,0,6,1988,0.49,15.881580511279145,0.9777138554789006,1,0.0,0.1670713938805245,0.5710534191116414,mawi_day2,10000,15.854982932905006,0.9802470796969001,0.16707139388052453,0.5719400475879413
RQ7_CONFIRM_default_c2_p1_13,default_c2_p1,default,c2,1,none,standard_dns,1,/opt/praxis/pcaps/RQ7_CONFIRM_default_c2_p1_13.pcap,/opt/praxis/logs/RQ7_CONFIRM_default_c2_p1_13_browser.json,20502,56,28,28,0,10557,4977,15534,0.186977,34,0,0,0,1736,0,-1377,0,88,663,0,-263,0,-263,0,-216,0,-374,0,-6,0,0.485,14.644319833926035,0.4280711120827346,1,0.0,0.3030597377367654,0.3832278761157954,mawi_day2,10000,14.616779861623078,0.42894750065198517,0.3030597377367654,0.38353461211503304
RQ7_CONFIRM_default_c2_p1_14,default_c2_p1,default,c2,1,none,standard_dns,1,/opt/praxis/pcaps/RQ7_CONFIRM_default_c2_p1_14.pcap,/opt/praxis/logs/RQ7_CONFIRM_default_c2_p1_14_browser.json,20350,54,27,27,0,10589,4969,15558,0.190316,36,0,0,0,1768,0,-1377,0,88,663,0,-263,0,-263,0,-216,0,-374,0,-6,0,0.485,14.650186014561344,0.4306771139355901,1,0.0,0.2292374939290918,0.3804488645739111,mawi_day2,10000,14.616454325020177,0.42880255819762897,0.2292374939290918,0.37979277006562473
RQ7_CONFIRM_default_c2_p1_15,default_c2_p1,default,c2,1,none,standard_dns,1,/opt/praxis/pcaps/RQ7_CONFIRM_default_c2_p1_15.pcap,/opt/praxis/logs/RQ7_CONFIRM_default_c2_p1_15_browser.json,20158,53,26,27,0,10485,4969,15454,0.191367,36,0,0,0,1736,0,-1377,0,88,663,0,-263,0,-263,0,-216,0,-374,0,-6,0,0.485,14.645326723895224,0.4285184145591592,1,0.0,0.1359883438562409,0.3750308622885177,mawi_day2,10000,14.61018228721217,0.4260099857323322,0.1359883438562409,0.3741529121991283
RQ7_CONFIRM_default_c2_p1_16,default_c2_p1,default,c2,1,none,standard_dns,1,/opt/praxis/pcaps/RQ7_CONFIRM_default_c2_p1_16.pcap,/opt/praxis/logs/RQ7_CONFIRM_default_c2_p1_16_browser.json,20390,54,27,27,0,10621,4977,15598,0.190135,36,0,0,0,1736,0,-1377,0,88,663,0,-263,0,-263,0,-216,0,-374,0,-6,0,0.485,14.64974443053241,0.4304809439113213,1,0.0,0.248664400194269,0.3813515503786759,mawi_day2,10000,14.61618480556359,0.42868255690995066,0.24866440019426905,0.3807221149281962
RQ7_CONFIRM_default_c2_p1_17,default_c2_p1,default,c2,1,none,standard_dns,1,/opt/praxis/pcaps/RQ7_CONFIRM_default_c2_p1_17.pcap,/opt/praxis/logs/RQ7_CONFIRM_default_c2_p1_17_browser.json,20342,55,27,28,0,10493,4969,15462,0.18957,32,0,0,0,1736,0,-1377,0,88,663,0,-263,0,-263,0,-216,0,-374,0,-6,0,0.485,14.626498334544696,0.4201540595240539,1,0.0,0.2253521126760563,0.3765715264672216,mawi_day2,10000,14.601495402427302,0.42214222281348285,0.22535211267605634,0.3772673836185218
RQ7_CONFIRM_default_c2_p1_18,default_c2_p1,default,c2,1,none,standard_dns,1,/opt/praxis/pcaps/RQ7_CONFIRM_default_c2_p1_18.pcap,/opt/praxis/logs/RQ7_CONFIRM_default_c2_p1_18_browser.json,20374,54,27,27,0,10621,4961,15582,0.190205,34,0,0,0,1832,0,-1377,0,88,663,0,-263,0,-263,0,-216,0,-374,0,-6,0,0.485,14.638205330557344,0.4253547949253316,1,0.0,0.2408936376881981,0.379168860108276,mawi_day2,10000,14.60809484263302,0.4250805684626969,0.24089363768819816,0.3790728808463538
RQ7_CONFIRM_default_c2_p1_19,default_c2_p1,default,c2,1,none,standard_dns,1,/opt/praxis/pcaps/RQ7_CONFIRM_default_c2_p1_19.pcap,/opt/praxis/logs/RQ7_CONFIRM_default_c2_p1_19_browser.json,20438,54,27,27,0,10685,4961,15646,0.183457,30,0,0,0,1800,0,-1377,0,88,663,0,-263,0,-263,0,-216,0,-374,0,-6,0,0.485,14.610210337625714,0.4129182526525952,1,0.0,0.2719766877124818,0.3763702228140324,mawi_day2,10000,14.588643100478926,0.41641984268195703,0.2719766877124818,0.37759577932430904
RQ7_CONFIRM_default_c2_p1_20,default_c2_p1,default,c2,1,none,standard_dns,1,/opt/praxis/pcaps/RQ7_CONFIRM_default_c2_p1_20.pcap,/opt/praxis/logs/RQ7_CONFIRM_default_c2_p1_20_browser.json,20310,54,27,27,0,10557,4961,15518,0.188362,32,0,0,0,1832,0,-1377,0,88,663,0,-263,0,-263,0,-216,0,-374,0,-6,0,0.485,14.624534483380412,0.4192816350129412,1,0.0,0.2098105876639145,0.3754891016377251,mawi_day2,10000,14.598531639731455,0.4208226322192534,0.20981058766391453,0.3760284506599344
RQ7_CONFIRM_default_c2_p1_21,default_c2_p1,default,c2,1,none,standard_dns,1,/opt/praxis/pcaps/RQ7_CONFIRM_default_c2_p1_21.pcap,/opt/praxis/logs/RQ7_CONFIRM_default_c2_p1_21_browser.json,20158,52,26,26,0,10589,4953,15542,0.189295,30,0,0,0,1800,0,-1377,0,88,663,0,-263,0,-263,0,-582,0,-6,0,6,2020,0.49,15.856282114379155,0.966475253517201,1,0.0,0.1359883438562409,0.5655657559238324,mawi_day2,10000,15.834515458572644,0.9711341076446974,0.1359883438562409,0.5671963548684562
RQ7_CONFIRM_default_c2_p1_22,default_c2_p1,default,c2,1,none,standard_dns,1,/opt/praxis/pcaps/RQ7_CONFIRM_default_c2_p1_22.pcap,/opt/praxis/logs/RQ7_CONFIRM_default_c2_p1_22_browser.json,20134,52,26,26,0,10557,4961,15518,0.183099,32,0,0,0,1736,0,-1377,0,88,663,0,-263,0,-263,0,-582,0,-6,0,6,2052,0.49,15.875900038840031,0.9751903529443352,1,0.0,0.1243322000971345,0.568033233535374,mawi_day2,10000,15.850498702014686,0.9782505133343129,0.12433220009713453,0.5691042896718662
RQ7_CONFIRM_default_c2_p1_23,default_c2_p1,default,c2,1,none,standard_dns,1,/opt/praxis/pcaps/RQ7_CONFIRM_default_c2_p1_23.pcap,/opt/praxis/logs/RQ7_CONFIRM_default_c2_p1_23_browser.json,20462,56,28,28,0,10525,4969,15494,0.182594,34,0,0,0,1736,0,-1377,0,88,663,0,-263,0,-263,0,-216,0,-374,0,-6,0,0.485,14.644287138110393,0.4280565872391522,1,0.0,0.2836328314715881,0.3822514471072827,mawi_day2,10000,14.616733961170082,0.42892706385853707,0.28363283147158813,0.38255611392406735
RQ7_CONFIRM_default_c2_p1_24,default_c2_p1,default,c2,1,none,standard_dns,1,/opt/praxis/pcaps/RQ7_CONFIRM_default_c2_p1_24.pcap,/opt/praxis/logs/RQ7_CONFIRM_default_c2_p1_24_browser.json,20214,54,27,27,0,10453,4969,15422,0.183381,36,0,0,0,1736,0,-1377,0,88,663,0,-263,0,-263,0,-216,0,-374,0,-6,0,0.485,14.649474283340927,0.4303609332731712,1,0.0,0.163186012627489,0.3770356272769843,mawi_day2,10000,14.615896056611232,0.42855399384983855,0.16318601262748908,0.3764031984788179
RQ7_CONFIRM_default_c2_p1_25,default_c2_p1,default,c2,1,none,standard_dns,1,/opt/praxis/pcaps/RQ7_CONFIRM_default_c2_p1_25.pcap,/opt/praxis/logs/RQ7_CONFIRM_default_c2_p1_25_browser.json,20534,56,27,29,0,10589,4977,15566,0.190506,32,0,0,0,1800,0,-1377,0,88,663,0,-263,0,-263,0,-216,0,-374,0,-6,0,0.485,14.631372933573155,0.4223195595128604,1,0.0,0.3186012627489072,0.3819919089669465,mawi_day2,10000,14.606526633955443,0.4243823366428486,0.3186012627489072,0.3827138809624424
RQ7_CONFIRM_default_c2_p1_26,default_c2_p1,default,c2,1,none,standard_dns,1,/opt/praxis/pcaps/RQ7_CONFIRM_default_c2_p1_26.pcap,/opt/praxis/logs/RQ7_CONFIRM_default_c2_p1_26_browser.json,20310,54,27,27,0,10557,4961,15518,0.194178,34,0,0,0,1736,0,-1377,0,88,663,0,-263,0,-263,0,-216,0,-374,0,-6,0,0.485,14.636448940378244,0.4245745332277086,1,0.0,0.2098105876639145,0.3773416160128937,mawi_day2,10000,14.60684855130336,0.42452566765414207,0.20981058766391453,0.37732451306214543
RQ7_CONFIRM_default_c2_p1_27,default_c2_p1,default,c2,1,none,standard_dns,1,/opt/praxis/pcaps/RQ7_CONFIRM_default_c2_p1_27.pcap,/opt/praxis/logs/RQ7_CONFIRM_default_c2_p1_27_browser.json,20406,54,27,27,0,10653,4961,15614,0.189932,30,0,0,0,1736,0,-1377,0,88,663,0,-263,0,-263,0,-216,0,-374,0,-6,0,0.485,14.608999550200384,0.4123803704307565,1,0.0,0.2564351627003399,0.3754048877857818,mawi_day2,10000,14.587785140528197,0.41603784317747805,0.25643516270033995,0.37668500324713433
RQ7_CONFIRM_default_c2_p1_28,default_c2_p1,default,c2,1,none,standard_dns,1,/opt/praxis/pcaps/RQ7_CONFIRM_default_c2_p1_28.pcap,/opt/praxis/logs/RQ7_CONFIRM_default_c2_p1_28_browser.json,20622,57,28,29,0,10589,4977,15566,0.188902,36,0,0,0,1800,0,-1377,0,88,663,0,-263,0,-263,0,-216,0,-374,0,-6,0,0.485,14.662060365392144,0.4359521953199367,1,0.0,0.3613404565322972,0.3889002911885927,mawi_day2,10000,14.630719608505556,0.43515405656073974,0.36134045653229724,0.3886209426228738
RQ7_CONFIRM_default_c2_p1_29,default_c2_p1,default,c2,1,none,standard_dns,1,/opt/praxis/pcaps/RQ7_CONFIRM_default_c2_p1_29.pcap,/opt/praxis/logs/RQ7_CONFIRM_default_c2_p1_29_browser.json,20350,53,26,27,0,10677,4969,15646,0.190608,40,0,0,0,1768,0,-1377,0,88,663,0,-263,0,-263,0,-216,0,-374,0,-6,0,0.485,14.671014055033291,0.4399297973143737,1,0.0,0.2292374939290918,0.3836873037564853,mawi_day2,10000,14.628206763155328,0.43403523314968845,0.2292374939290918,0.3816242062988456
RQ7_CONFIRM_default_c2_p1_30,default_c2_p1,default,c2,1,none,standard_dns,1,/opt/praxis/pcaps/RQ7_CONFIRM_default_c2_p1_30.pcap,/opt/praxis/logs/RQ7_CONFIRM_default_c2_p1_30_browser.json,20342,54,27,27,0,10589,4961,15550,0.193628,32,0,0,0,1768,0,-1377,0,88,663,0,-263,0,-263,0,-216,0,-374,-6,0,0,0.485,14.623483972610394,0.4188149543593258,1,0.0,0.2253521126760563,0.3761028396595668,mawi_day2,10000,14.597824972672557,0.42050799461163385,0.22535211267605634,0.37669540374787464
RQ7_CONFIRM_default_c2_p1_31,default_c2_p1,default,c2,1,none,standard_dns,1,/opt/praxis/pcaps/RQ7_CONFIRM_default_c2_p1_31.pcap,/opt/praxis/logs/RQ7_CONFIRM_default_c2_p1_31_browser.json,20318,55,28,27,0,10461,4977,15438,0.186683,34,0,0,0,1768,0,-1377,0,88,663,0,-263,0,-263,0,-216,0,-374,0,-6,0,0.485,14.64102709563992,0.4266083405439683,1,0.0,0.2136959689169499,0.3782477176362364,mawi_day2,10000,14.61282760037738,0.42718778933195634,0.21369596891694997,0.3784505247120322
RQ7_CONFIRM_default_c2_p1_32,default_c2_p1,default,c2,1,none,standard_dns,1,/opt/praxis/pcaps/RQ7_CONFIRM_default_c2_p1_32.pcap,/opt/praxis/logs/RQ7_CONFIRM_default_c2_p1_32_browser.json,20630,56,28,28,0,10685,4977,15662,0.186946,32,0,0,0,1768,0,-1377,0,88,663,0,-263,0,-263,0,-216,0,-374,-6,0,0,0.485,14.631543940553666,0.4223955279386158,1,0.0,0.3652258377853327,0.3843497266677821,mawi_day2,10000,14.607945486491241,0.42501406888762666,0.3652258377853327,0.38526621599993593
RQ7_CONFIRM_default_c2_p1_33,default_c2_p1,default,c2,1,none,standard_dns,1,/opt/praxis/pcaps/RQ7_CONFIRM_default_c2_p1_33.pcap,/opt/praxis/logs/RQ7_CONFIRM_default_c2_p1_33_browser.json,20134,52,26,26,0,10549,4969,15518,0.190991,34,0,0,0,1768,0,-1377,0,88,663,0,-263,0,-263,0,-216,0,-374,-6,0,0,0.485,14.629203327082683,0.4213557299130516,1,0.0,0.1243322000971345,0.3719411154744247,mawi_day2,10000,14.597344902098284,0.4202942471968139,0.12433220009713453,0.3715695965237416
RQ7_CONFIRM_default_c2_p1_34,default_c2_p1,default,c2,1,none,standard_dns,1,/opt/praxis/pcaps/RQ7_CONFIRM_default_c2_p1_34.pcap,/opt/praxis/logs/RQ7_CONFIRM_default_c2_p1_34_browser.json,20566,55,28,27,0,10717,4969,15686,0.188795,34,0,0,0,1832,0,-1377,0,88,663,0,-263,0,-263,0,-216,0,-374,0,-6,0,0.485,14.642520463494188,0.4272717567660659,1,0.0,0.334142787761049,0.3845022542561755,mawi_day2,10000,14.613991080962933,0.4277058193481301,0.33414278776104905,0.384654176159898
RQ7_CONFIRM_default_c2_p1_35,default_c2_p1,default,c2,1,none,standard_dns,1,/opt/praxis/pcaps/RQ7_CONFIRM_default_c2_p1_35.pcap,/opt/praxis/logs/RQ7_CONFIRM_default_c2_p1_35_browser.json,20342,54,27,27,0,10589,4961,15550,0.1877,34,0,0,0,1800,0,-1377,0,88,663,0,-263,0,-263,0,-216,0,-374,0,-6,0,0.485,14.637656751127327,0.4251110930859356,1,0.0,0.2253521126760563,0.3783064882138802,mawi_day2,10000,14.607705084874752,0.42490703207513114,0.22535211267605634,0.37823506686009867
RQ7_CONFIRM_default_c2_p1_36,default_c2_p1,default,c2,1,none,standard_dns,1,/opt/praxis/pcaps/RQ7_CONFIRM_default_c2_p1_36.pcap,/opt/praxis/logs/RQ7_CONFIRM_default_c2_p1_36_browser.json,19878,50,25,25,0,10485,4953,15438,0.184509,32,0,0,0,1768,0,-1377,0,88,663,0,-263,0,-263,0,-582,0,-6,0,6,1988,0.49,15.85370216158046,0.965329130990184,1,0.0,0.0,0.5583651958465643,mawi_day2,10000,15.826191828024532,0.9674280806417529,0.0,0.5590998282246135
RQ7_CONFIRM_default_c2_p1_37,default_c2_p1,default,c2,1,none,standard_dns,1,/opt/praxis/pcaps/RQ7_CONFIRM_default_c2_p1_37.pcap,/opt/praxis/logs/RQ7_CONFIRM_default_c2_p1_37_browser.json,20494,56,28,28,0,10557,4969,15526,0.190411,34,0,0,0,1768,0,-1377,0,88,663,0,-263,0,-263,0,-216,0,-374,0,-6,0,0.485,14.644782143849705,0.4282764894129894,1,0.0,0.29917435648373,0.3831054891187328,mawi_day2,10000,14.617077296393628,0.42907993100012487,0.29917435648373,0.38338669367423023
RQ7_CONFIRM_default_c2_p1_38,default_c2_p1,default,c2,1,none,standard_dns,1,/opt/praxis/pcaps/RQ7_CONFIRM_default_c2_p1_38.pcap,/opt/praxis/logs/RQ7_CONFIRM_default_c2_p1_38_browser.json,20230,52,25,27,0,10645,4969,15614,0.181452,34,0,0,0,1768,0,-1377,0,88,663,0,-263,0,-263,0,-582,0,-6,0,6,2052,0.49,15.888715754180971,0.9808836276660754,1,0.0,0.1709567751335599,0.5723571084398044,mawi_day2,10000,15.858368222254324,0.9817543515140276,0.17095677513355997,0.5726618617865876
RQ7_CONFIRM_default_c2_p1_39,default_c2_p1,default,c2,1,none,standard_dns,1,/opt/praxis/pcaps/RQ7_CONFIRM_default_c2_p1_39.pcap,/opt/praxis/logs/RQ7_CONFIRM_default_c2_p1_39_browser.json,20470,54,27,27,0,10717,4961,15678,0.191269,30,0,0,0,1768,0,-1377,0,88,663,0,-263,0,-263,0,-582,0,-6,0,6,2084,0.5,15.878239494139908,0.976229636462038,1,0.0,0.2875182127246236,0.5810562833979446,mawi_day2,10000,15.858568235509052,0.981843405745674,0.2875182127246236,0.5830211026472171
RQ7_CONFIRM_default_c2_p1_40,default_c2_p1,default,c2,1,none,standard_dns,1,/opt/praxis/pcaps/RQ7_CONFIRM_default_c2_p1_40.pcap,/opt/praxis/logs/RQ7_CONFIRM_default_c2_p1_40_browser.json,20310,54,27,27,0,10557,4961,15518,0.18514,30,0,0,0,1800,0,-1377,0,88,663,0,-263,0,-263,0,-216,0,-374,0,-6,0,0.485,14.609935748280098,0.4127962686244961,1,0.0,0.2098105876639145,0.3732192234017694,mawi_day2,10000,14.588372684102739,0.41629944204831576,0.20981058766391453,0.3744453341001062
RQ7_CONFIRM_default_c2_p1_41,default_c2_p1,default,c2,1,none,standard_dns,1,/opt/praxis/pcaps/RQ7_CONFIRM_default_c2_p1_41.pcap,/opt/praxis/logs/RQ7_CONFIRM_default_c2_p1_41_browser.json,20254,54,27,27,0,10493,4969,15462,0.186114,34,0,0,0,1736,0,-1377,0,88,663,0,-263,0,-263,0,-216,0,-374,0,-6,0,0.485,14.636454523550888,0.4245770135056195,1,0.0,0.1826129188926663,0.3759826006716001,mawi_day2,10000,14.606838996313272,0.42452141337458527,0.18261291889266634,0.3759631406257381
RQ7_CONFIRM_default_c2_p1_42,default_c2_p1,default,c2,1,none,standard_dns,1,/opt/praxis/pcaps/RQ7_CONFIRM_default_c2_p1_42.pcap,/opt/praxis/logs/RQ7_CONFIRM_default_c2_p1_42_browser.json,20374,54,27,27,0,10621,4961,15582,0.187359,34,0,0,0,1800,0,-1377,0,88,663,0,-263,0,-263,0,-216,0,-374,0,-6,0,0.485,14.637724216298288,0.4251410639258147,1,0.0,0.2408936376881981,0.379094054258445,mawi_day2,10000,14.607771753043723,0.4249367155207161,0.24089363768819816,0.3790225323166605
RQ7_CONFIRM_default_c2_p1_43,default_c2_p1,default,c2,1,none,standard_dns,1,/opt/praxis/pcaps/RQ7_CONFIRM_default_c2_p1_43.pcap,/opt/praxis/logs/RQ7_CONFIRM_default_c2_p1_43_browser.json,20470,56,28,28,0,10525,4977,15502,0.182789,36,0,0,0,1736,0,-1377,0,88,663,0,-263,0,-263,0,-216,0,-374,0,-6,0,0.485,14.657367709094206,0.4338675218726794,1,0.0,0.2875182127246236,0.3844795432916689,mawi_day2,10000,14.625862523430136,0.432991479985403,0.2875182127246236,0.38417292863112223
RQ7_CONFIRM_default_c2_p1_44,default_c2_p1,default,c2,1,none,standard_dns,1,/opt/praxis/pcaps/RQ7_CONFIRM_default_c2_p1_44.pcap,/opt/praxis/logs/RQ7_CONFIRM_default_c2_p1_44_browser.json,20294,52,26,26,0,10717,4961,15678,0.185416,38,0,0,0,1800,0,-1377,0,88,663,0,-263,0,-263,0,-582,0,-6,0,6,2084,0.5,15.92069596850236,0.9950905713245528,1,0.0,0.2020398251578436,0.5833836912214856,mawi_day2,10000,15.884056064376477,0.9931916487368921,0.2020398251578436,0.5827190683158043
RQ7_CONFIRM_default_c2_p1_45,default_c2_p1,default,c2,1,none,standard_dns,1,/opt/praxis/pcaps/RQ7_CONFIRM_default_c2_p1_45.pcap,/opt/praxis/logs/RQ7_CONFIRM_default_c2_p1_45_browser.json,20030,52,26,26,0,10453,4961,15414,0.194644,34,0,0,0,1800,0,-1377,0,88,663,0,-263,0,-263,0,-216,0,-374,0,-6,0,0.485,14.62946556527636,0.4214722270448464,1,0.0,0.0738222438076736,0.3694563916560799,mawi_day2,10000,14.597445044404312,0.4203388347224293,0.07382224380767363,0.36905970434323393
RQ7_CONFIRM_default_c2_p1_46,default_c2_p1,default,c2,1,none,standard_dns,1,/opt/praxis/pcaps/RQ7_CONFIRM_default_c2_p1_46.pcap,/opt/praxis/logs/RQ7_CONFIRM_default_c2_p1_46_browser.json,20310,54,27,27,0,10557,4961,15518,0.183835,34,0,0,0,1736,0,-1377,0,88,663,0,-263,0,-263,0,-582,0,-6,0,6,2052,0.49,15.89560351196873,0.9839434566541032,1,0.0,0.2098105876639145,0.5753707392121318,mawi_day2,10000,15.868330243758619,0.9861898584103788,0.20981058766391453,0.5761569798268282
RQ7_CONFIRM_default_c2_p1_47,default_c2_p1,default,c2,1,none,standard_dns,1,/opt/praxis/pcaps/RQ7_CONFIRM_default_c2_p1_47.pcap,/opt/praxis/logs/RQ7_CONFIRM_default_c2_p1_47_browser.json,20222,52,26,26,0,10653,4953,15606,0.192541,34,0,0,0,1736,0,-1377,0,88,663,0,-263,0,-263,0,-582,0,-6,0,6,2052,0.49,15.888435535666073,0.9807591429264416,1,0.0,0.1670713938805245,0.5721192697182809,mawi_day2,10000,15.859261523206827,0.9821520863044652,0.16707139388052453,0.572606799900589
RQ7_CONFIRM_default_c2_p1_48,default_c2_p1,default,c2,1,none,standard_dns,1,/opt/praxis/pcaps/RQ7_CONFIRM_default_c2_p1_48.pcap,/opt/praxis/logs/RQ7_CONFIRM_default_c2_p1_48_browser.json,20254,54,27,27,0,10493,4969,15462,0.182903,32,0,0,0,1800,0,-1377,0,88,663,0,-263,0,-263,0,-216,0,-374,0,-6,0,0.485,14.623988438418014,0.4190390590896585,1,0.0,0.1826129188926663,0.3740443166260138,mawi_day2,10000,14.598140723558348,0.4206485800571534,0.18261291889266634,0.374607648964637
RQ7_CONFIRM_default_c2_p1_49,default_c2_p1,default,c2,1,none,standard_dns,1,/opt/praxis/pcaps/RQ7_CONFIRM_default_c2_p1_49.pcap,/opt/praxis/logs/RQ7_CONFIRM_default_c2_p1_49_browser.json,20230,53,26,27,0,10557,4969,15526,0.188622,38,0,0,0,1800,0,-1377,0,88,663,0,-263,0,-263,0,-582,0,-6,0,6,2020,0.49,15.908874769884108,0.9898391023676092,1,0.0,0.1709567751335599,0.5754915245853411,mawi_day2,10000,15.872670286585935,0.9881222262418194,0.17095677513355997,0.5748906179413148
RQ7_CONFIRM_default_c2_p1_50,default_c2_p1,default,c2,1,none,standard_dns,1,/opt/praxis/pcaps/RQ7_CONFIRM_default_c2_p1_50.pcap,/opt/praxis/logs/RQ7_CONFIRM_default_c2_p1_50_browser.json,20126,52,26,26,0,10557,4953,15510,0.182422,30,0,0,0,1800,0,-1377,0,88,663,0,-263,0,-263,0,-582,0,-6,0,6,2084,0.5,15.871296047378532,0.9731450681116468,1,0.0,0.120446818844099,0.5716231147812814,mawi_day2,10000,15.849535324347032,0.9778215774715637,0.12044681884409908,0.5732598930572523
RQ7_CONFIRM_baseline_default_off_01,baseline_default_off,default,off,1,none,standard_dns,1,/opt/praxis/pcaps/RQ7_CONFIRM_baseline_default_off_01.pcap,/opt/praxis/logs/RQ7_CONFIRM_baseline_default_off_01_browser.json,21665,70,36,34,0,10586,4831,15417,1.141853,44,0,0,0,1759,0,-1369,0,80,655,0,-255,0,-255,0,-208,0,-366,0,0,0,1.0,14.544491704778494,0.3837232977723774,1,0.0,0.8678970373967946,0.6276980060901718,mawi_day1_day2,20000,14.583528190577193,0.3861853523321986,0.8678970373967946,0.6285597251861093
RQ7_CONFIRM_baseline_default_off_02,baseline_default_off,default,off,1,none,standard_dns,1,/opt/praxis/pcaps/RQ7_CONFIRM_baseline_default_off_02.pcap,/opt/praxis/logs/RQ7_CONFIRM_baseline_default_off_02_browser.json,21417,69,35,34,0,10426,4831,15257,1.139745,44,0,0,0,1759,0,-1369,0,80,655,0,-255,0,-255,0,-208,0,-366,0,0,0,1.0,14.540383430360755,0.381898231104599,1,0.0,0.7474502185526954,0.6210368918142444,mawi_day1_day2,20000,14.578344611698487,0.3838681311046186,0.7474502185526954,0.6217263568142513
RQ7_CONFIRM_baseline_default_off_03,baseline_default_off,default,off,1,none,standard_dns,1,/opt/praxis/pcaps/RQ7_CONFIRM_baseline_default_off_03.pcap,/opt/praxis/logs/RQ7_CONFIRM_baseline_default_off_03_browser.json,21521,68,35,33,0,10618,4831,15449,1.139794,42,0,0,0,1823,0,-1369,0,80,655,0,-255,0,-255,0,-574,0,0,0,0,0,1.0,13.71123395133492,0.0135554859749097,1,0.0,0.7979601748421564,0.4946424288333262,mawi_day1_day2,20000,13.751184267039328,0.014101690946726645,0.7979601748421564,0.49483360057346215
RQ7_CONFIRM_baseline_default_off_04,baseline_default_off,default,off,1,none,standard_dns,1,/opt/praxis/pcaps/RQ7_CONFIRM_baseline_default_off_04.pcap,/opt/praxis/logs/RQ7_CONFIRM_baseline_default_off_04_browser.json,21337,67,34,33,0,10522,4831,15353,1.145909,40,0,0,0,1823,0,-1369,0,80,655,0,-255,0,-255,0,-208,-366,0,0,0,0,1.0,14.51109764677764,0.3688882658436278,1,0.0,0.708596406022341,0.6145407133463868,mawi_day1_day2,20000,14.547745149084962,0.37018921814124395,0.708596406022341,0.6149960466505525
RQ7_CONFIRM_baseline_default_off_05,baseline_default_off,default,off,1,none,standard_dns,1,/opt/praxis/pcaps/RQ7_CONFIRM_baseline_default_off_05.pcap,/opt/praxis/logs/RQ7_CONFIRM_baseline_default_off_05_browser.json,21369,67,34,33,0,10554,4831,15385,1.147163,44,0,0,0,1727,0,-1369,0,80,655,0,-255,0,-255,0,-574,0,0,0,0,2062,1.0,15.697704002649182,0.8960282491233397,1,0.0,0.7241379310344828,0.7998167837448931,mawi_day1_day2,20000,15.731732754133656,0.8994685588842092,0.7241379310344828,0.8010208921611974
RQ7_CONFIRM_baseline_default_off_06,baseline_default_off,default,off,1,none,standard_dns,1,/opt/praxis/pcaps/RQ7_CONFIRM_baseline_default_off_06.pcap,/opt/praxis/logs/RQ7_CONFIRM_baseline_default_off_06_browser.json,21385,69,35,34,0,10394,4831,15225,1.142792,44,0,0,0,1727,0,-1369,0,80,655,0,-255,0,-255,0,-208,0,-366,0,0,0,1.0,14.539785793095904,0.3816327357309712,1,0.0,0.7319086935405537,0.6201668921828676,mawi_day1_day2,20000,14.577792385284827,0.38362126869582597,0.7319086935405537,0.6208628787205668
RQ7_CONFIRM_baseline_default_off_07,baseline_default_off,default,off,1,none,standard_dns,1,/opt/praxis/pcaps/RQ7_CONFIRM_baseline_default_off_07.pcap,/opt/praxis/logs/RQ7_CONFIRM_baseline_default_off_07_browser.json,21305,67,34,33,0,10490,4831,15321,1.144525,38,0,0,0,1791,0,-1369,0,80,655,0,-255,0,-255,0,-574,0,0,0,0,0,1.0,13.680720185874218,0.0,1,0.0,0.6930548810101991,0.4846527440505099,mawi_day1_day2,20000,13.719639058288662,0.0,0.6930548810101991,0.48465274405050995
RQ7_CONFIRM_baseline_default_off_08,baseline_default_off,default,off,1,none,standard_dns,1,/opt/praxis/pcaps/RQ7_CONFIRM_baseline_default_off_08.pcap,/opt/praxis/logs/RQ7_CONFIRM_baseline_default_off_08_browser.json,21209,67,34,33,0,10394,4831,15225,1.144064,42,0,0,0,1727,0,-1369,0,80,655,0,-255,0,-255,0,-574,0,0,0,0,2030,1.0,15.679135826867684,0.887779491797407,1,0.0,0.6464303059737737,0.7930443374277811,mawi_day1_day2,20000,15.713193692089478,0.8911810206575467,0.6464303059737737,0.79423487252883
RQ7_CONFIRM_baseline_default_off_09,baseline_default_off,default,off,1,none,standard_dns,1,/opt/praxis/pcaps/RQ7_CONFIRM_baseline_default_off_09.pcap,/opt/praxis/logs/RQ7_CONFIRM_baseline_default_off_09_browser.json,21369,67,34,33,0,10554,4831,15385,1.146044,42,0,0,0,1759,0,-1369,0,80,655,0,-255,0,-255,0,-208,-366,0,0,0,0,1.0,14.522000454165932,0.3737317471514154,1,0.0,0.7241379310344828,0.6170130080547196,mawi_day1_day2,20000,14.558726717811751,0.37509832143865524,0.7241379310344828,0.6174913090552535
RQ7_CONFIRM_baseline_default_off_10,baseline_default_off,default,off,1,none,standard_dns,1,/opt/praxis/pcaps/RQ7_CONFIRM_baseline_default_off_10.pcap,/opt/praxis/logs/RQ7_CONFIRM_baseline_default_off_10_browser.json,21569,70,36,34,0,10490,4831,15321,1.141708,46,0,0,0,1759,0,-1369,0,80,655,0,-255,0,-255,0,-208,0,-366,0,0,0,1.0,14.555460552426146,0.388596116914943,1,0.0,0.8212724623603691,0.6270722640382486,mawi_day1_day2,20000,14.594457606368584,0.3910711416429199,0.8212724623603691,0.6279385226930404
RQ7_CONFIRM_baseline_default_off_11,baseline_default_off,default,off,1,none,standard_dns,1,/opt/praxis/pcaps/RQ7_CONFIRM_baseline_default_off_11.pcap,/opt/praxis/logs/RQ7_CONFIRM_baseline_default_off_11_browser.json,21609,69,35,34,0,10618,4831,15449,1.139084,44,0,0,0,1791,0,-1369,0,80,655,0,-255,0,-255,0,-208,0,-366,0,0,0,1.0,14.541297156146651,0.3823041461691156,1,0.0,0.8406993686255464,0.6258414195904678,mawi_day1_day2,20000,14.579226030722637,0.38426215286467014,0.8406993686255464,0.6265267219339119
RQ7_CONFIRM_baseline_default_off_12,baseline_default_off,default,off,1,none,standard_dns,1,/opt/praxis/pcaps/RQ7_CONFIRM_baseline_default_off_12.pcap,/opt/praxis/logs/RQ7_CONFIRM_baseline_default_off_12_browser.json,21937,72,37,35,0,10682,4831,15513,1.144409,42,0,0,0,1823,0,-1369,0,80,655,0,-255,0,-255,0,-208,0,-366,0,0,0,1.0,14.541232783506818,0.3822755491604128,1,0.0,1.0,0.6337964422061445,mawi_day1_day2,20000,14.581441145898873,0.3852523783494207,1.0,0.6348383324222973
RQ7_CONFIRM_baseline_default_off_13,baseline_default_off,default,off,1,none,standard_dns,1,/opt/praxis/pcaps/RQ7_CONFIRM_baseline_default_off_13.pcap,/opt/praxis/logs/RQ7_CONFIRM_baseline_default_off_13_browser.json,21545,69,35,34,0,10554,4831,15385,1.14453,44,0,0,0,1759,0,-1369,0,80,655,0,-255,0,-255,0,-208,0,-366,0,0,0,1.0,14.540650295171666,0.3820167835725386,1,0.0,0.8096163186012627,0.6241866901804516,mawi_day1_day2,20000,14.578616326625584,0.3839895961409674,0.8096163186012627,0.6248771745794017
RQ7_CONFIRM_baseline_default_off_14,baseline_default_off,default,off,1,none,standard_dns,1,/opt/praxis/pcaps/RQ7_CONFIRM_baseline_default_off_14.pcap,/opt/praxis/logs/RQ7_CONFIRM_baseline_default_off_14_browser.json,21633,70,36,34,0,10554,4831,15385,1.143213,44,0,0,0,1791,0,-1369,0,80,655,0,-255,0,-255,0,-208,0,-366,0,0,0,1.0,14.544963056109124,0.3839326916723161,1,0.0,0.8523555123846528,0.6269942177045432,mawi_day1_day2,20000,14.583940673235835,0.38636974492947185,0.8523555123846528,0.6278471863445477
RQ7_CONFIRM_baseline_default_off_15,baseline_default_off,default,off,1,none,standard_dns,1,/opt/praxis/pcaps/RQ7_CONFIRM_baseline_default_off_15.pcap,/opt/praxis/logs/RQ7_CONFIRM_baseline_default_off_15_browser.json,21665,70,36,34,0,10586,4831,15417,1.142199,44,0,0,0,1823,0,-1369,0,80,655,0,-255,0,-255,0,-208,0,-366,0,0,0,1.0,14.545548166129812,0.3841926219221377,1,0.0,0.8678970373967946,0.627862269542588,mawi_day1_day2,20000,14.58447842016313,0.3866101345568222,0.8678970373967946,0.6287083989647275
RQ7_CONFIRM_baseline_default_off_16,baseline_default_off,default,off,1,none,standard_dns,1,/opt/praxis/pcaps/RQ7_CONFIRM_baseline_default_off_16.pcap,/opt/praxis/logs/RQ7_CONFIRM_baseline_default_off_16_browser.json,21305,67,34,33,0,10490,4831,15321,1.14148,42,0,0,0,1791,0,-1369,0,80,655,0,-255,0,-255,0,-574,0,0,0,0,1998,1.0,15.672595428360555,0.8848739742745741,1,0.0,0.6930548810101991,0.794358635046611,mawi_day1_day2,20000,15.706584385170846,0.8882264545846041,0.6930548810101991,0.7955320031551214
RQ7_CONFIRM_baseline_default_off_17,baseline_default_off,default,off,1,none,standard_dns,1,/opt/praxis/pcaps/RQ7_CONFIRM_baseline_default_off_17.pcap,/opt/praxis/logs/RQ7_CONFIRM_baseline_default_off_17_browser.json,21577,69,35,34,0,10586,4831,15417,1.141105,44,0,0,0,1791,0,-1369,0,80,655,0,-255,0,-255,0,-208,0,-366,0,0,0,1.0,14.541238148402684,0.3822779324706852,1,0.0,0.8251578436134046,0.6250551685454101,mawi_day1_day2,20000,14.579160232448974,0.38423273898672233,0.8251578436134046,0.625739350826023
RQ7_CONFIRM_baseline_default_off_18,baseline_default_off,default,off,1,none,standard_dns,1,/opt/praxis/pcaps/RQ7_CONFIRM_baseline_default_off_18.pcap,/opt/praxis/logs/RQ7_CONFIRM_baseline_default_off_18_browser.json,21625,71,37,34,0,10458,4831,15289,1.142971,42,0,0,0,1823,0,-1369,0,80,655,0,-255,0,-255,0,-208,0,-366,0,0,0,1.0,14.537540459213837,0.3806352648686296,1,0.0,0.8484701311316173,0.6256458492606013,mawi_day1_day2,20000,14.577540346652912,0.38350859957634115,0.8484701311316173,0.6266515164083003
RQ7_CONFIRM_baseline_default_off_19,baseline_default_off,default,off,1,none,standard_dns,1,/opt/praxis/pcaps/RQ7_CONFIRM_baseline_default_off_19.pcap,/opt/praxis/logs/RQ7_CONFIRM_baseline_default_off_19_browser.json,21481,69,35,34,0,10490,4831,15321,1.143154,44,0,0,0,1727,0,-1369,0,80,655,0,-255,0,-255,0,-208,0,-366,0,0,0,1.0,14.53997882689146,0.381718489385718,1,0.0,0.7785332685769791,0.6225281347138503,mawi_day1_day2,20000,14.577994733145543,0.3837117244927143,0.7785332685769791,0.623225767001299
RQ7_CONFIRM_baseline_default_off_20,baseline_default_off,default,off,1,none,standard_dns,1,/opt/praxis/pcaps/RQ7_CONFIRM_baseline_default_off_20.pcap,/opt/praxis/logs/RQ7_CONFIRM_baseline_default_off_20_browser.json,21545,69,35,34,0,10554,4831,15385,1.141477,44,0,0,0,1823,0,-1369,0,80,655,0,-255,0,-255,0,-208,0,-366,0,0,0,1.0,14.54169913988254,0.3824827240932654,1,0.0,0.8096163186012627,0.624349769362706,mawi_day1_day2,20000,14.579564915426111,0.3844136448834023,0.8096163186012627,0.625025591639254
RQ7_CONFIRM_baseline_default_off_21,baseline_default_off,default,off,1,none,standard_dns,1,/opt/praxis/pcaps/RQ7_CONFIRM_baseline_default_off_21.pcap,/opt/praxis/logs/RQ7_CONFIRM_baseline_default_off_21_browser.json,21449,69,35,34,0,10458,4831,15289,1.14448,42,0,0,0,1759,0,-1369,0,80,655,0,-255,0,-255,0,-208,0,-366,0,0,0,1.0,14.528943888151566,0.3768163098262908,1,0.0,0.7629917435648373,0.6200352956174436,mawi_day1_day2,20000,14.56693012277985,0.3787654989959608,0.7629917435648373,0.6207175118268282
RQ7_CONFIRM_baseline_default_off_22,baseline_default_off,default,off,1,none,standard_dns,1,/opt/praxis/pcaps/RQ7_CONFIRM_baseline_default_off_22.pcap,/opt/praxis/logs/RQ7_CONFIRM_baseline_default_off_22_browser.json,21569,70,36,34,0,10490,4831,15321,1.139051,42,0,0,0,1759,0,-1369,0,80,655,0,-255,0,-255,0,-208,0,-366,0,0,0,1.0,14.532782276438144,0.3785214818297903,1,0.0,0.8212724623603691,0.6235461417584451,mawi_day1_day2,20000,14.571844642153806,0.380962442243698,0.8212724623603691,0.6244004779033128
RQ7_CONFIRM_baseline_default_off_23,baseline_default_off,default,off,1,none,standard_dns,1,/opt/praxis/pcaps/RQ7_CONFIRM_baseline_default_off_23.pcap,/opt/praxis/logs/RQ7_CONFIRM_baseline_default_off_23_browser.json,21545,69,35,34,0,10554,4831,15385,1.141934,42,0,0,0,1727,0,-1369,0,80,655,0,-255,0,-255,0,-208,0,-366,0,0,0,1.0,14.528588867586455,0.3766585948993222,1,0.0,0.8096163186012627,0.6223113241448259,mawi_day1_day2,20000,14.566643543445156,0.3786373891063892,0.8096163186012627,0.6230039021172994
RQ7_CONFIRM_baseline_default_off_24,baseline_default_off,default,off,1,none,standard_dns,1,/opt/praxis/pcaps/RQ7_CONFIRM_baseline_default_off_24.pcap,/opt/praxis/logs/RQ7_CONFIRM_baseline_default_off_24_browser.json,21209,67,34,33,0,10394,4831,15225,1.144279,42,0,0,0,1791,0,-1369,0,80,655,0,-255,0,-255,0,-208,0,-366,0,0,0,1.0,14.52220875712026,0.3738242840026785,1,0.0,0.6464303059737737,0.6131600146996261,mawi_day1_day2,20000,14.558868299414312,0.37516161282527555,0.6464303059737737,0.6136280797875351
RQ7_CONFIRM_baseline_default_off_25,baseline_default_off,default,off,1,none,standard_dns,1,/opt/praxis/pcaps/RQ7_CONFIRM_baseline_default_off_25.pcap,/opt/praxis/logs/RQ7_CONFIRM_baseline_default_off_25_browser.json,21577,69,35,34,0,10586,4831,15417,1.144272,46,0,0,0,1823,0,-1369,0,80,655,0,-255,0,-255,0,-208,0,-366,0,0,0,1.0,14.552931922132208,0.3874727939828929,1,0.0,0.8251578436134046,0.6268733700746828,mawi_day1_day2,20000,14.590767126195107,0.389421382046693,0.8251578436134046,0.6275553758970128
RQ7_CONFIRM_baseline_default_off_26,baseline_default_off,default,off,1,none,standard_dns,1,/opt/praxis/pcaps/RQ7_CONFIRM_baseline_default_off_26.pcap,/opt/praxis/logs/RQ7_CONFIRM_baseline_default_off_26_browser.json,21545,69,36,33,0,10554,4831,15385,1.146769,46,0,0,0,1759,0,-1369,0,80,655,0,-255,0,-255,0,-574,0,0,0,0,2094,1.0,15.723079473142954,0.9073010903866726,1,0.0,0.8096163186012627,0.8080361975653986,mawi_day1_day2,20000,15.759001145099433,0.9116583790579551,0.8096163186012627,0.8095612486003474
RQ7_CONFIRM_baseline_default_off_27,baseline_default_off,default,off,1,none,standard_dns,1,/opt/praxis/pcaps/RQ7_CONFIRM_baseline_default_off_27.pcap,/opt/praxis/logs/RQ7_CONFIRM_baseline_default_off_27_browser.json,21593,71,36,35,0,10426,4831,15257,1.140293,42,0,0,0,1727,0,-1369,0,80,655,0,-255,0,-255,0,-208,0,-366,0,0,0,1.0,14.535372103293165,0.3796719908240313,1,0.0,0.8329286061194755,0.6245316270943848,mawi_day1_day2,20000,14.57466939129044,0.38222519309888153,0.8329286061194755,0.6254252478905824
RQ7_CONFIRM_baseline_default_off_28,baseline_default_off,default,off,1,none,standard_dns,1,/opt/praxis/pcaps/RQ7_CONFIRM_baseline_default_off_28.pcap,/opt/praxis/logs/RQ7_CONFIRM_baseline_default_off_28_browser.json,21513,69,35,34,0,10522,4831,15353,1.141719,44,0,0,0,1791,0,-1369,0,80,655,0,-255,0,-255,0,-208,0,-366,0,0,0,1.0,14.541112002550474,0.3822218932272614,1,0.0,0.7940747935891209,0.6234814023089975,mawi_day1_day2,20000,14.579026453153169,0.3841729354742644,0.7940747935891209,0.6241642670954486
RQ7_CONFIRM_baseline_default_off_29,baseline_default_off,default,off,1,none,standard_dns,1,/opt/praxis/pcaps/RQ7_CONFIRM_baseline_default_off_29.pcap,/opt/praxis/logs/RQ7_CONFIRM_baseline_default_off_29_browser.json,21665,70,36,34,0,10586,4831,15417,1.145373,42,0,0,0,1823,0,-1369,0,80,655,0,-255,0,-255,0,-208,0,-366,0,0,0,1.0,14.534045013961054,0.379082442449477,1,0.0,0.8678970373967946,0.6260737067271567,mawi_day1_day2,20000,14.573000469938732,0.3814791332676659,0.8678970373967946,0.6269125485135227
RQ7_CONFIRM_baseline_default_off_30,baseline_default_off,default,off,1,none,standard_dns,1,/opt/praxis/pcaps/RQ7_CONFIRM_baseline_default_off_30.pcap,/opt/praxis/logs/RQ7_CONFIRM_baseline_default_off_30_browser.json,21273,67,34,33,0,10458,4831,15289,1.141588,44,0,0,0,1727,0,-1369,0,80,655,0,-255,0,-255,0,-208,0,-366,0,0,0,1.0,14.532777543832974,0.3785193794093904,1,0.0,0.6775133559980573,0.6163574505931895,mawi_day1_day2,20000,14.569526685869178,0.37992624357998944,0.6775133559980573,0.6168498530528992
RQ7_CONFIRM_baseline_default_off_31,baseline_default_off,default,off,1,none,standard_dns,1,/opt/praxis/pcaps/RQ7_CONFIRM_baseline_default_off_31.pcap,/opt/praxis/logs/RQ7_CONFIRM_baseline_default_off_31_browser.json,21433,67,34,33,0,10618,4831,15449,1.142839,44,0,0,0,1791,0,-1369,0,80,655,0,-255,0,-255,0,-208,0,-366,0,0,0,1.0,14.53417285056848,0.3791392327968139,1,0.0,0.7552209810587663,0.6204597805318232,mawi_day1_day2,20000,14.57082904773002,0.3805084399004376,0.7552209810587663,0.6209390030180915
RQ7_CONFIRM_baseline_default_off_32,baseline_default_off,default,off,1,none,standard_dns,1,/opt/praxis/pcaps/RQ7_CONFIRM_baseline_default_off_32.pcap,/opt/praxis/logs/RQ7_CONFIRM_baseline_default_off_32_browser.json,21577,69,35,34,0,10586,4831,15417,1.146946,40,0,0,0,1791,0,-1369,0,80,655,0,-255,0,-255,0,-574,0,0,0,0,2030,1.0,15.67609181910887,0.8864272167222356,1,0.0,0.8251578436134046,0.8015074180334526,mawi_day1_day2,20000,15.711265525270218,0.8903190700268233,0.8251578436134046,0.8028695666900584
RQ7_CONFIRM_baseline_default_off_33,baseline_default_off,default,off,1,none,standard_dns,1,/opt/praxis/pcaps/RQ7_CONFIRM_baseline_default_off_33.pcap,/opt/praxis/logs/RQ7_CONFIRM_baseline_default_off_33_browser.json,21425,68,35,33,0,10522,4831,15353,1.146236,42,0,0,0,1823,0,-1369,0,80,655,0,-255,0,-255,0,-574,0,0,0,0,1998,1.0,15.67670009873286,0.8866974398752068,1,0.0,0.751335599805731,0.7979108839466089,mawi_day1_day2,20000,15.711633597867277,0.8904836099431925,0.751335599805731,0.799236043470404
RQ7_CONFIRM_baseline_default_off_34,baseline_default_off,default,off,1,none,standard_dns,1,/opt/praxis/pcaps/RQ7_CONFIRM_baseline_default_off_34.pcap,/opt/praxis/logs/RQ7_CONFIRM_baseline_default_off_34_browser.json,21649,72,36,36,0,10394,4831,15225,1.14966,44,0,0,0,1727,0,-1369,0,80,655,0,-255,0,-255,0,-208,0,-366,0,0,0,1.0,14.550054199643634,0.3861943897530452,1,0.0,0.8601262748907237,0.6281743501581021,mawi_day1_day2,20000,14.589489054381781,0.3888500441341213,0.8601262748907237,0.6291038291914787
RQ7_CONFIRM_baseline_default_off_35,baseline_default_off,default,off,1,none,standard_dns,1,/opt/praxis/pcaps/RQ7_CONFIRM_baseline_default_off_35.pcap,/opt/praxis/logs/RQ7_CONFIRM_baseline_default_off_35_browser.json,21305,67,34,33,0,10490,4831,15321,1.142591,44,0,0,0,1759,0,-1369,0,80,655,0,-255,0,-255,0,-208,0,-366,0,0,0,1.0,14.533384686574143,0.3787890975116451,1,0.0,0.6930548810101991,0.6172289281795857,mawi_day1_day2,20000,14.570081352402227,0.3801741967981585,0.6930548810101991,0.6177137129298655
RQ7_CONFIRM_baseline_default_off_36,baseline_default_off,default,off,1,none,standard_dns,1,/opt/praxis/pcaps/RQ7_CONFIRM_baseline_default_off_36.pcap,/opt/praxis/logs/RQ7_CONFIRM_baseline_default_off_36_browser.json,21545,69,35,34,0,10554,4831,15385,1.144784,40,0,0,0,1727,0,-1369,0,80,655,0,-255,0,-255,0,-574,0,0,0,0,2062,1.0,15.682634841565262,0.8893338999126593,1,0.0,0.8096163186012627,0.8017476808994939,mawi_day1_day2,20000,15.717891098382816,0.893280907595162,0.8096163186012627,0.8031291335883699
RQ7_CONFIRM_baseline_default_off_37,baseline_default_off,default,off,1,none,standard_dns,1,/opt/praxis/pcaps/RQ7_CONFIRM_baseline_default_off_37.pcap,/opt/praxis/logs/RQ7_CONFIRM_baseline_default_off_37_browser.json,21537,70,36,34,0,10458,4831,15289,1.140335,44,0,0,0,1759,0,-1369,0,80,655,0,-255,0,-255,0,-208,-366,0,0,0,0,1.0,14.544232806609322,0.3836082844186288,1,0.0,0.8057309373482273,0.6245494464139315,mawi_day1_day2,20000,14.583258799960282,0.38606492633490536,0.8057309373482273,0.6254092710846283
RQ7_CONFIRM_baseline_default_off_38,baseline_default_off,default,off,1,none,standard_dns,1,/opt/praxis/pcaps/RQ7_CONFIRM_baseline_default_off_38.pcap,/opt/praxis/logs/RQ7_CONFIRM_baseline_default_off_38_browser.json,21537,70,36,34,0,10458,4831,15289,1.143674,48,0,0,0,1759,0,-1369,0,80,655,0,-255,0,-255,0,-208,0,-366,0,0,0,1.0,14.566233748998208,0.3933820196979218,1,0.0,0.8057309373482273,0.627970253761684,mawi_day1_day2,20000,14.605195157331629,0.3958711613987691,0.8057309373482273,0.6288414533569806
RQ7_CONFIRM_baseline_default_off_39,baseline_default_off,default,off,1,none,standard_dns,1,/opt/praxis/pcaps/RQ7_CONFIRM_baseline_default_off_39.pcap,/opt/praxis/logs/RQ7_CONFIRM_baseline_default_off_39_browser.json,21305,67,34,33,0,10490,4831,15321,1.140609,42,0,0,0,1727,0,-1369,0,80,655,0,-255,0,-255,0,-574,0,0,0,0,1998,1.0,15.671598402950986,0.8844310540465388,1,0.0,0.6930548810101991,0.7942036129667985,mawi_day1_day2,20000,15.705687889522089,0.8878256931037156,0.6930548810101991,0.7953917366368104
RQ7_CONFIRM_baseline_default_off_40,baseline_default_off,default,off,1,none,standard_dns,1,/opt/praxis/pcaps/RQ7_CONFIRM_baseline_default_off_40.pcap,/opt/praxis/logs/RQ7_CONFIRM_baseline_default_off_40_browser.json,21609,69,35,34,0,10618,4831,15449,1.144017,44,0,0,0,1823,0,-1369,0,80,655,0,-255,0,-255,0,-574,0,0,0,0,2094,1.0,15.713383084350143,0.9029935504844766,1,0.0,0.8406993686255464,0.8080827111008442,mawi_day1_day2,20000,15.748434168925112,0.9069346115460806,0.8406993686255464,0.8094620824724055
RQ7_CONFIRM_baseline_default_off_41,baseline_default_off,default,off,1,none,standard_dns,1,/opt/praxis/pcaps/RQ7_CONFIRM_baseline_default_off_41.pcap,/opt/praxis/logs/RQ7_CONFIRM_baseline_default_off_41_browser.json,21337,67,34,33,0,10522,4831,15353,1.141272,46,0,0,0,1727,0,-1369,0,80,655,0,-255,0,-255,0,-208,0,-366,0,0,0,1.0,14.544074118143376,0.3835377883902941,1,0.0,0.708596406022341,0.61966804623772,mawi_day1_day2,20000,14.58080227114101,0.38496678143166824,0.708596406022341,0.6201681938022009
RQ7_CONFIRM_baseline_default_off_42,baseline_default_off,default,off,1,none,standard_dns,1,/opt/praxis/pcaps/RQ7_CONFIRM_baseline_default_off_42.pcap,/opt/praxis/logs/RQ7_CONFIRM_baseline_default_off_42_browser.json,21609,69,35,34,0,10618,4831,15449,1.144226,40,0,0,0,1823,0,-1369,0,80,655,0,-255,0,-255,0,-574,0,0,0,0,2062,1.0,15.684231932050952,0.8900433940492424,1,0.0,0.8406993686255464,0.8035501563485121,mawi_day1_day2,20000,15.719347680667461,0.8939320452490253,0.8406993686255464,0.8049111842684361
RQ7_CONFIRM_baseline_default_off_43,baseline_default_off,default,off,1,none,standard_dns,1,/opt/praxis/pcaps/RQ7_CONFIRM_baseline_default_off_43.pcap,/opt/praxis/logs/RQ7_CONFIRM_baseline_default_off_43_browser.json,21513,69,35,34,0,10522,4831,15353,1.142944,46,0,0,0,1727,0,-1369,0,80,655,0,-255,0,-255,0,-208,0,-366,0,0,0,1.0,14.55120611823404,0.3867061199856378,1,0.0,0.7940747935891209,0.6250508816744292,mawi_day1_day2,20000,14.589196593656132,0.3887193050795864,0.7940747935891209,0.6257554964573113
RQ7_CONFIRM_baseline_default_off_44,baseline_default_off,default,off,1,none,standard_dns,1,/opt/praxis/pcaps/RQ7_CONFIRM_baseline_default_off_44.pcap,/opt/praxis/logs/RQ7_CONFIRM_baseline_default_off_44_browser.json,21681,72,37,35,0,10426,4831,15257,1.140269,46,0,0,0,1727,0,-1369,0,80,655,0,-255,0,-255,0,-208,0,-366,0,0,0,1.0,14.561778618536485,0.3914028651236335,1,0.0,0.8756677999028655,0.6307743927884151,mawi_day1_day2,20000,14.602065300636859,0.39447201796097986,0.8756677999028655,0.6318485962814863
RQ7_CONFIRM_baseline_default_off_45,baseline_default_off,default,off,1,none,standard_dns,1,/opt/praxis/pcaps/RQ7_CONFIRM_baseline_default_off_45.pcap,/opt/praxis/logs/RQ7_CONFIRM_baseline_default_off_45_browser.json,21513,69,35,34,0,10522,4831,15353,1.145116,40,0,0,0,1759,0,-1369,0,80,655,0,-255,0,-255,0,-208,-366,0,0,0,0,1.0,14.517182460715013,0.3715913937186254,1,0.0,0.7940747935891209,0.619760727480975,mawi_day1_day2,20000,14.555205226299426,0.37352410503797023,0.7940747935891209,0.6204371764427457
RQ7_CONFIRM_baseline_default_off_46,baseline_default_off,default,off,1,none,standard_dns,1,/opt/praxis/pcaps/RQ7_CONFIRM_baseline_default_off_46.pcap,/opt/praxis/logs/RQ7_CONFIRM_baseline_default_off_46_browser.json,21273,67,34,33,0,10458,4831,15289,1.139046,44,0,0,0,1823,0,-1369,0,80,655,0,-255,0,-255,0,-208,0,-366,0,0,0,1.0,14.534368953081486,0.3792263497037098,1,0.0,0.6775133559980573,0.6166048901962013,mawi_day1_day2,20000,14.570962934208495,0.3805682913268877,0.6775133559980573,0.6170745697643136
RQ7_CONFIRM_baseline_default_off_47,baseline_default_off,default,off,1,none,standard_dns,1,/opt/praxis/pcaps/RQ7_CONFIRM_baseline_default_off_47.pcap,/opt/praxis/logs/RQ7_CONFIRM_baseline_default_off_47_browser.json,21457,68,35,33,0,10554,4831,15385,1.144308,40,0,0,0,1823,0,-1369,0,80,655,0,-255,0,-255,0,-574,0,0,0,0,1998,1.0,15.665735373964788,0.881826452287531,1,0.0,0.7668771248178727,0.7969831145415295,mawi_day1_day2,20000,15.700699593205258,0.8855957692643571,0.7668771248178727,0.7983023754834186
RQ7_CONFIRM_baseline_default_off_48,baseline_default_off,default,off,1,none,standard_dns,1,/opt/praxis/pcaps/RQ7_CONFIRM_baseline_default_off_48.pcap,/opt/praxis/logs/RQ7_CONFIRM_baseline_default_off_48_browser.json,21505,70,36,34,0,10426,4831,15257,1.146175,44,0,0,0,1727,0,-1369,0,80,655,0,-255,0,-255,0,-208,0,-366,0,0,0,1.0,14.543641939636275,0.3833457966907051,1,0.0,0.7901894123360855,0.6236804994585511,mawi_day1_day2,20000,14.582708499705646,0.38581892497919656,0.7901894123360855,0.6245460943595231
RQ7_CONFIRM_baseline_default_off_49,baseline_default_off,default,off,1,none,standard_dns,1,/opt/praxis/pcaps/RQ7_CONFIRM_baseline_default_off_49.pcap,/opt/praxis/logs/RQ7_CONFIRM_baseline_default_off_49_browser.json,21481,69,35,34,0,10490,4831,15321,1.1418,42,0,0,0,1727,0,-1369,0,80,655,0,-255,0,-255,0,-208,0,-366,0,0,0,1.0,14.528460722711436,0.3766016676066774,1,0.0,0.7785332685769791,0.620737247091186,mawi_day1_day2,20000,14.56650904675052,0.3785772648943064,0.7785332685769791,0.6214287061418562
RQ7_CONFIRM_baseline_default_off_50,baseline_default_off,default,off,1,none,standard_dns,1,/opt/praxis/pcaps/RQ7_CONFIRM_baseline_default_off_50.pcap,/opt/praxis/logs/RQ7_CONFIRM_baseline_default_off_50_browser.json,21369,67,34,33,0,10554,4831,15385,1.139078,42,0,0,0,1823,0,-1369,0,80,655,0,-255,0,-255,0,-574,0,0,0,0,0,1.0,13.707039104492631,0.0116919602291033,1,0.0,0.7241379310344828,0.4902990826319103,mawi_day1_day2,20000,13.745846725157703,0.01171564346088479,0.7241379310344828,0.49030737176303385
RQ7_CONFIRM_camouflaged_c2_p1_01,camouflaged_c2_p1,camouflaged,c2,1,none,standard_dns,1,/opt/praxis/pcaps/RQ7_CONFIRM_camouflaged_c2_p1_01.pcap,/opt/praxis/logs/RQ7_CONFIRM_camouflaged_c2_p1_01_browser.json,20585,56,28,28,0,10648,4969,15617,0.184586,34,0,0,0,1800,0,-1377,0,88,687,0,-263,0,-263,0,-216,0,-374,0,-6,0,0.485,14.661352238866876,0.4356376160132924,1,0.0,0.3433705682370082,0.3878916940165027,mawi_day1_day2,20000,14.690929998136015,0.43419730588385647,0.34337056823700823,0.38738758547120017
RQ7_CONFIRM_camouflaged_c2_p1_02,camouflaged_c2_p1,camouflaged,c2,1,none,standard_dns,1,/opt/praxis/pcaps/RQ7_CONFIRM_camouflaged_c2_p1_02.pcap,/opt/praxis/logs/RQ7_CONFIRM_camouflaged_c2_p1_02_browser.json,20089,50,26,24,0,10712,4937,15649,0.197929,28,0,0,0,1768,0,-1377,0,88,687,0,-263,0,-263,0,-582,-6,0,0,6,2052,0.485,15.857421077069738,0.966981228199284,1,0.0,0.1024769305488101,0.5618172763971899,mawi_day1_day2,20000,15.881877249439189,0.9665878252959799,0.1024769305488101,0.5616795853810334
RQ7_CONFIRM_camouflaged_c2_p1_03,camouflaged_c2_p1,camouflaged,c2,1,none,standard_dns,1,/opt/praxis/pcaps/RQ7_CONFIRM_camouflaged_c2_p1_03.pcap,/opt/praxis/logs/RQ7_CONFIRM_camouflaged_c2_p1_03_browser.json,20153,52,26,26,0,10584,4953,15537,0.190154,32,0,0,0,1768,0,-1377,0,88,687,0,-263,0,-263,0,-582,0,-6,0,6,2020,0.49,15.883363579751496,0.9785059687859392,1,0.0,0.1335599805730937,0.5696550881037334,mawi_day1_day2,20000,15.908180249729291,0.978346085765721,0.13355998057309373,0.5695991290466571
RQ7_CONFIRM_camouflaged_c2_p1_04,camouflaged_c2_p1,camouflaged,c2,1,none,standard_dns,1,/opt/praxis/pcaps/RQ7_CONFIRM_camouflaged_c2_p1_04.pcap,/opt/praxis/logs/RQ7_CONFIRM_camouflaged_c2_p1_04_browser.json,20417,53,27,26,0,10736,4977,15713,0.188321,34,0,0,0,1832,0,-1377,0,88,687,0,-263,0,-263,0,-216,0,-374,0,-6,0,0.485,14.65060260575178,0.4308621810996708,1,0.0,0.2617775619232637,0.382140641481048,mawi_day1_day2,20000,14.678583555602527,0.42867806147894844,0.26177756192326374,0.3813761996137951
RQ7_CONFIRM_camouflaged_c2_p1_05,camouflaged_c2_p1,camouflaged,c2,1,none,standard_dns,1,/opt/praxis/pcaps/RQ7_CONFIRM_camouflaged_c2_p1_05.pcap,/opt/praxis/logs/RQ7_CONFIRM_camouflaged_c2_p1_05_browser.json,20897,58,29,29,0,10776,4977,15753,0.183114,34,0,0,0,1768,0,-1377,0,88,687,0,-263,0,-263,0,-216,0,-374,0,-6,0,0.49,14.668729728061004,0.4389150040967078,1,0.0,0.4949004371053909,0.3988652732891173,mawi_day1_day2,20000,14.69970872918124,0.43812167211907965,0.49490043710539094,0.39858760709694746
RQ7_CONFIRM_camouflaged_c2_p1_06,camouflaged_c2_p1,camouflaged,c2,1,none,standard_dns,1,/opt/praxis/pcaps/RQ7_CONFIRM_camouflaged_c2_p1_06.pcap,/opt/praxis/logs/RQ7_CONFIRM_camouflaged_c2_p1_06_browser.json,20193,52,26,26,0,10616,4961,15577,0.189476,30,0,0,0,1768,0,-1377,0,88,687,0,-263,0,-263,0,-216,0,-374,-6,0,0,0.485,14.617456989417038,0.4161375173103396,1,0.0,0.152986886838271,0.3715474754005324,mawi_day1_day2,20000,14.644425329153732,0.4134082702254971,0.152986886838271,0.37059223892083754
RQ7_CONFIRM_camouflaged_c2_p1_07,camouflaged_c2_p1,camouflaged,c2,1,none,standard_dns,1,/opt/praxis/pcaps/RQ7_CONFIRM_camouflaged_c2_p1_07.pcap,/opt/praxis/logs/RQ7_CONFIRM_camouflaged_c2_p1_07_browser.json,20441,53,27,26,0,10776,4961,15737,0.183895,30,0,0,0,1800,0,-1377,0,88,687,0,-263,0,-263,0,-216,0,-374,-6,0,0,0.485,14.62249901443906,0.418377394901297,1,0.0,0.2734337056823701,0.3783537734995724,mawi_day1_day2,20000,14.650579324432474,0.41615929781242367,0.2734337056823701,0.37757743951846673
RQ7_CONFIRM_camouflaged_c2_p1_08,camouflaged_c2_p1,camouflaged,c2,1,none,standard_dns,1,/opt/praxis/pcaps/RQ7_CONFIRM_camouflaged_c2_p1_08.pcap,/opt/praxis/logs/RQ7_CONFIRM_camouflaged_c2_p1_08_browser.json,20481,54,27,27,0,10712,4977,15689,0.190767,38,0,0,0,1736,0,-1377,0,88,687,0,-263,0,-263,0,-216,0,-374,0,-6,0,0.485,14.678280841889276,0.4431580068067688,1,0.0,0.2928606119475473,0.3879983329797464,mawi_day1_day2,20000,14.706580062389168,0.441193372105473,0.29286061194754737,0.3873107108342929
RQ7_CONFIRM_camouflaged_c2_p1_09,camouflaged_c2_p1,camouflaged,c2,1,none,standard_dns,1,/opt/praxis/pcaps/RQ7_CONFIRM_camouflaged_c2_p1_09.pcap,/opt/praxis/logs/RQ7_CONFIRM_camouflaged_c2_p1_09_browser.json,20193,50,25,25,0,10800,4953,15753,0.191965,32,0,0,0,1800,0,-1377,0,88,687,0,-263,0,-263,0,-582,0,-6,0,6,2052,0.49,15.884438583838843,0.9789835303916276,1,0.0,0.152986886838271,0.5707935799789832,mawi_day1_day2,20000,15.907947916713043,0.9782422256702705,0.152986886838271,0.5705341233265082
RQ7_CONFIRM_camouflaged_c2_p1_10,camouflaged_c2_p1,camouflaged,c2,1,none,standard_dns,1,/opt/praxis/pcaps/RQ7_CONFIRM_camouflaged_c2_p1_10.pcap,/opt/praxis/logs/RQ7_CONFIRM_camouflaged_c2_p1_10_browser.json,20313,52,26,26,0,10744,4953,15697,0.189412,34,0,0,0,1832,0,-1377,0,88,687,0,-263,0,-263,0,-582,0,-6,0,6,2084,0.5,15.91206835019258,0.9912578238012848,1,0.0,0.2112676056338028,0.5825036186121398,mawi_day1_day2,20000,15.93676173451317,0.9911228997791107,0.2112676056338028,0.5824563952043789
RQ7_CONFIRM_camouflaged_c2_p1_11,camouflaged_c2_p1,camouflaged,c2,1,none,standard_dns,1,/opt/praxis/pcaps/RQ7_CONFIRM_camouflaged_c2_p1_11.pcap,/opt/praxis/logs/RQ7_CONFIRM_camouflaged_c2_p1_11_browser.json,20497,54,27,27,0,10744,4961,15705,0.187201,36,0,0,0,1768,0,-1377,0,88,687,0,-263,0,-263,0,-582,0,-6,0,6,2084,0.5,15.930372898272443,0.999389466718093,1,0.0,0.3006313744536182,0.5898178820740135,mawi_day1_day2,20000,15.956399040517207,0.9999013872661968,0.30063137445361826,0.5899970542658498
RQ7_CONFIRM_camouflaged_c2_p1_12,camouflaged_c2_p1,camouflaged,c2,1,none,standard_dns,1,/opt/praxis/pcaps/RQ7_CONFIRM_camouflaged_c2_p1_12.pcap,/opt/praxis/logs/RQ7_CONFIRM_camouflaged_c2_p1_12_browser.json,20649,56,28,28,0,10712,4969,15681,0.200795,34,0,0,0,1800,0,-1377,0,88,687,0,-263,0,-263,0,-216,0,-374,0,-6,0,0.485,14.661269089200632,0.4356006774671135,1,0.0,0.3744536182612918,0.3894329180265543,mawi_day1_day2,20000,14.690862303009885,0.4341670440537688,0.37445361826129187,0.3889311463318837
RQ7_CONFIRM_camouflaged_c2_p1_13,camouflaged_c2_p1,camouflaged,c2,1,none,standard_dns,1,/opt/praxis/pcaps/RQ7_CONFIRM_camouflaged_c2_p1_13.pcap,/opt/praxis/logs/RQ7_CONFIRM_camouflaged_c2_p1_13_browser.json,20353,52,26,26,0,10768,4969,15737,0.187664,34,0,0,0,1768,0,-1377,0,88,687,0,-263,0,-263,0,-216,0,-374,0,-6,0,0.485,14.645483193178194,0.4285879247339528,1,0.0,0.23069451189898,0.3797904992518324,mawi_day1_day2,20000,14.672418171037165,0.4259219425261259,0.23069451189898008,0.378857405479093
RQ7_CONFIRM_camouflaged_c2_p1_14,camouflaged_c2_p1,camouflaged,c2,1,none,standard_dns,1,/opt/praxis/pcaps/RQ7_CONFIRM_camouflaged_c2_p1_14.pcap,/opt/praxis/logs/RQ7_CONFIRM_camouflaged_c2_p1_14_browser.json,20033,51,25,26,0,10552,4953,15505,0.189224,34,0,0,0,1768,0,-1377,0,88,687,0,-263,0,-263,0,-582,0,-6,0,6,1988,0.49,15.884351864108805,0.9789450058743634,1,0.0,0.0752792617775619,0.5668947151449052,mawi_day1_day2,20000,15.908089139244005,0.9783053565407009,0.07527926177756192,0.5666708378781233
RQ7_CONFIRM_camouflaged_c2_p1_15,camouflaged_c2_p1,camouflaged,c2,1,none,standard_dns,1,/opt/praxis/pcaps/RQ7_CONFIRM_camouflaged_c2_p1_15.pcap,/opt/praxis/logs/RQ7_CONFIRM_camouflaged_c2_p1_15_browser.json,20201,52,26,26,0,10616,4969,15585,0.191309,36,0,0,0,1768,0,-1377,0,88,687,0,-263,0,-263,0,-582,0,-6,0,6,2020,0.49,15.907980998538289,0.9894420518967764,1,0.0,0.1568722680913064,0.5746483315684371,mawi_day1_day2,20000,15.932769027330544,0.9893380352954045,0.15687226809130647,0.5746119257579568
RQ7_CONFIRM_camouflaged_c2_p1_16,camouflaged_c2_p1,camouflaged,c2,1,none,standard_dns,1,/opt/praxis/pcaps/RQ7_CONFIRM_camouflaged_c2_p1_16.pcap,/opt/praxis/logs/RQ7_CONFIRM_camouflaged_c2_p1_16_browser.json,20817,57,28,29,0,10776,4985,15761,0.18772,32,0,0,0,1768,0,-1377,0,88,687,0,-263,0,-263,0,-216,0,-374,-6,0,0,0.485,14.651133318355036,0.4310979457501983,1,0.0,0.4560466245750364,0.3919366122413212,mawi_day1_day2,20000,14.681019451510144,0.4297669828279594,0.4560466245750364,0.39147077521853757
RQ7_CONFIRM_camouflaged_c2_p1_17,camouflaged_c2_p1,camouflaged,c2,1,none,standard_dns,1,/opt/praxis/pcaps/RQ7_CONFIRM_camouflaged_c2_p1_17.pcap,/opt/praxis/logs/RQ7_CONFIRM_camouflaged_c2_p1_17_browser.json,20385,54,27,27,0,10616,4977,15593,0.192556,40,0,0,0,1832,0,-1377,0,88,687,0,-263,0,-263,0,-216,0,-374,0,-6,0,0.485,14.691793783607658,0.4491610185353346,1,0.0,0.2462360369111219,0.3877681583329231,mawi_day1_day2,20000,14.719904639726389,0.4471498732366084,0.2462360369111219,0.387064257478369
RQ7_CONFIRM_camouflaged_c2_p1_18,camouflaged_c2_p1,camouflaged,c2,1,none,standard_dns,1,/opt/praxis/pcaps/RQ7_CONFIRM_camouflaged_c2_p1_18.pcap,/opt/praxis/logs/RQ7_CONFIRM_camouflaged_c2_p1_18_browser.json,20409,53,26,27,0,10744,4961,15705,0.186782,32,0,0,0,1768,0,-1377,0,88,687,0,-263,0,-263,0,-582,0,-6,0,6,2052,0.49,15.894680133370812,0.9835332534083016,1,0.0,0.2578921806702283,0.5776312477264169,mawi_day1_day2,20000,15.91969914012533,0.9834953885868893,0.2578921806702283,0.5776179950389226
RQ7_CONFIRM_camouflaged_c2_p1_19,camouflaged_c2_p1,camouflaged,c2,1,none,standard_dns,1,/opt/praxis/pcaps/RQ7_CONFIRM_camouflaged_c2_p1_19.pcap,/opt/praxis/logs/RQ7_CONFIRM_camouflaged_c2_p1_19_browser.json,20337,54,27,27,0,10584,4961,15545,0.191449,30,0,0,0,1736,0,-1377,0,88,687,0,-263,0,-263,0,-216,0,-374,0,-6,0,0.485,14.624672396506648,0.4193429017697705,1,0.0,0.2229237493929091,0.3761662030890651,mawi_day1_day2,20000,14.653055538066916,0.4172662424412249,0.22292374939290918,0.3754393723240742
RQ7_CONFIRM_camouflaged_c2_p1_20,camouflaged_c2_p1,camouflaged,c2,1,none,standard_dns,1,/opt/praxis/pcaps/RQ7_CONFIRM_camouflaged_c2_p1_20.pcap,/opt/praxis/logs/RQ7_CONFIRM_camouflaged_c2_p1_20_browser.json,20441,53,26,27,0,10776,4961,15737,0.190748,38,0,0,0,1832,0,-1377,0,88,687,0,-263,0,-263,0,-582,0,-6,0,6,2052,0.49,15.931747225198423,1.0,1,0.0,0.2734337056823701,0.5841716852841186,mawi_day1_day2,20000,15.95661963528737,1.0,0.2734337056823701,0.5841716852841186
RQ7_CONFIRM_camouflaged_c2_p1_21,camouflaged_c2_p1,camouflaged,c2,1,none,standard_dns,1,/opt/praxis/pcaps/RQ7_CONFIRM_camouflaged_c2_p1_21.pcap,/opt/praxis/logs/RQ7_CONFIRM_camouflaged_c2_p1_21_browser.json,20577,54,27,27,0,10808,4977,15785,0.185189,36,0,0,0,1800,0,-1377,0,88,687,0,-263,0,-263,0,-216,0,-374,0,-6,0,0.485,14.667017900030745,0.4381545387622827,1,0.0,0.3394851869839728,0.3885783479159976,mawi_day1_day2,20000,14.695242481814862,0.43612512042243096,0.3394851869839728,0.38786805149704945
RQ7_CONFIRM_camouflaged_c2_p1_22,camouflaged_c2_p1,camouflaged,c2,1,none,standard_dns,1,/opt/praxis/pcaps/RQ7_CONFIRM_camouflaged_c2_p1_22.pcap,/opt/praxis/logs/RQ7_CONFIRM_camouflaged_c2_p1_22_browser.json,20473,54,27,27,0,10712,4969,15681,0.190576,36,0,0,0,1736,0,-1377,0,88,687,0,-263,0,-263,0,-216,0,-374,0,-6,0,0.485,14.665674359592613,0.4375576821209981,1,0.0,0.2889752306945119,0.3858439502770749,mawi_day1_day2,20000,14.693994506750187,0.43556723669402153,0.2889752306945119,0.3851472943776331
RQ7_CONFIRM_camouflaged_c2_p1_23,camouflaged_c2_p1,camouflaged,c2,1,none,standard_dns,1,/opt/praxis/pcaps/RQ7_CONFIRM_camouflaged_c2_p1_23.pcap,/opt/praxis/logs/RQ7_CONFIRM_camouflaged_c2_p1_23_browser.json,20497,54,27,27,0,10744,4961,15705,0.185256,34,0,0,0,1832,0,-1377,0,88,687,0,-263,0,-263,0,-582,0,-6,0,6,2052,0.49,15.911925542042368,0.9911943824708532,1,0.0,0.3006313744536182,0.5824496025874796,mawi_day1_day2,20000,15.937887126417024,0.9916259850161606,0.30063137445361826,0.5826006634783372
RQ7_CONFIRM_camouflaged_c2_p1_24,camouflaged_c2_p1,camouflaged,c2,1,none,standard_dns,1,/opt/praxis/pcaps/RQ7_CONFIRM_camouflaged_c2_p1_24.pcap,/opt/praxis/logs/RQ7_CONFIRM_camouflaged_c2_p1_24_browser.json,20649,56,28,28,0,10712,4969,15681,0.195062,32,0,0,0,1768,0,-1377,0,88,687,0,-263,0,-263,0,-216,0,-374,0,-6,0,0.485,14.647268720812882,0.4293811305033619,1,0.0,0.3744536182612918,0.3872560765892412,mawi_day1_day2,20000,14.676938537320684,0.42794268706454447,0.37445361826129187,0.38675262138565514
RQ7_CONFIRM_camouflaged_c2_p1_25,camouflaged_c2_p1,camouflaged,c2,1,none,standard_dns,1,/opt/praxis/pcaps/RQ7_CONFIRM_camouflaged_c2_p1_25.pcap,/opt/praxis/logs/RQ7_CONFIRM_camouflaged_c2_p1_25_browser.json,20249,52,26,26,0,10680,4953,15633,0.18706,32,0,0,0,1832,0,-1377,0,88,687,0,-263,0,-263,0,-582,0,-6,0,6,1988,0.49,15.876895739568004,0.9756326846936108,1,0.0,0.1801845556095191,0.5709806674232397,mawi_day1_day2,20000,15.901636365122396,0.9754207655040338,0.18018455560951918,0.5709064957068878
RQ7_CONFIRM_camouflaged_c2_p1_26,camouflaged_c2_p1,camouflaged,c2,1,none,standard_dns,1,/opt/praxis/pcaps/RQ7_CONFIRM_camouflaged_c2_p1_26.pcap,/opt/praxis/logs/RQ7_CONFIRM_camouflaged_c2_p1_26_browser.json,20473,54,27,27,0,10712,4969,15681,0.187648,32,0,0,0,1832,0,-1377,0,88,687,0,-263,0,-263,0,-582,0,-6,0,6,2020,0.49,15.891852321039266,0.9822770213497144,1,0.0,0.2889752306945119,0.5787457190071257,mawi_day1_day2,20000,15.917847820265713,0.9826677909409142,0.2889752306945119,0.5788824883640455
RQ7_CONFIRM_camouflaged_c2_p1_27,camouflaged_c2_p1,camouflaged,c2,1,none,standard_dns,1,/opt/praxis/pcaps/RQ7_CONFIRM_camouflaged_c2_p1_27.pcap,/opt/praxis/logs/RQ7_CONFIRM_camouflaged_c2_p1_27_browser.json,20345,52,26,26,0,10776,4953,15729,0.186909,30,0,0,0,1832,0,-1377,0,88,687,0,-263,0,-263,0,-582,0,-6,0,6,2052,0.49,15.879251584234192,0.9766792490506948,1,0.0,0.2268091306459446,0.5736781937000404,mawi_day1_day2,20000,15.903997707983097,0.9764763593187411,0.22680913064594463,0.5736071822938565
RQ7_CONFIRM_camouflaged_c2_p1_28,camouflaged_c2_p1,camouflaged,c2,1,none,standard_dns,1,/opt/praxis/pcaps/RQ7_CONFIRM_camouflaged_c2_p1_28.pcap,/opt/praxis/logs/RQ7_CONFIRM_camouflaged_c2_p1_28_browser.json,20441,52,26,26,0,10872,4953,15825,0.186969,32,0,0,0,1832,0,-1377,0,88,687,0,-263,0,-263,0,-582,0,-6,0,6,2084,0.5,15.899846502612808,0.9858283698825788,1,0.0,0.2734337056823701,0.5837116147430211,mawi_day1_day2,20000,15.924569805137338,0.9856727275687698,0.2734337056823701,0.5836571399331879
RQ7_CONFIRM_camouflaged_c2_p1_29,camouflaged_c2_p1,camouflaged,c2,1,none,standard_dns,1,/opt/praxis/pcaps/RQ7_CONFIRM_camouflaged_c2_p1_29.pcap,/opt/praxis/logs/RQ7_CONFIRM_camouflaged_c2_p1_29_browser.json,20689,56,28,28,0,10744,4977,15721,0.19442,38,0,0,0,1800,0,-1377,0,88,687,0,-263,0,-263,0,-216,0,-374,0,-6,0,0.485,14.687054677399123,0.4470557101024527,1,0.0,0.3938805245264691,0.3944135247621819,mawi_day1_day2,20000,14.71659940712676,0.4456723313063767,0.39388052452646916,0.39392934218355524
RQ7_CONFIRM_camouflaged_c2_p1_30,camouflaged_c2_p1,camouflaged,c2,1,none,standard_dns,1,/opt/praxis/pcaps/RQ7_CONFIRM_camouflaged_c2_p1_30.pcap,/opt/praxis/logs/RQ7_CONFIRM_camouflaged_c2_p1_30_browser.json,20561,54,27,27,0,10808,4961,15769,0.19206,34,0,0,0,1768,0,-1377,0,88,687,0,-263,0,-263,0,-216,0,-374,-6,0,0,0.485,14.65330121640383,0.432061016389033,1,0.0,0.3317144244779019,0.3860570769600566,mawi_day1_day2,20000,14.681600709381984,0.43002682320289,0.3317144244779019,0.3853451093449066
RQ7_CONFIRM_camouflaged_c2_p1_31,camouflaged_c2_p1,camouflaged,c2,1,none,standard_dns,1,/opt/praxis/pcaps/RQ7_CONFIRM_camouflaged_c2_p1_31.pcap,/opt/praxis/logs/RQ7_CONFIRM_camouflaged_c2_p1_31_browser.json,20377,53,26,27,0,10704,4969,15673,0.188454,34,0,0,0,1736,0,-1377,0,88,687,0,-263,0,-263,0,-582,0,-6,0,6,2084,0.5,15.914028310656766,0.9921285199013076,1,0.0,0.2423506556580864,0.584362514748362,mawi_day1_day2,20000,15.939064902280052,0.9921524875147238,0.24235065565808644,0.5843709034130576
RQ7_CONFIRM_camouflaged_c2_p1_32,camouflaged_c2_p1,camouflaged,c2,1,none,standard_dns,1,/opt/praxis/pcaps/RQ7_CONFIRM_camouflaged_c2_p1_32.pcap,/opt/praxis/logs/RQ7_CONFIRM_camouflaged_c2_p1_32_browser.json,20601,56,28,28,0,10648,4985,15633,0.189031,34,0,0,0,1768,0,-1377,0,88,687,0,-263,0,-263,0,-216,0,-374,0,-6,0,0.485,14.660823091478369,0.4354025466963696,1,0.0,0.3511413307430792,0.3881979578808833,mawi_day1_day2,20000,14.690462126176437,0.4339881525436846,0.3511413307430792,0.38770291992744355
RQ7_CONFIRM_camouflaged_c2_p1_33,camouflaged_c2_p1,camouflaged,c2,1,none,standard_dns,1,/opt/praxis/pcaps/RQ7_CONFIRM_camouflaged_c2_p1_33.pcap,/opt/praxis/logs/RQ7_CONFIRM_camouflaged_c2_p1_33_browser.json,20105,51,26,25,0,10608,4969,15577,0.184619,32,0,0,0,1736,0,-1377,0,88,687,0,-263,0,-263,0,-582,0,-6,0,6,2020,0.49,15.879551984297551,0.9768126992750192,1,0.0,0.110247693054881,0.5678968293990008,mawi_day1_day2,20000,15.904223466007792,0.9765772801881564,0.11024769305488101,0.5678144327185988
RQ7_CONFIRM_camouflaged_c2_p1_34,camouflaged_c2_p1,camouflaged,c2,1,none,standard_dns,1,/opt/praxis/pcaps/RQ7_CONFIRM_camouflaged_c2_p1_34.pcap,/opt/praxis/logs/RQ7_CONFIRM_camouflaged_c2_p1_34_browser.json,20217,52,26,26,0,10648,4953,15601,0.188466,34,0,0,0,1736,0,-1377,0,88,687,0,-263,0,-263,0,-582,0,-6,0,6,2052,0.49,15.903030162894227,0.9872426844269188,1,0.0,0.1646430305973773,0.5742670910792904,mawi_day1_day2,20000,15.927869518117305,0.9871478020570758,0.16464303059737737,0.5742338822498454
RQ7_CONFIRM_camouflaged_c2_p1_35,camouflaged_c2_p1,camouflaged,c2,1,none,standard_dns,1,/opt/praxis/pcaps/RQ7_CONFIRM_camouflaged_c2_p1_35.pcap,/opt/praxis/logs/RQ7_CONFIRM_camouflaged_c2_p1_35_browser.json,20689,56,28,28,0,10744,4977,15721,0.182962,38,0,0,0,1736,0,-1377,0,88,687,0,-263,0,-263,0,-216,0,-374,-6,0,0,0.485,14.686146221223751,0.4466521360184894,1,0.0,0.3938805245264691,0.3942722738327947,mawi_day1_day2,20000,14.715789481977167,0.44531026953529085,0.39388052452646916,0.3938026205636752
RQ7_CONFIRM_camouflaged_c2_p1_36,camouflaged_c2_p1,camouflaged,c2,1,none,standard_dns,1,/opt/praxis/pcaps/RQ7_CONFIRM_camouflaged_c2_p1_36.pcap,/opt/praxis/logs/RQ7_CONFIRM_camouflaged_c2_p1_36_browser.json,20225,52,26,26,0,10648,4961,15609,0.184936,32,0,0,0,1736,0,-1377,0,88,687,0,-263,0,-263,0,-582,0,-6,0,6,2052,0.49,15.890609305978478,0.9817248222694396,1,0.0,0.1685284118504128,0.5725301083868244,mawi_day1_day2,20000,15.91546921887352,0.9816044820250253,0.1685284118504128,0.5724879893012794
RQ7_CONFIRM_camouflaged_c2_p1_37,camouflaged_c2_p1,camouflaged,c2,1,none,standard_dns,1,/opt/praxis/pcaps/RQ7_CONFIRM_camouflaged_c2_p1_37.pcap,/opt/praxis/logs/RQ7_CONFIRM_camouflaged_c2_p1_37_browser.json,20569,54,27,27,0,10808,4969,15777,0.189214,36,0,0,0,1800,0,-1377,0,88,687,0,-263,0,-263,0,-216,0,-374,0,-6,0,0.485,14.666938233968972,0.4381191477783545,1,0.0,0.3355998057309373,0.3883716920089709,mawi_day1_day2,20000,14.695161985715876,0.43608913615872563,0.33559980573093734,0.3876611879421008
RQ7_CONFIRM_camouflaged_c2_p1_38,camouflaged_c2_p1,camouflaged,c2,1,none,standard_dns,1,/opt/praxis/pcaps/RQ7_CONFIRM_camouflaged_c2_p1_38.pcap,/opt/praxis/logs/RQ7_CONFIRM_camouflaged_c2_p1_38_browser.json,20529,54,27,27,0,10768,4969,15737,0.192467,34,0,0,0,1800,0,-1377,0,88,687,0,-263,0,-263,0,-216,0,-374,-6,0,0,0.485,14.653770689020051,0.4322695756857544,1,0.0,0.3161728994657601,0.385352996463302,mawi_day1_day2,20000,14.682017369592389,0.430213083295932,0.3161728994657601,0.3846332241268642
RQ7_CONFIRM_camouflaged_c2_p1_39,camouflaged_c2_p1,camouflaged,c2,1,none,standard_dns,1,/opt/praxis/pcaps/RQ7_CONFIRM_camouflaged_c2_p1_39.pcap,/opt/praxis/logs/RQ7_CONFIRM_camouflaged_c2_p1_39_browser.json,20561,54,27,27,0,10808,4961,15769,0.186439,36,0,0,0,1800,0,-1377,0,88,687,0,-263,0,-263,0,-216,0,-374,0,-6,0,0.485,14.666947263942069,0.4381231592686374,1,0.0,0.3317144244779019,0.3881788269679181,mawi_day1_day2,20000,14.69516620434139,0.4360910220157411,0.3317144244779019,0.38746757892940453
RQ7_CONFIRM_camouflaged_c2_p1_40,camouflaged_c2_p1,camouflaged,c2,1,none,standard_dns,1,/opt/praxis/pcaps/RQ7_CONFIRM_camouflaged_c2_p1_40.pcap,/opt/praxis/logs/RQ7_CONFIRM_camouflaged_c2_p1_40_browser.json,20441,53,26,27,0,10776,4961,15737,0.188658,34,0,0,0,1800,0,-1377,0,88,687,0,-263,0,-263,0,-216,0,-374,0,-6,0,0.485,14.649703202780824,0.4304626288263109,1,0.0,0.2734337056823701,0.3825836053733273,mawi_day1_day2,20000,14.676797750280132,0.42787975087189284,0.2734337056823701,0.381679598089281
RQ7_CONFIRM_camouflaged_c2_p1_41,camouflaged_c2_p1,camouflaged,c2,1,none,standard_dns,1,/opt/praxis/pcaps/RQ7_CONFIRM_camouflaged_c2_p1_41.pcap,/opt/praxis/logs/RQ7_CONFIRM_camouflaged_c2_p1_41_browser.json,20681,56,28,28,0,10744,4969,15713,0.185442,34,0,0,0,1800,0,-1377,0,88,687,0,-263,0,-263,0,-216,0,-374,-6,0,0,0.485,14.66152901593728,0.4357161477533897,1,0.0,0.3899951432734337,0.390250408877358,mawi_day1_day2,20000,14.691116930838911,0.4342808706250159,0.3899951432734337,0.3897480618824273
RQ7_CONFIRM_camouflaged_c2_p1_42,camouflaged_c2_p1,camouflaged,c2,1,none,standard_dns,1,/opt/praxis/pcaps/RQ7_CONFIRM_camouflaged_c2_p1_42.pcap,/opt/praxis/logs/RQ7_CONFIRM_camouflaged_c2_p1_42_browser.json,20601,56,27,29,0,10648,4985,15633,0.183959,38,0,0,0,1768,0,-1377,0,88,687,0,-263,0,-263,0,-216,0,-374,0,-6,0,0.485,14.686044776576376,0.4466070700794305,1,0.0,0.3511413307430792,0.3921195410649546,mawi_day1_day2,20000,14.714702837849824,0.4448245057613378,0.3511413307430792,0.39149564355362215
RQ7_CONFIRM_camouflaged_c2_p1_43,camouflaged_c2_p1,camouflaged,c2,1,none,standard_dns,1,/opt/praxis/pcaps/RQ7_CONFIRM_camouflaged_c2_p1_43.pcap,/opt/praxis/logs/RQ7_CONFIRM_camouflaged_c2_p1_43_browser.json,20537,55,28,27,0,10680,4977,15657,0.187186,36,0,0,0,1736,0,-1377,0,88,687,0,-263,0,-263,0,-216,0,-374,0,-6,0,0.485,14.669756374611357,0.4393710832696449,1,0.0,0.3200582807187955,0.3880327931803155,mawi_day1_day2,20000,14.69921243286717,0.43789981220703056,0.32005828071879555,0.38751784830840047
RQ7_CONFIRM_camouflaged_c2_p1_44,camouflaged_c2_p1,camouflaged,c2,1,none,standard_dns,1,/opt/praxis/pcaps/RQ7_CONFIRM_camouflaged_c2_p1_44.pcap,/opt/praxis/logs/RQ7_CONFIRM_camouflaged_c2_p1_44_browser.json,20481,52,27,25,0,10904,4961,15865,0.187357,30,0,0,0,1832,0,-1377,0,88,687,0,-263,0,-263,0,-582,0,-6,0,6,2084,0.5,15.887268618997748,0.980240749922742,1,0.0,0.2928606119475473,0.582727293070337,mawi_day1_day2,20000,15.91288142850654,0.9804476591211568,0.29286061194754737,0.5827997112897823
RQ7_CONFIRM_camouflaged_c2_p1_45,camouflaged_c2_p1,camouflaged,c2,1,none,standard_dns,1,/opt/praxis/pcaps/RQ7_CONFIRM_camouflaged_c2_p1_45.pcap,/opt/praxis/logs/RQ7_CONFIRM_camouflaged_c2_p1_45_browser.json,20625,56,28,28,0,10680,4977,15657,0.190874,38,0,0,0,1768,0,-1377,0,88,687,0,-263,0,-263,0,-216,0,-374,0,-6,0,0.485,14.686450722668043,0.4467874082471096,1,0.0,0.3627974745021855,0.3927654666115976,mawi_day1_day2,20000,14.716039243654025,0.44542192078493814,0.3627974745021855,0.3922875459998376
RQ7_CONFIRM_camouflaged_c2_p1_46,camouflaged_c2_p1,camouflaged,c2,1,none,standard_dns,1,/opt/praxis/pcaps/RQ7_CONFIRM_camouflaged_c2_p1_46.pcap,/opt/praxis/logs/RQ7_CONFIRM_camouflaged_c2_p1_46_browser.json,20289,52,26,26,0,10704,4969,15673,0.181052,38,0,0,0,1800,0,-1377,0,88,687,0,-263,0,-263,0,-216,0,-374,0,-6,0,0.485,14.671612880479875,0.4401958205278327,1,0.0,0.1996114618746964,0.3822991102784762,mawi_day1_day2,20000,14.69843833161422,0.4375537648336603,0.19961146187469644,0.38137439078551594
RQ7_CONFIRM_camouflaged_c2_p1_47,camouflaged_c2_p1,camouflaged,c2,1,none,standard_dns,1,/opt/praxis/pcaps/RQ7_CONFIRM_camouflaged_c2_p1_47.pcap,/opt/praxis/logs/RQ7_CONFIRM_camouflaged_c2_p1_47_browser.json,20513,54,26,28,0,10744,4977,15721,0.181752,34,0,0,0,1800,0,-1377,0,88,687,0,-263,0,-263,0,-582,0,-6,0,6,2052,0.49,15.911136890563249,0.990844030624632,1,0.0,0.3084021369596891,0.5827155175666057,mawi_day1_day2,20000,15.936287926921121,0.99091109302633,0.30840213695968915,0.5827389894071999
RQ7_CONFIRM_camouflaged_c2_p1_48,camouflaged_c2_p1,camouflaged,c2,1,none,standard_dns,1,/opt/praxis/pcaps/RQ7_CONFIRM_camouflaged_c2_p1_48.pcap,/opt/praxis/logs/RQ7_CONFIRM_camouflaged_c2_p1_48_browser.json,20401,54,27,27,0,10640,4969,15609,0.190794,36,0,0,0,1800,0,-1377,0,88,687,0,-263,0,-263,0,-216,0,-374,0,-6,0,0.485,14.666589187869748,0.4379640869580595,1,0.0,0.2540067994171928,0.3842377704061804,mawi_day1_day2,20000,14.694796984097623,0.435925969065544,0.2540067994171928,0.3835244291438
RQ7_CONFIRM_camouflaged_c2_p1_49,camouflaged_c2_p1,camouflaged,c2,1,none,standard_dns,1,/opt/praxis/pcaps/RQ7_CONFIRM_camouflaged_c2_p1_49.pcap,/opt/praxis/logs/RQ7_CONFIRM_camouflaged_c2_p1_49_browser.json,20465,54,27,27,0,10712,4961,15673,0.185285,32,0,0,0,1832,0,-1377,0,88,687,0,-263,0,-263,0,-216,0,-374,0,-6,0,0.485,14.640691203220284,0.4264591231361954,1,0.0,0.2850898494414764,0.3817651855697422,mawi_day1_day2,20000,14.668899518137733,0.4243489950738271,0.2850898494414764,0.3810266407479133
RQ7_CONFIRM_camouflaged_c2_p1_50,camouflaged_c2_p1,camouflaged,c2,1,none,standard_dns,1,/opt/praxis/pcaps/RQ7_CONFIRM_camouflaged_c2_p1_50.pcap,/opt/praxis/logs/RQ7_CONFIRM_camouflaged_c2_p1_50_browser.json,20529,54,27,27,0,10776,4961,15737,0.181503,36,0,0,0,1832,0,-1377,0,88,687,0,-263,0,-263,0,-216,0,-374,0,-6,0,0.485,14.667466992513896,0.4383540443547558,1,0.0,0.3161728994657601,0.3874825604974525,mawi_day1_day2,20000,14.695628359708497,0.4362976198610056,0.3161728994657601,0.38676281192463996
RQ7_CONFIRM_default_c2_p1_01,default_c2_p1,default,c2,1,none,standard_dns,1,/opt/praxis/pcaps/RQ7_CONFIRM_default_c2_p1_01.pcap,/opt/praxis/logs/RQ7_CONFIRM_default_c2_p1_01_browser.json,20310,54,27,27,0,10557,4961,15518,0.189242,38,0,0,0,1736,0,-1377,0,88,663,0,-263,0,-263,0,-216,0,-374,0,-6,0,0.485,14.66217118091338,0.4360014241916035,1,0.0,0.2098105876639145,0.3813410278502569,mawi_day1_day2,20000,14.690477820595792,0.43399516843801855,0.20981058766391453,0.3806388383365022
RQ7_CONFIRM_default_c2_p1_02,default_c2_p1,default,c2,1,none,standard_dns,1,/opt/praxis/pcaps/RQ7_CONFIRM_default_c2_p1_02.pcap,/opt/praxis/logs/RQ7_CONFIRM_default_c2_p1_02_browser.json,20446,54,27,27,0,10685,4969,15654,0.189728,40,0,0,0,1768,0,-1377,0,88,663,0,-263,0,-263,0,-216,0,-374,0,-6,0,0.485,14.67514040908663,0.4417628957095746,1,0.0,0.2758620689655172,0.3866601169466269,mawi_day1_day2,20000,14.703387083570437,0.43976601111201497,0.27586206896551724,0.38596120733748107
RQ7_CONFIRM_default_c2_p1_03,default_c2_p1,default,c2,1,none,standard_dns,1,/opt/praxis/pcaps/RQ7_CONFIRM_default_c2_p1_03.pcap,/opt/praxis/logs/RQ7_CONFIRM_default_c2_p1_03_browser.json,20030,52,26,26,0,10461,4953,15414,0.196199,34,0,0,0,1768,0,-1377,0,88,663,0,-263,0,-263,0,-582,0,-6,0,6,1988,0.49,15.873357292509477,0.9740607590806736,1,0.0,0.0738222438076736,0.5651123778686195,mawi_day1_day2,20000,15.898180463914978,0.973875870012784,0.07382224380767363,0.5650476666948581
RQ7_CONFIRM_default_c2_p1_04,default_c2_p1,default,c2,1,none,standard_dns,1,/opt/praxis/pcaps/RQ7_CONFIRM_default_c2_p1_04.pcap,/opt/praxis/logs/RQ7_CONFIRM_default_c2_p1_04_browser.json,20438,55,27,28,0,10589,4969,15558,0.190956,36,0,0,0,1768,0,-1377,0,88,663,0,-263,0,-263,0,-216,0,-374,0,-6,0,0.485,14.653830151156964,0.4322959912444631,1,0.0,0.2719766877124818,0.3831524313211862,mawi_day1_day2,20000,14.682326037196393,0.4303510673299367,0.2719766877124818,0.3824717079511019
RQ7_CONFIRM_default_c2_p1_05,default_c2_p1,default,c2,1,none,standard_dns,1,/opt/praxis/pcaps/RQ7_CONFIRM_default_c2_p1_05.pcap,/opt/praxis/logs/RQ7_CONFIRM_default_c2_p1_05_browser.json,20254,52,26,26,0,10685,4953,15638,0.188936,34,0,0,0,1832,0,-1377,0,88,663,0,-263,0,-263,0,-582,0,-6,0,6,2052,0.49,15.88999109313962,0.9814501863685564,1,0.0,0.1826129188926663,0.5731382111736281,mawi_day1_day2,20000,15.914712808325207,0.9812663429476947,0.18261291889266634,0.5730738659763264
RQ7_CONFIRM_default_c2_p1_06,default_c2_p1,default,c2,1,none,standard_dns,1,/opt/praxis/pcaps/RQ7_CONFIRM_default_c2_p1_06.pcap,/opt/praxis/logs/RQ7_CONFIRM_default_c2_p1_06_browser.json,20318,53,26,27,0,10645,4969,15614,0.192563,32,0,0,0,1800,0,-1377,0,88,663,0,-263,0,-263,0,-216,0,-374,0,-6,0,0.485,14.62004845344297,0.417288753604112,1,0.0,0.2136959689169499,0.3749858622072867,mawi_day1_day2,20000,14.647189541986444,0.414643959467118,0.21369596891694997,0.3740601842593388
RQ7_CONFIRM_default_c2_p1_07,default_c2_p1,default,c2,1,none,standard_dns,1,/opt/praxis/pcaps/RQ7_CONFIRM_default_c2_p1_07.pcap,/opt/praxis/logs/RQ7_CONFIRM_default_c2_p1_07_browser.json,20222,52,26,26,0,10645,4961,15606,0.188237,32,0,0,0,1768,0,-1377,0,88,663,0,-263,0,-263,0,-216,0,-374,0,-6,0,0.485,14.615824198068406,0.4154121633629601,1,0.0,0.1670713938805245,0.3719978268710622,mawi_day1_day2,20000,14.642797915505577,0.41268076563073736,0.16707139388052453,0.37104183766478427
RQ7_CONFIRM_default_c2_p1_08,default_c2_p1,default,c2,1,none,standard_dns,1,/opt/praxis/pcaps/RQ7_CONFIRM_default_c2_p1_08.pcap,/opt/praxis/logs/RQ7_CONFIRM_default_c2_p1_08_browser.json,20438,55,28,27,0,10589,4969,15558,0.187041,32,0,0,0,1800,0,-1377,0,88,663,0,-263,0,-263,0,-216,0,-374,0,-6,0,0.485,14.628208554329127,0.4209138104086745,1,0.0,0.2719766877124818,0.3791686680286601,mawi_day1_day2,20000,14.657631753025559,0.4193119530771137,0.2719766877124818,0.3786080179626139
RQ7_CONFIRM_default_c2_p1_09,default_c2_p1,default,c2,1,none,standard_dns,1,/opt/praxis/pcaps/RQ7_CONFIRM_default_c2_p1_09.pcap,/opt/praxis/logs/RQ7_CONFIRM_default_c2_p1_09_browser.json,20070,51,25,26,0,10581,4961,15542,0.188315,34,0,0,0,1832,0,-1377,0,88,663,0,-263,0,-263,0,-582,0,-6,0,6,1988,0.49,15.870831907411713,0.9729388777999752,1,0.0,0.0932491500728509,0.565691064733634,mawi_day1_day2,20000,15.894500841642431,0.9722309642364972,0.0932491500728509,0.5654432949864165
RQ7_CONFIRM_default_c2_p1_10,default_c2_p1,default,c2,1,none,standard_dns,1,/opt/praxis/pcaps/RQ7_CONFIRM_default_c2_p1_10.pcap,/opt/praxis/logs/RQ7_CONFIRM_default_c2_p1_10_browser.json,20502,55,28,27,0,10653,4969,15622,0.188032,38,0,0,0,1800,0,-1377,0,88,663,0,-263,0,-263,0,-216,0,-374,0,-6,0,0.485,14.667535856480953,0.4383846365981415,1,0.0,0.3030597377367654,0.3868376096961878,mawi_day1_day2,20000,14.696887598627729,0.4368605388832716,0.3030597377367654,0.3863041754959833
RQ7_CONFIRM_default_c2_p1_11,default_c2_p1,default,c2,1,none,standard_dns,1,/opt/praxis/pcaps/RQ7_CONFIRM_default_c2_p1_11.pcap,/opt/praxis/logs/RQ7_CONFIRM_default_c2_p1_11_browser.json,20470,55,28,27,0,10621,4969,15590,0.193895,30,0,0,0,1832,0,-1377,0,88,663,0,-263,0,-263,0,-216,0,-374,0,-6,0,0.485,14.61458336316596,0.4148609327998571,1,0.0,0.2875182127246236,0.3778272371161811,mawi_day1_day2,20000,14.643990470561345,0.4132138748888285,0.2875182127246236,0.3772507668473211
RQ7_CONFIRM_default_c2_p1_12,default_c2_p1,default,c2,1,none,standard_dns,1,/opt/praxis/pcaps/RQ7_CONFIRM_default_c2_p1_12.pcap,/opt/praxis/logs/RQ7_CONFIRM_default_c2_p1_12_browser.json,20222,54,28,26,0,10461,4969,15430,0.186845,34,0,0,0,1800,0,-1377,0,88,663,0,-263,0,-263,0,-582,0,-6,0,6,1988,0.49,15.881580511279145,0.9777138554789006,1,0.0,0.1670713938805245,0.5710534191116414,mawi_day1_day2,20000,15.908472282472651,0.9784766334988406,0.16707139388052453,0.5713203914186205
RQ7_CONFIRM_default_c2_p1_13,default_c2_p1,default,c2,1,none,standard_dns,1,/opt/praxis/pcaps/RQ7_CONFIRM_default_c2_p1_13.pcap,/opt/praxis/logs/RQ7_CONFIRM_default_c2_p1_13_browser.json,20502,56,28,28,0,10557,4977,15534,0.186977,34,0,0,0,1736,0,-1377,0,88,663,0,-263,0,-263,0,-216,0,-374,0,-6,0,0.485,14.644319833926035,0.4280711120827346,1,0.0,0.3030597377367654,0.3832278761157954,mawi_day1_day2,20000,14.674030288813151,0.42664260938955884,0.3030597377367654,0.38272790017318387
RQ7_CONFIRM_default_c2_p1_14,default_c2_p1,default,c2,1,none,standard_dns,1,/opt/praxis/pcaps/RQ7_CONFIRM_default_c2_p1_14.pcap,/opt/praxis/logs/RQ7_CONFIRM_default_c2_p1_14_browser.json,20350,54,27,27,0,10589,4969,15558,0.190316,36,0,0,0,1768,0,-1377,0,88,663,0,-263,0,-263,0,-216,0,-374,0,-6,0,0.485,14.650186014561344,0.4306771139355901,1,0.0,0.2292374939290918,0.3804488645739111,mawi_day1_day2,20000,14.678470949518985,0.4286277230519187,0.2292374939290918,0.3797315777646261
RQ7_CONFIRM_default_c2_p1_15,default_c2_p1,default,c2,1,none,standard_dns,1,/opt/praxis/pcaps/RQ7_CONFIRM_default_c2_p1_15.pcap,/opt/praxis/logs/RQ7_CONFIRM_default_c2_p1_15_browser.json,20158,53,26,27,0,10485,4969,15454,0.191367,36,0,0,0,1736,0,-1377,0,88,663,0,-263,0,-263,0,-216,0,-374,0,-6,0,0.485,14.645326723895224,0.4285184145591592,1,0.0,0.1359883438562409,0.3750308622885177,mawi_day1_day2,20000,14.672506830767759,0.4259615761874573,0.1359883438562409,0.3741359688584221
RQ7_CONFIRM_default_c2_p1_16,default_c2_p1,default,c2,1,none,standard_dns,1,/opt/praxis/pcaps/RQ7_CONFIRM_default_c2_p1_16.pcap,/opt/praxis/logs/RQ7_CONFIRM_default_c2_p1_16_browser.json,20390,54,27,27,0,10621,4977,15598,0.190135,36,0,0,0,1736,0,-1377,0,88,663,0,-263,0,-263,0,-216,0,-374,0,-6,0,0.485,14.64974443053241,0.4304809439113213,1,0.0,0.248664400194269,0.3813515503786759,mawi_day1_day2,20000,14.67808879990663,0.4284568902712124,0.24866440019426905,0.3806431316046378
RQ7_CONFIRM_default_c2_p1_17,default_c2_p1,default,c2,1,none,standard_dns,1,/opt/praxis/pcaps/RQ7_CONFIRM_default_c2_p1_17.pcap,/opt/praxis/logs/RQ7_CONFIRM_default_c2_p1_17_browser.json,20342,55,27,28,0,10493,4969,15462,0.18957,32,0,0,0,1736,0,-1377,0,88,663,0,-263,0,-263,0,-216,0,-374,0,-6,0,0.485,14.626498334544696,0.4201540595240539,1,0.0,0.2253521126760563,0.3765715264672216,mawi_day1_day2,20000,14.65508855987433,0.4181750665178922,0.22535211267605634,0.3758788789150651
RQ7_CONFIRM_default_c2_p1_18,default_c2_p1,default,c2,1,none,standard_dns,1,/opt/praxis/pcaps/RQ7_CONFIRM_default_c2_p1_18.pcap,/opt/praxis/logs/RQ7_CONFIRM_default_c2_p1_18_browser.json,20374,54,27,27,0,10621,4961,15582,0.190205,34,0,0,0,1832,0,-1377,0,88,663,0,-263,0,-263,0,-216,0,-374,0,-6,0,0.485,14.638205330557344,0.4253547949253316,1,0.0,0.2408936376881981,0.379168860108276,mawi_day1_day2,20000,14.666411632790293,0.42323683282574087,0.24089363768819816,0.37842757337341915
RQ7_CONFIRM_default_c2_p1_19,default_c2_p1,default,c2,1,none,standard_dns,1,/opt/praxis/pcaps/RQ7_CONFIRM_default_c2_p1_19.pcap,/opt/praxis/logs/RQ7_CONFIRM_default_c2_p1_19_browser.json,20438,54,27,27,0,10685,4961,15646,0.183457,30,0,0,0,1800,0,-1377,0,88,663,0,-263,0,-263,0,-216,0,-374,0,-6,0,0.485,14.610210337625714,0.4129182526525952,1,0.0,0.2719766877124818,0.3763702228140324,mawi_day1_day2,20000,14.638524097235301,0.4107702357342239,0.2719766877124818,0.37561841689260245
RQ7_CONFIRM_default_c2_p1_20,default_c2_p1,default,c2,1,none,standard_dns,1,/opt/praxis/pcaps/RQ7_CONFIRM_default_c2_p1_20.pcap,/opt/praxis/logs/RQ7_CONFIRM_default_c2_p1_20_browser.json,20310,54,27,27,0,10557,4961,15518,0.188362,32,0,0,0,1832,0,-1377,0,88,663,0,-263,0,-263,0,-216,0,-374,0,-6,0,0.485,14.624534483380412,0.4192816350129412,1,0.0,0.2098105876639145,0.3754891016377251,mawi_day1_day2,20000,14.65275931999998,0.41713382373809377,0.20981058766391453,0.37473736769152854
RQ7_CONFIRM_default_c2_p1_21,default_c2_p1,default,c2,1,none,standard_dns,1,/opt/praxis/pcaps/RQ7_CONFIRM_default_c2_p1_21.pcap,/opt/praxis/logs/RQ7_CONFIRM_default_c2_p1_21_browser.json,20158,52,26,26,0,10589,4953,15542,0.189295,30,0,0,0,1800,0,-1377,0,88,663,0,-263,0,-263,0,-582,0,-6,0,6,2020,0.49,15.856282114379155,0.966475253517201,1,0.0,0.1359883438562409,0.5655657559238324,mawi_day1_day2,20000,15.881093794703993,0.9662375966246847,0.1359883438562409,0.5654825760114517
RQ7_CONFIRM_default_c2_p1_22,default_c2_p1,default,c2,1,none,standard_dns,1,/opt/praxis/pcaps/RQ7_CONFIRM_default_c2_p1_22.pcap,/opt/praxis/logs/RQ7_CONFIRM_default_c2_p1_22_browser.json,20134,52,26,26,0,10557,4961,15518,0.183099,32,0,0,0,1736,0,-1377,0,88,663,0,-263,0,-263,0,-582,0,-6,0,6,2052,0.49,15.875900038840031,0.9751903529443352,1,0.0,0.1243322000971345,0.568033233535374,mawi_day1_day2,20000,15.900773109890322,0.9750348635248434,0.12433220009713453,0.5679788122385518
RQ7_CONFIRM_default_c2_p1_23,default_c2_p1,default,c2,1,none,standard_dns,1,/opt/praxis/pcaps/RQ7_CONFIRM_default_c2_p1_23.pcap,/opt/praxis/logs/RQ7_CONFIRM_default_c2_p1_23_browser.json,20462,56,28,28,0,10525,4969,15494,0.182594,34,0,0,0,1736,0,-1377,0,88,663,0,-263,0,-263,0,-216,0,-374,0,-6,0,0.485,14.644287138110393,0.4280565872391522,1,0.0,0.2836328314715881,0.3822514471072827,mawi_day1_day2,20000,14.67398848044022,0.4266239197445254,0.28363283147158813,0.3817500134841633
RQ7_CONFIRM_default_c2_p1_24,default_c2_p1,default,c2,1,none,standard_dns,1,/opt/praxis/pcaps/RQ7_CONFIRM_default_c2_p1_24.pcap,/opt/praxis/logs/RQ7_CONFIRM_default_c2_p1_24_browser.json,20214,54,27,27,0,10453,4969,15422,0.183381,36,0,0,0,1736,0,-1377,0,88,663,0,-263,0,-263,0,-216,0,-374,0,-6,0,0.485,14.649474283340927,0.4303609332731712,1,0.0,0.163186012627489,0.3770356272769843,mawi_day1_day2,20000,14.677794300327633,0.4283252397857209,0.16318601262748908,0.3763231345563767
RQ7_CONFIRM_default_c2_p1_25,default_c2_p1,default,c2,1,none,standard_dns,1,/opt/praxis/pcaps/RQ7_CONFIRM_default_c2_p1_25.pcap,/opt/praxis/logs/RQ7_CONFIRM_default_c2_p1_25_browser.json,20534,56,27,29,0,10589,4977,15566,0.190506,32,0,0,0,1800,0,-1377,0,88,663,0,-263,0,-263,0,-216,0,-374,0,-6,0,0.485,14.631372933573155,0.4223195595128604,1,0.0,0.3186012627489072,0.3819919089669465,mawi_day1_day2,20000,14.660080778543442,0.420406743770902,0.3186012627489072,0.3813224234572611
RQ7_CONFIRM_default_c2_p1_26,default_c2_p1,default,c2,1,none,standard_dns,1,/opt/praxis/pcaps/RQ7_CONFIRM_default_c2_p1_26.pcap,/opt/praxis/logs/RQ7_CONFIRM_default_c2_p1_26_browser.json,20310,54,27,27,0,10557,4961,15518,0.194178,34,0,0,0,1736,0,-1377,0,88,663,0,-263,0,-263,0,-216,0,-374,0,-6,0,0.485,14.636448940378244,0.4245745332277086,1,0.0,0.2098105876639145,0.3773416160128937,mawi_day1_day2,20000,14.66480787977167,0.422519905269412,0.20981058766391453,0.3766224962274899
RQ7_CONFIRM_default_c2_p1_27,default_c2_p1,default,c2,1,none,standard_dns,1,/opt/praxis/pcaps/RQ7_CONFIRM_default_c2_p1_27.pcap,/opt/praxis/logs/RQ7_CONFIRM_default_c2_p1_27_browser.json,20406,54,27,27,0,10653,4961,15614,0.189932,30,0,0,0,1736,0,-1377,0,88,663,0,-263,0,-263,0,-216,0,-374,0,-6,0,0.485,14.608999550200384,0.4123803704307565,1,0.0,0.2564351627003399,0.3754048877857818,mawi_day1_day2,20000,14.637419541442158,0.41027646488770864,0.25643516270033995,0.37466852084571506
RQ7_CONFIRM_default_c2_p1_28,default_c2_p1,default,c2,1,none,standard_dns,1,/opt/praxis/pcaps/RQ7_CONFIRM_default_c2_p1_28.pcap,/opt/praxis/logs/RQ7_CONFIRM_default_c2_p1_28_browser.json,20622,57,28,29,0,10589,4977,15566,0.188902,36,0,0,0,1800,0,-1377,0,88,663,0,-263,0,-263,0,-216,0,-374,0,-6,0,0.485,14.662060365392144,0.4359521953199367,1,0.0,0.3613404565322972,0.3889002911885927,mawi_day1_day2,20000,14.691850961545379,0.43460900521590845,0.36134045653229724,0.3884301746521828
RQ7_CONFIRM_default_c2_p1_29,default_c2_p1,default,c2,1,none,standard_dns,1,/opt/praxis/pcaps/RQ7_CONFIRM_default_c2_p1_29.pcap,/opt/praxis/logs/RQ7_CONFIRM_default_c2_p1_29_browser.json,20350,53,26,27,0,10677,4969,15646,0.190608,40,0,0,0,1768,0,-1377,0,88,663,0,-263,0,-263,0,-216,0,-374,0,-6,0,0.485,14.671014055033291,0.4399297973143737,1,0.0,0.2292374939290918,0.3836873037564853,mawi_day1_day2,20000,14.698114506706478,0.437409005012734,0.2292374939290918,0.38280502645091147
RQ7_CONFIRM_default_c2_p1_30,default_c2_p1,default,c2,1,none,standard_dns,1,/opt/praxis/pcaps/RQ7_CONFIRM_default_c2_p1_30.pcap,/opt/praxis/logs/RQ7_CONFIRM_default_c2_p1_30_browser.json,20342,54,27,27,0,10589,4961,15550,0.193628,32,0,0,0,1768,0,-1377,0,88,663,0,-263,0,-263,0,-216,0,-374,-6,0,0,0.485,14.623483972610394,0.4188149543593258,1,0.0,0.2253521126760563,0.3761028396595668,mawi_day1_day2,20000,14.65181895900909,0.41671345308286345,0.22535211267605634,0.375367314212805
RQ7_CONFIRM_default_c2_p1_31,default_c2_p1,default,c2,1,none,standard_dns,1,/opt/praxis/pcaps/RQ7_CONFIRM_default_c2_p1_31.pcap,/opt/praxis/logs/RQ7_CONFIRM_default_c2_p1_31_browser.json,20318,55,28,27,0,10461,4977,15438,0.186683,34,0,0,0,1768,0,-1377,0,88,663,0,-263,0,-263,0,-216,0,-374,0,-6,0,0.485,14.64102709563992,0.4266083405439683,1,0.0,0.2136959689169499,0.3782477176362364,mawi_day1_day2,20000,14.67046533937605,0.4250489659427815,0.21369596891694997,0.377701936525821
RQ7_CONFIRM_default_c2_p1_32,default_c2_p1,default,c2,1,none,standard_dns,1,/opt/praxis/pcaps/RQ7_CONFIRM_default_c2_p1_32.pcap,/opt/praxis/logs/RQ7_CONFIRM_default_c2_p1_32_browser.json,20630,56,28,28,0,10685,4977,15662,0.186946,32,0,0,0,1768,0,-1377,0,88,663,0,-263,0,-263,0,-216,0,-374,-6,0,0,0.485,14.631543940553666,0.4223955279386158,1,0.0,0.3652258377853327,0.3843497266677821,mawi_day1_day2,20000,14.661241623633403,0.42092567768651007,0.3652258377853327,0.3838352790795451
RQ7_CONFIRM_default_c2_p1_33,default_c2_p1,default,c2,1,none,standard_dns,1,/opt/praxis/pcaps/RQ7_CONFIRM_default_c2_p1_33.pcap,/opt/praxis/logs/RQ7_CONFIRM_default_c2_p1_33_browser.json,20134,52,26,26,0,10549,4969,15518,0.190991,34,0,0,0,1768,0,-1377,0,88,663,0,-263,0,-263,0,-216,0,-374,-6,0,0,0.485,14.629203327082683,0.4213557299130516,1,0.0,0.1243322000971345,0.3719411154744247,mawi_day1_day2,20000,14.656147065502248,0.4186482515060868,0.12433220009713453,0.3709934980319871
RQ7_CONFIRM_default_c2_p1_34,default_c2_p1,default,c2,1,none,standard_dns,1,/opt/praxis/pcaps/RQ7_CONFIRM_default_c2_p1_34.pcap,/opt/praxis/logs/RQ7_CONFIRM_default_c2_p1_34_browser.json,20566,55,28,27,0,10717,4969,15686,0.188795,34,0,0,0,1832,0,-1377,0,88,663,0,-263,0,-263,0,-216,0,-374,0,-6,0,0.485,14.642520463494188,0.4272717567660659,1,0.0,0.334142787761049,0.3845022542561755,mawi_day1_day2,20000,14.671878886964082,0.425680865746726,0.33414278776104905,0.38394544239940653
RQ7_CONFIRM_default_c2_p1_35,default_c2_p1,default,c2,1,none,standard_dns,1,/opt/praxis/pcaps/RQ7_CONFIRM_default_c2_p1_35.pcap,/opt/praxis/logs/RQ7_CONFIRM_default_c2_p1_35_browser.json,20342,54,27,27,0,10589,4961,15550,0.1877,34,0,0,0,1800,0,-1377,0,88,663,0,-263,0,-263,0,-216,0,-374,0,-6,0,0.485,14.637656751127327,0.4251110930859356,1,0.0,0.2253521126760563,0.3783064882138802,mawi_day1_day2,20000,14.665909852214764,0.42301252127798367,0.22535211267605634,0.37757198808109704
RQ7_CONFIRM_default_c2_p1_36,default_c2_p1,default,c2,1,none,standard_dns,1,/opt/praxis/pcaps/RQ7_CONFIRM_default_c2_p1_36.pcap,/opt/praxis/logs/RQ7_CONFIRM_default_c2_p1_36_browser.json,19878,50,25,25,0,10485,4953,15438,0.184509,32,0,0,0,1768,0,-1377,0,88,663,0,-263,0,-263,0,-582,0,-6,0,6,1988,0.49,15.85370216158046,0.965329130990184,1,0.0,0.0,0.5583651958465643,mawi_day1_day2,20000,15.877269937792802,0.9645282134720058,0.0,0.558084874715202
RQ7_CONFIRM_default_c2_p1_37,default_c2_p1,default,c2,1,none,standard_dns,1,/opt/praxis/pcaps/RQ7_CONFIRM_default_c2_p1_37.pcap,/opt/praxis/logs/RQ7_CONFIRM_default_c2_p1_37_browser.json,20494,56,28,28,0,10557,4969,15526,0.190411,34,0,0,0,1768,0,-1377,0,88,663,0,-263,0,-263,0,-216,0,-374,0,-6,0,0.485,14.644782143849705,0.4282764894129894,1,0.0,0.29917435648373,0.3831054891187328,mawi_day1_day2,20000,14.674438233960327,0.4268249735778626,0.29917435648373,0.3825974585764384
RQ7_CONFIRM_default_c2_p1_38,default_c2_p1,default,c2,1,none,standard_dns,1,/opt/praxis/pcaps/RQ7_CONFIRM_default_c2_p1_38.pcap,/opt/praxis/logs/RQ7_CONFIRM_default_c2_p1_38_browser.json,20230,52,25,27,0,10645,4969,15614,0.181452,34,0,0,0,1768,0,-1377,0,88,663,0,-263,0,-263,0,-582,0,-6,0,6,2052,0.49,15.888715754180971,0.9808836276660754,1,0.0,0.1709567751335599,0.5723571084398044,mawi_day1_day2,20000,15.91266205557253,0.9803495925861747,0.17095677513355997,0.5721701961618391
RQ7_CONFIRM_default_c2_p1_39,default_c2_p1,default,c2,1,none,standard_dns,1,/opt/praxis/pcaps/RQ7_CONFIRM_default_c2_p1_39.pcap,/opt/praxis/logs/RQ7_CONFIRM_default_c2_p1_39_browser.json,20470,54,27,27,0,10717,4961,15678,0.191269,30,0,0,0,1768,0,-1377,0,88,663,0,-263,0,-263,0,-582,0,-6,0,6,2084,0.5,15.878239494139908,0.976229636462038,1,0.0,0.2875182127246236,0.5810562833979446,mawi_day1_day2,20000,15.904350417819815,0.9766340316026874,0.2875182127246236,0.5811978216971718
RQ7_CONFIRM_default_c2_p1_40,default_c2_p1,default,c2,1,none,standard_dns,1,/opt/praxis/pcaps/RQ7_CONFIRM_default_c2_p1_40.pcap,/opt/praxis/logs/RQ7_CONFIRM_default_c2_p1_40_browser.json,20310,54,27,27,0,10557,4961,15518,0.18514,30,0,0,0,1800,0,-1377,0,88,663,0,-263,0,-263,0,-216,0,-374,0,-6,0,0.485,14.609935748280098,0.4127962686244961,1,0.0,0.2098105876639145,0.3732192234017694,mawi_day1_day2,20000,14.638237508141353,0.4106421214819614,0.20981058766391453,0.37246527190188217
RQ7_CONFIRM_default_c2_p1_41,default_c2_p1,default,c2,1,none,standard_dns,1,/opt/praxis/pcaps/RQ7_CONFIRM_default_c2_p1_41.pcap,/opt/praxis/logs/RQ7_CONFIRM_default_c2_p1_41_browser.json,20254,54,27,27,0,10493,4969,15462,0.186114,34,0,0,0,1736,0,-1377,0,88,663,0,-263,0,-263,0,-216,0,-374,0,-6,0,0.485,14.636454523550888,0.4245770135056195,1,0.0,0.1826129188926663,0.3759826006716001,mawi_day1_day2,20000,14.664805526454831,0.42251885326347893,0.18261291889266634,0.3752622445868509
RQ7_CONFIRM_default_c2_p1_42,default_c2_p1,default,c2,1,none,standard_dns,1,/opt/praxis/pcaps/RQ7_CONFIRM_default_c2_p1_42.pcap,/opt/praxis/logs/RQ7_CONFIRM_default_c2_p1_42_browser.json,20374,54,27,27,0,10621,4961,15582,0.187359,34,0,0,0,1800,0,-1377,0,88,663,0,-263,0,-263,0,-216,0,-374,0,-6,0,0.485,14.637724216298288,0.4251410639258147,1,0.0,0.2408936376881981,0.379094054258445,mawi_day1_day2,20000,14.665980371528667,0.42304404560797926,0.24089363768819816,0.3783600978472026
RQ7_CONFIRM_default_c2_p1_43,default_c2_p1,default,c2,1,none,standard_dns,1,/opt/praxis/pcaps/RQ7_CONFIRM_default_c2_p1_43.pcap,/opt/praxis/logs/RQ7_CONFIRM_default_c2_p1_43_browser.json,20470,56,28,28,0,10525,4977,15502,0.182789,36,0,0,0,1736,0,-1377,0,88,663,0,-263,0,-263,0,-216,0,-374,0,-6,0,0.485,14.657367709094206,0.4338675218726794,1,0.0,0.2875182127246236,0.3844795432916689,mawi_day1_day2,20000,14.687045976322914,0.4324610271458833,0.2875182127246236,0.38398727013729034
RQ7_CONFIRM_default_c2_p1_44,default_c2_p1,default,c2,1,none,standard_dns,1,/opt/praxis/pcaps/RQ7_CONFIRM_default_c2_p1_44.pcap,/opt/praxis/logs/RQ7_CONFIRM_default_c2_p1_44_browser.json,20294,52,26,26,0,10717,4961,15678,0.185416,38,0,0,0,1800,0,-1377,0,88,663,0,-263,0,-263,0,-582,0,-6,0,6,2084,0.5,15.92069596850236,0.9950905713245528,1,0.0,0.2020398251578436,0.5833836912214856,mawi_day1_day2,20000,15.945420788993715,0.9949937668619907,0.2020398251578436,0.5833498096595888
RQ7_CONFIRM_default_c2_p1_45,default_c2_p1,default,c2,1,none,standard_dns,1,/opt/praxis/pcaps/RQ7_CONFIRM_default_c2_p1_45.pcap,/opt/praxis/logs/RQ7_CONFIRM_default_c2_p1_45_browser.json,20030,52,26,26,0,10453,4961,15414,0.194644,34,0,0,0,1800,0,-1377,0,88,663,0,-263,0,-263,0,-216,0,-374,0,-6,0,0.485,14.62946556527636,0.4214722270448464,1,0.0,0.0738222438076736,0.3694563916560799,mawi_day1_day2,20000,14.656345941005581,0.4187371550510608,0.07382224380767363,0.368499116458255
RQ7_CONFIRM_default_c2_p1_46,default_c2_p1,default,c2,1,none,standard_dns,1,/opt/praxis/pcaps/RQ7_CONFIRM_default_c2_p1_46.pcap,/opt/praxis/logs/RQ7_CONFIRM_default_c2_p1_46_browser.json,20310,54,27,27,0,10557,4961,15518,0.183835,34,0,0,0,1736,0,-1377,0,88,663,0,-263,0,-263,0,-582,0,-6,0,6,2052,0.49,15.89560351196873,0.9839434566541032,1,0.0,0.2098105876639145,0.5753707392121318,mawi_day1_day2,20000,15.921714608332183,0.9843963656573104,0.20981058766391453,0.5755292573632543
RQ7_CONFIRM_default_c2_p1_47,default_c2_p1,default,c2,1,none,standard_dns,1,/opt/praxis/pcaps/RQ7_CONFIRM_default_c2_p1_47.pcap,/opt/praxis/logs/RQ7_CONFIRM_default_c2_p1_47_browser.json,20222,52,26,26,0,10653,4953,15606,0.192541,34,0,0,0,1736,0,-1377,0,88,663,0,-263,0,-263,0,-582,0,-6,0,6,2052,0.49,15.888435535666073,0.9807591429264416,1,0.0,0.1670713938805245,0.5721192697182809,mawi_day1_day2,20000,15.91330019769012,0.980634861990903,0.16707139388052453,0.5720757713908423
RQ7_CONFIRM_default_c2_p1_48,default_c2_p1,default,c2,1,none,standard_dns,1,/opt/praxis/pcaps/RQ7_CONFIRM_default_c2_p1_48.pcap,/opt/praxis/logs/RQ7_CONFIRM_default_c2_p1_48_browser.json,20254,54,27,27,0,10493,4969,15462,0.182903,32,0,0,0,1800,0,-1377,0,88,663,0,-263,0,-263,0,-216,0,-374,0,-6,0,0.485,14.623988438418014,0.4190390590896585,1,0.0,0.1826129188926663,0.3740443166260138,mawi_day1_day2,20000,14.65225822596912,0.41690981909718994,0.18261291889266634,0.37329908262864975
RQ7_CONFIRM_default_c2_p1_49,default_c2_p1,default,c2,1,none,standard_dns,1,/opt/praxis/pcaps/RQ7_CONFIRM_default_c2_p1_49.pcap,/opt/praxis/logs/RQ7_CONFIRM_default_c2_p1_49_browser.json,20230,53,26,27,0,10557,4969,15526,0.188622,38,0,0,0,1800,0,-1377,0,88,663,0,-263,0,-263,0,-582,0,-6,0,6,2020,0.49,15.908874769884108,0.9898391023676092,1,0.0,0.1709567751335599,0.5754915245853411,mawi_day1_day2,20000,15.933810159070726,0.9898034536145833,0.17095677513355997,0.5754790475217821
RQ7_CONFIRM_default_c2_p1_50,default_c2_p1,default,c2,1,none,standard_dns,1,/opt/praxis/pcaps/RQ7_CONFIRM_default_c2_p1_50.pcap,/opt/praxis/logs/RQ7_CONFIRM_default_c2_p1_50_browser.json,20126,52,26,26,0,10557,4953,15510,0.182422,30,0,0,0,1800,0,-1377,0,88,663,0,-263,0,-263,0,-582,0,-6,0,6,2084,0.5,15.871296047378532,0.9731450681116468,1,0.0,0.120446818844099,0.5716231147812814,mawi_day1_day2,20000,15.89607755270972,0.9729358031982213,0.12044681884409908,0.5715498720615825
RQ7_CONFIRM_baseline_default_off_01,baseline_default_off,default,off,1,none,standard_dns,1,/opt/praxis/pcaps/RQ7_CONFIRM_baseline_default_off_01.pcap,/opt/praxis/logs/RQ7_CONFIRM_baseline_default_off_01_browser.json,21665,70,36,34,0,10586,4831,15417,1.141853,44,0,0,0,1759,0,-1369,0,80,655,0,-255,0,-255,0,-208,0,-366,0,0,0,1.0,14.544491704778494,0.3837232977723774,1,0.0,0.8678970373967946,0.6276980060901718,cicids2017_mapped,10000,16.746940831269843,0.4403602975688836,0.8678970373967946,0.647520956018949
RQ7_CONFIRM_baseline_default_off_02,baseline_default_off,default,off,1,none,standard_dns,1,/opt/praxis/pcaps/RQ7_CONFIRM_baseline_default_off_02.pcap,/opt/praxis/logs/RQ7_CONFIRM_baseline_default_off_02_browser.json,21417,69,35,34,0,10426,4831,15257,1.139745,44,0,0,0,1759,0,-1369,0,80,655,0,-255,0,-255,0,-208,0,-366,0,0,0,1.0,14.540383430360755,0.381898231104599,1,0.0,0.7474502185526954,0.6210368918142444,cicids2017_mapped,10000,16.726940123209793,0.4292875540415355,0.7474502185526954,0.6376231548421722
RQ7_CONFIRM_baseline_default_off_03,baseline_default_off,default,off,1,none,standard_dns,1,/opt/praxis/pcaps/RQ7_CONFIRM_baseline_default_off_03.pcap,/opt/praxis/logs/RQ7_CONFIRM_baseline_default_off_03_browser.json,21521,68,35,33,0,10618,4831,15449,1.139794,42,0,0,0,1823,0,-1369,0,80,655,0,-255,0,-255,0,-574,0,0,0,0,0,1.0,13.71123395133492,0.0135554859749097,1,0.0,0.7979601748421564,0.4946424288333262,cicids2017_mapped,10000,15.988424508571573,0.020432329152526515,0.7979601748421564,0.4970493239454921
RQ7_CONFIRM_baseline_default_off_04,baseline_default_off,default,off,1,none,standard_dns,1,/opt/praxis/pcaps/RQ7_CONFIRM_baseline_default_off_04.pcap,/opt/praxis/logs/RQ7_CONFIRM_baseline_default_off_04_browser.json,21337,67,34,33,0,10522,4831,15353,1.145909,40,0,0,0,1823,0,-1369,0,80,655,0,-255,0,-255,0,-208,-366,0,0,0,0,1.0,14.51109764677764,0.3688882658436278,1,0.0,0.708596406022341,0.6145407133463868,cicids2017_mapped,10000,16.66679163661273,0.39598829465292606,0.708596406022341,0.6240257234296412
RQ7_CONFIRM_baseline_default_off_05,baseline_default_off,default,off,1,none,standard_dns,1,/opt/praxis/pcaps/RQ7_CONFIRM_baseline_default_off_05.pcap,/opt/praxis/logs/RQ7_CONFIRM_baseline_default_off_05_browser.json,21369,67,34,33,0,10554,4831,15385,1.147163,44,0,0,0,1727,0,-1369,0,80,655,0,-255,0,-255,0,-574,0,0,0,0,2062,1.0,15.697704002649182,0.8960282491233397,1,0.0,0.7241379310344828,0.7998167837448931,cicids2017_mapped,10000,17.70384964071527,0.970121833722375,0.7241379310344828,0.8257495383545554
RQ7_CONFIRM_baseline_default_off_06,baseline_default_off,default,off,1,none,standard_dns,1,/opt/praxis/pcaps/RQ7_CONFIRM_baseline_default_off_06.pcap,/opt/praxis/logs/RQ7_CONFIRM_baseline_default_off_06_browser.json,21385,69,35,34,0,10394,4831,15225,1.142792,44,0,0,0,1727,0,-1369,0,80,655,0,-255,0,-255,0,-208,0,-366,0,0,0,1.0,14.539785793095904,0.3816327357309712,1,0.0,0.7319086935405537,0.6201668921828676,cicids2017_mapped,10000,16.72640377485932,0.42899062216751055,0.7319086935405537,0.6367421524356564
RQ7_CONFIRM_baseline_default_off_07,baseline_default_off,default,off,1,none,standard_dns,1,/opt/praxis/pcaps/RQ7_CONFIRM_baseline_default_off_07.pcap,/opt/praxis/logs/RQ7_CONFIRM_baseline_default_off_07_browser.json,21305,67,34,33,0,10490,4831,15321,1.144525,38,0,0,0,1791,0,-1369,0,80,655,0,-255,0,-255,0,-574,0,0,0,0,0,1.0,13.680720185874218,0.0,1,0.0,0.6930548810101991,0.4846527440505099,cicids2017_mapped,10000,15.95151757133807,0.0,0.6930548810101991,0.48465274405050995
RQ7_CONFIRM_baseline_default_off_08,baseline_default_off,default,off,1,none,standard_dns,1,/opt/praxis/pcaps/RQ7_CONFIRM_baseline_default_off_08.pcap,/opt/praxis/logs/RQ7_CONFIRM_baseline_default_off_08_browser.json,21209,67,34,33,0,10394,4831,15225,1.144064,42,0,0,0,1727,0,-1369,0,80,655,0,-255,0,-255,0,-574,0,0,0,0,2030,1.0,15.679135826867684,0.887779491797407,1,0.0,0.6464303059737737,0.7930443374277811,cicids2017_mapped,10000,17.688956513339654,0.9618767366360521,0.6464303059737737,0.818978373121307
RQ7_CONFIRM_baseline_default_off_09,baseline_default_off,default,off,1,none,standard_dns,1,/opt/praxis/pcaps/RQ7_CONFIRM_baseline_default_off_09.pcap,/opt/praxis/logs/RQ7_CONFIRM_baseline_default_off_09_browser.json,21369,67,34,33,0,10554,4831,15385,1.146044,42,0,0,0,1759,0,-1369,0,80,655,0,-255,0,-255,0,-208,-366,0,0,0,0,1.0,14.522000454165932,0.3737317471514154,1,0.0,0.7241379310344828,0.6170130080547196,cicids2017_mapped,10000,16.673084785072945,0.39947229225292535,0.7241379310344828,0.626022198840248
RQ7_CONFIRM_baseline_default_off_10,baseline_default_off,default,off,1,none,standard_dns,1,/opt/praxis/pcaps/RQ7_CONFIRM_baseline_default_off_10.pcap,/opt/praxis/logs/RQ7_CONFIRM_baseline_default_off_10_browser.json,21569,70,36,34,0,10490,4831,15321,1.141708,46,0,0,0,1759,0,-1369,0,80,655,0,-255,0,-255,0,-208,0,-366,0,0,0,1.0,14.555460552426146,0.388596116914943,1,0.0,0.8212724623603691,0.6270722640382486,cicids2017_mapped,10000,16.753452200162286,0.4439651058357466,0.8212724623603691,0.6464514101605298
RQ7_CONFIRM_baseline_default_off_11,baseline_default_off,default,off,1,none,standard_dns,1,/opt/praxis/pcaps/RQ7_CONFIRM_baseline_default_off_11.pcap,/opt/praxis/logs/RQ7_CONFIRM_baseline_default_off_11_browser.json,21609,69,35,34,0,10618,4831,15449,1.139084,44,0,0,0,1791,0,-1369,0,80,655,0,-255,0,-255,0,-208,0,-366,0,0,0,1.0,14.541297156146651,0.3823041461691156,1,0.0,0.8406993686255464,0.6258414195904678,cicids2017_mapped,10000,16.728699944463905,0.43026182201956165,0.8406993686255464,0.6426266061381238
RQ7_CONFIRM_baseline_default_off_12,baseline_default_off,default,off,1,none,standard_dns,1,/opt/praxis/pcaps/RQ7_CONFIRM_baseline_default_off_12.pcap,/opt/praxis/logs/RQ7_CONFIRM_baseline_default_off_12_browser.json,21937,72,37,35,0,10682,4831,15513,1.144409,42,0,0,0,1823,0,-1369,0,80,655,0,-255,0,-255,0,-208,0,-366,0,0,0,1.0,14.541232783506818,0.3822755491604128,1,0.0,1.0,0.6337964422061445,cicids2017_mapped,10000,16.78878071274774,0.46352359135970694,1.0,0.6622332569758975
RQ7_CONFIRM_baseline_default_off_13,baseline_default_off,default,off,1,none,standard_dns,1,/opt/praxis/pcaps/RQ7_CONFIRM_baseline_default_off_13.pcap,/opt/praxis/logs/RQ7_CONFIRM_baseline_default_off_13_browser.json,21545,69,35,34,0,10554,4831,15385,1.14453,44,0,0,0,1759,0,-1369,0,80,655,0,-255,0,-255,0,-208,0,-366,0,0,0,1.0,14.540650295171666,0.3820167835725386,1,0.0,0.8096163186012627,0.6241866901804516,cicids2017_mapped,10000,16.72830156597621,0.4300412726866172,0.8096163186012627,0.6409952613703791
RQ7_CONFIRM_baseline_default_off_14,baseline_default_off,default,off,1,none,standard_dns,1,/opt/praxis/pcaps/RQ7_CONFIRM_baseline_default_off_14.pcap,/opt/praxis/logs/RQ7_CONFIRM_baseline_default_off_14_browser.json,21633,70,36,34,0,10554,4831,15385,1.143213,44,0,0,0,1791,0,-1369,0,80,655,0,-255,0,-255,0,-208,0,-366,0,0,0,1.0,14.544963056109124,0.3839326916723161,1,0.0,0.8523555123846528,0.6269942177045432,cicids2017_mapped,10000,16.74765796083371,0.44075731310017074,0.8523555123846528,0.6468828352042925
RQ7_CONFIRM_baseline_default_off_15,baseline_default_off,default,off,1,none,standard_dns,1,/opt/praxis/pcaps/RQ7_CONFIRM_baseline_default_off_15.pcap,/opt/praxis/logs/RQ7_CONFIRM_baseline_default_off_15_browser.json,21665,70,36,34,0,10586,4831,15417,1.142199,44,0,0,0,1823,0,-1369,0,80,655,0,-255,0,-255,0,-208,0,-366,0,0,0,1.0,14.545548166129812,0.3841926219221377,1,0.0,0.8678970373967946,0.627862269542588,cicids2017_mapped,10000,16.748428637705313,0.4411839733622026,0.8678970373967946,0.6478092425466107
RQ7_CONFIRM_baseline_default_off_16,baseline_default_off,default,off,1,none,standard_dns,1,/opt/praxis/pcaps/RQ7_CONFIRM_baseline_default_off_16.pcap,/opt/praxis/logs/RQ7_CONFIRM_baseline_default_off_16_browser.json,21305,67,34,33,0,10490,4831,15321,1.14148,42,0,0,0,1791,0,-1369,0,80,655,0,-255,0,-255,0,-574,0,0,0,0,1998,1.0,15.672595428360555,0.8848739742745741,1,0.0,0.6930548810101991,0.794358635046611,cicids2017_mapped,10000,17.68373068121936,0.958983624121671,0.6930548810101991,0.8202970124930948
RQ7_CONFIRM_baseline_default_off_17,baseline_default_off,default,off,1,none,standard_dns,1,/opt/praxis/pcaps/RQ7_CONFIRM_baseline_default_off_17.pcap,/opt/praxis/logs/RQ7_CONFIRM_baseline_default_off_17_browser.json,21577,69,35,34,0,10586,4831,15417,1.141105,44,0,0,0,1791,0,-1369,0,80,655,0,-255,0,-255,0,-208,0,-366,0,0,0,1.0,14.541238148402684,0.3822779324706852,1,0.0,0.8251578436134046,0.6250551685454101,cicids2017_mapped,10000,16.728774797261753,0.4303032618441112,0.8251578436134046,0.6418640338261091
RQ7_CONFIRM_baseline_default_off_18,baseline_default_off,default,off,1,none,standard_dns,1,/opt/praxis/pcaps/RQ7_CONFIRM_baseline_default_off_18.pcap,/opt/praxis/logs/RQ7_CONFIRM_baseline_default_off_18_browser.json,21625,71,37,34,0,10458,4831,15289,1.142971,42,0,0,0,1823,0,-1369,0,80,655,0,-255,0,-255,0,-208,0,-366,0,0,0,1.0,14.537540459213837,0.3806352648686296,1,0.0,0.8484701311316173,0.6256458492606013,cicids2017_mapped,10000,16.75899801685272,0.4470353674324099,0.8484701311316173,0.6488858851579243
RQ7_CONFIRM_baseline_default_off_19,baseline_default_off,default,off,1,none,standard_dns,1,/opt/praxis/pcaps/RQ7_CONFIRM_baseline_default_off_19.pcap,/opt/praxis/logs/RQ7_CONFIRM_baseline_default_off_19_browser.json,21481,69,35,34,0,10490,4831,15321,1.143154,44,0,0,0,1727,0,-1369,0,80,655,0,-255,0,-255,0,-208,0,-366,0,0,0,1.0,14.53997882689146,0.381718489385718,1,0.0,0.7785332685769791,0.6225281347138503,cicids2017_mapped,10000,16.727011701325733,0.4293271809446225,0.7785332685769791,0.6391911767594669
RQ7_CONFIRM_baseline_default_off_20,baseline_default_off,default,off,1,none,standard_dns,1,/opt/praxis/pcaps/RQ7_CONFIRM_baseline_default_off_20.pcap,/opt/praxis/logs/RQ7_CONFIRM_baseline_default_off_20_browser.json,21545,69,35,34,0,10554,4831,15385,1.141477,44,0,0,0,1823,0,-1369,0,80,655,0,-255,0,-255,0,-208,0,-366,0,0,0,1.0,14.54169913988254,0.3824827240932654,1,0.0,0.8096163186012627,0.624349769362706,cicids2017_mapped,10000,16.72935378477487,0.43062379950802887,0.8096163186012627,0.6411991457578732
RQ7_CONFIRM_baseline_default_off_21,baseline_default_off,default,off,1,none,standard_dns,1,/opt/praxis/pcaps/RQ7_CONFIRM_baseline_default_off_21.pcap,/opt/praxis/logs/RQ7_CONFIRM_baseline_default_off_21_browser.json,21449,69,35,34,0,10458,4831,15289,1.14448,42,0,0,0,1759,0,-1369,0,80,655,0,-255,0,-255,0,-208,0,-366,0,0,0,1.0,14.528943888151566,0.3768163098262908,1,0.0,0.7629917435648373,0.6200352956174436,cicids2017_mapped,10000,16.720436628560112,0.42568710509386826,0.7629917435648373,0.6371400739610958
RQ7_CONFIRM_baseline_default_off_22,baseline_default_off,default,off,1,none,standard_dns,1,/opt/praxis/pcaps/RQ7_CONFIRM_baseline_default_off_22.pcap,/opt/praxis/logs/RQ7_CONFIRM_baseline_default_off_22_browser.json,21569,70,36,34,0,10490,4831,15321,1.139051,42,0,0,0,1759,0,-1369,0,80,655,0,-255,0,-255,0,-208,0,-366,0,0,0,1.0,14.532782276438144,0.3785214818297903,1,0.0,0.8212724623603691,0.6235461417584451,cicids2017_mapped,10000,16.73873223322132,0.43581587340962435,0.8212724623603691,0.643599178811387
RQ7_CONFIRM_baseline_default_off_23,baseline_default_off,default,off,1,none,standard_dns,1,/opt/praxis/pcaps/RQ7_CONFIRM_baseline_default_off_23.pcap,/opt/praxis/logs/RQ7_CONFIRM_baseline_default_off_23_browser.json,21545,69,35,34,0,10554,4831,15385,1.141934,42,0,0,0,1727,0,-1369,0,80,655,0,-255,0,-255,0,-208,0,-366,0,0,0,1.0,14.528588867586455,0.3766585948993222,1,0.0,0.8096163186012627,0.6223113241448259,cicids2017_mapped,10000,16.719926947514136,0.42540493670833407,0.8096163186012627,0.63937254377798
RQ7_CONFIRM_baseline_default_off_24,baseline_default_off,default,off,1,none,standard_dns,1,/opt/praxis/pcaps/RQ7_CONFIRM_baseline_default_off_24.pcap,/opt/praxis/logs/RQ7_CONFIRM_baseline_default_off_24_browser.json,21209,67,34,33,0,10394,4831,15225,1.144279,42,0,0,0,1791,0,-1369,0,80,655,0,-255,0,-255,0,-208,0,-366,0,0,0,1.0,14.52220875712026,0.3738242840026785,1,0.0,0.6464303059737737,0.6131600146996261,cicids2017_mapped,10000,16.672651216098295,0.39923226084787217,0.6464303059737737,0.6220528065954439
RQ7_CONFIRM_baseline_default_off_25,baseline_default_off,default,off,1,none,standard_dns,1,/opt/praxis/pcaps/RQ7_CONFIRM_baseline_default_off_25.pcap,/opt/praxis/logs/RQ7_CONFIRM_baseline_default_off_25_browser.json,21577,69,35,34,0,10586,4831,15417,1.144272,46,0,0,0,1823,0,-1369,0,80,655,0,-255,0,-255,0,-208,0,-366,0,0,0,1.0,14.552931922132208,0.3874727939828929,1,0.0,0.8251578436134046,0.6268733700746828,cicids2017_mapped,10000,16.73699264268341,0.43485280551167615,0.8251578436134046,0.6434563741097569
RQ7_CONFIRM_baseline_default_off_26,baseline_default_off,default,off,1,none,standard_dns,1,/opt/praxis/pcaps/RQ7_CONFIRM_baseline_default_off_26.pcap,/opt/praxis/logs/RQ7_CONFIRM_baseline_default_off_26_browser.json,21545,69,36,33,0,10554,4831,15385,1.146769,46,0,0,0,1759,0,-1369,0,80,655,0,-255,0,-255,0,-574,0,0,0,0,2094,1.0,15.723079473142954,0.9073010903866726,1,0.0,0.8096163186012627,0.8080361975653986,cicids2017_mapped,10000,17.753650662799554,0.9976925548830202,0.8096163186012627,0.8396732101391202
RQ7_CONFIRM_baseline_default_off_27,baseline_default_off,default,off,1,none,standard_dns,1,/opt/praxis/pcaps/RQ7_CONFIRM_baseline_default_off_27.pcap,/opt/praxis/logs/RQ7_CONFIRM_baseline_default_off_27_browser.json,21593,71,36,35,0,10426,4831,15257,1.140293,42,0,0,0,1727,0,-1369,0,80,655,0,-255,0,-255,0,-208,0,-366,0,0,0,1.0,14.535372103293165,0.3796719908240313,1,0.0,0.8329286061194755,0.6245316270943848,cicids2017_mapped,10000,16.76614550580203,0.4509923429436099,0.8329286061194755,0.6494937503362372
RQ7_CONFIRM_baseline_default_off_28,baseline_default_off,default,off,1,none,standard_dns,1,/opt/praxis/pcaps/RQ7_CONFIRM_baseline_default_off_28.pcap,/opt/praxis/logs/RQ7_CONFIRM_baseline_default_off_28_browser.json,21513,69,35,34,0,10522,4831,15353,1.141719,44,0,0,0,1791,0,-1369,0,80,655,0,-255,0,-255,0,-208,0,-366,0,0,0,1.0,14.541112002550474,0.3822218932272614,1,0.0,0.7940747935891209,0.6234814023089975,cicids2017_mapped,10000,16.728482497181712,0.4301414393821465,0.7940747935891209,0.6402532434632073
RQ7_CONFIRM_baseline_default_off_29,baseline_default_off,default,off,1,none,standard_dns,1,/opt/praxis/pcaps/RQ7_CONFIRM_baseline_default_off_29.pcap,/opt/praxis/logs/RQ7_CONFIRM_baseline_default_off_29_browser.json,21665,70,36,34,0,10586,4831,15417,1.145373,42,0,0,0,1823,0,-1369,0,80,655,0,-255,0,-255,0,-208,0,-366,0,0,0,1.0,14.534045013961054,0.379082442449477,1,0.0,0.8678970373967946,0.6260737067271567,cicids2017_mapped,10000,16.741546026352648,0.4373736387441645,0.8678970373967946,0.6464756254302972
RQ7_CONFIRM_baseline_default_off_30,baseline_default_off,default,off,1,none,standard_dns,1,/opt/praxis/pcaps/RQ7_CONFIRM_baseline_default_off_30.pcap,/opt/praxis/logs/RQ7_CONFIRM_baseline_default_off_30_browser.json,21273,67,34,33,0,10458,4831,15289,1.141588,44,0,0,0,1727,0,-1369,0,80,655,0,-255,0,-255,0,-208,0,-366,0,0,0,1.0,14.532777543832974,0.3785193794093904,1,0.0,0.6775133559980573,0.6163574505931895,cicids2017_mapped,10000,16.678526940192018,0.402485164981662,0.6775133559980573,0.6247454755434845
RQ7_CONFIRM_baseline_default_off_31,baseline_default_off,default,off,1,none,standard_dns,1,/opt/praxis/pcaps/RQ7_CONFIRM_baseline_default_off_31.pcap,/opt/praxis/logs/RQ7_CONFIRM_baseline_default_off_31_browser.json,21433,67,34,33,0,10618,4831,15449,1.142839,44,0,0,0,1791,0,-1369,0,80,655,0,-255,0,-255,0,-208,0,-366,0,0,0,1.0,14.53417285056848,0.3791392327968139,1,0.0,0.7552209810587663,0.6204597805318232,cicids2017_mapped,10000,16.681093619623525,0.40390612382855196,0.7552209810587663,0.6291281923929315
RQ7_CONFIRM_baseline_default_off_32,baseline_default_off,default,off,1,none,standard_dns,1,/opt/praxis/pcaps/RQ7_CONFIRM_baseline_default_off_32.pcap,/opt/praxis/logs/RQ7_CONFIRM_baseline_default_off_32_browser.json,21577,69,35,34,0,10586,4831,15417,1.146946,40,0,0,0,1791,0,-1369,0,80,655,0,-255,0,-255,0,-574,0,0,0,0,2030,1.0,15.67609181910887,0.8864272167222356,1,0.0,0.8251578436134046,0.8015074180334526,cicids2017_mapped,10000,17.730016652078024,0.9846083511410127,0.8251578436134046,0.8358708150800247
RQ7_CONFIRM_baseline_default_off_33,baseline_default_off,default,off,1,none,standard_dns,1,/opt/praxis/pcaps/RQ7_CONFIRM_baseline_default_off_33.pcap,/opt/praxis/logs/RQ7_CONFIRM_baseline_default_off_33_browser.json,21425,68,35,33,0,10522,4831,15353,1.146236,42,0,0,0,1823,0,-1369,0,80,655,0,-255,0,-255,0,-574,0,0,0,0,1998,1.0,15.67670009873286,0.8866974398752068,1,0.0,0.751335599805731,0.7979108839466089,cicids2017_mapped,10000,17.70324687941572,0.9697881344724238,0.751335599805731,0.8269926270556349
RQ7_CONFIRM_baseline_default_off_34,baseline_default_off,default,off,1,none,standard_dns,1,/opt/praxis/pcaps/RQ7_CONFIRM_baseline_default_off_34.pcap,/opt/praxis/logs/RQ7_CONFIRM_baseline_default_off_34_browser.json,21649,72,36,36,0,10394,4831,15225,1.14966,44,0,0,0,1727,0,-1369,0,80,655,0,-255,0,-255,0,-208,0,-366,0,0,0,1.0,14.550054199643634,0.3861943897530452,1,0.0,0.8601262748907237,0.6281743501581021,cicids2017_mapped,10000,16.80230455893921,0.47101063031511986,0.8601262748907237,0.6578600343548282
RQ7_CONFIRM_baseline_default_off_35,baseline_default_off,default,off,1,none,standard_dns,1,/opt/praxis/pcaps/RQ7_CONFIRM_baseline_default_off_35.pcap,/opt/praxis/logs/RQ7_CONFIRM_baseline_default_off_35_browser.json,21305,67,34,33,0,10490,4831,15321,1.142591,44,0,0,0,1759,0,-1369,0,80,655,0,-255,0,-255,0,-208,0,-366,0,0,0,1.0,14.533384686574143,0.3787890975116451,1,0.0,0.6930548810101991,0.6172289281795857,cicids2017_mapped,10000,16.67958641436359,0.403071708505044,0.6930548810101991,0.6257278420272754
RQ7_CONFIRM_baseline_default_off_36,baseline_default_off,default,off,1,none,standard_dns,1,/opt/praxis/pcaps/RQ7_CONFIRM_baseline_default_off_36.pcap,/opt/praxis/logs/RQ7_CONFIRM_baseline_default_off_36_browser.json,21545,69,35,34,0,10554,4831,15385,1.144784,40,0,0,0,1727,0,-1369,0,80,655,0,-255,0,-255,0,-574,0,0,0,0,2062,1.0,15.682634841565262,0.8893338999126593,1,0.0,0.8096163186012627,0.8017476808994939,cicids2017_mapped,10000,17.734914719770565,0.9873200075071902,0.8096163186012627,0.8360428185575797
RQ7_CONFIRM_baseline_default_off_37,baseline_default_off,default,off,1,none,standard_dns,1,/opt/praxis/pcaps/RQ7_CONFIRM_baseline_default_off_37.pcap,/opt/praxis/logs/RQ7_CONFIRM_baseline_default_off_37_browser.json,21537,70,36,34,0,10458,4831,15289,1.140335,44,0,0,0,1759,0,-1369,0,80,655,0,-255,0,-255,0,-208,-366,0,0,0,0,1.0,14.544232806609322,0.3836082844186288,1,0.0,0.8057309373482273,0.6245494464139315,cicids2017_mapped,10000,16.74600240662053,0.4398407691886691,0.8057309373482273,0.6442308160834456
RQ7_CONFIRM_baseline_default_off_38,baseline_default_off,default,off,1,none,standard_dns,1,/opt/praxis/pcaps/RQ7_CONFIRM_baseline_default_off_38.pcap,/opt/praxis/logs/RQ7_CONFIRM_baseline_default_off_38_browser.json,21537,70,36,34,0,10458,4831,15289,1.143674,48,0,0,0,1759,0,-1369,0,80,655,0,-255,0,-255,0,-208,0,-366,0,0,0,1.0,14.566233748998208,0.3933820196979218,1,0.0,0.8057309373482273,0.627970253761684,cicids2017_mapped,10000,16.760412915011425,0.44781867992222985,0.8057309373482273,0.6470230848401919
RQ7_CONFIRM_baseline_default_off_39,baseline_default_off,default,off,1,none,standard_dns,1,/opt/praxis/pcaps/RQ7_CONFIRM_baseline_default_off_39.pcap,/opt/praxis/logs/RQ7_CONFIRM_baseline_default_off_39_browser.json,21305,67,34,33,0,10490,4831,15321,1.140609,42,0,0,0,1727,0,-1369,0,80,655,0,-255,0,-255,0,-574,0,0,0,0,1998,1.0,15.671598402950986,0.8844310540465388,1,0.0,0.6930548810101991,0.7942036129667985,cicids2017_mapped,10000,17.682234941832203,0.9581555565068641,0.6930548810101991,0.8200071888279125
RQ7_CONFIRM_baseline_default_off_40,baseline_default_off,default,off,1,none,standard_dns,1,/opt/praxis/pcaps/RQ7_CONFIRM_baseline_default_off_40.pcap,/opt/praxis/logs/RQ7_CONFIRM_baseline_default_off_40_browser.json,21609,69,35,34,0,10618,4831,15449,1.144017,44,0,0,0,1823,0,-1369,0,80,655,0,-255,0,-255,0,-574,0,0,0,0,2094,1.0,15.713383084350143,0.9029935504844766,1,0.0,0.8406993686255464,0.8080827111008442,cicids2017_mapped,10000,17.75781860329554,1.0,0.8406993686255464,0.8420349684312773
RQ7_CONFIRM_baseline_default_off_41,baseline_default_off,default,off,1,none,standard_dns,1,/opt/praxis/pcaps/RQ7_CONFIRM_baseline_default_off_41.pcap,/opt/praxis/logs/RQ7_CONFIRM_baseline_default_off_41_browser.json,21337,67,34,33,0,10522,4831,15353,1.141272,46,0,0,0,1727,0,-1369,0,80,655,0,-255,0,-255,0,-208,0,-366,0,0,0,1.0,14.544074118143376,0.3835377883902941,1,0.0,0.708596406022341,0.61966804623772,cicids2017_mapped,10000,16.68597582046699,0.4066089960281952,0.708596406022341,0.6277429689109854
RQ7_CONFIRM_baseline_default_off_42,baseline_default_off,default,off,1,none,standard_dns,1,/opt/praxis/pcaps/RQ7_CONFIRM_baseline_default_off_42.pcap,/opt/praxis/logs/RQ7_CONFIRM_baseline_default_off_42_browser.json,21609,69,35,34,0,10618,4831,15449,1.144226,40,0,0,0,1823,0,-1369,0,80,655,0,-255,0,-255,0,-574,0,0,0,0,2062,1.0,15.684231932050952,0.8900433940492424,1,0.0,0.8406993686255464,0.8035501563485121,cicids2017_mapped,10000,17.73725788669663,0.9886172259024677,0.8406993686255464,0.838050997497141
RQ7_CONFIRM_baseline_default_off_43,baseline_default_off,default,off,1,none,standard_dns,1,/opt/praxis/pcaps/RQ7_CONFIRM_baseline_default_off_43.pcap,/opt/praxis/logs/RQ7_CONFIRM_baseline_default_off_43_browser.json,21513,69,35,34,0,10522,4831,15353,1.142944,46,0,0,0,1727,0,-1369,0,80,655,0,-255,0,-255,0,-208,0,-366,0,0,0,1.0,14.55120611823404,0.3867061199856378,1,0.0,0.7940747935891209,0.6250508816744292,cicids2017_mapped,10000,16.73426600999662,0.43334329373121944,0.7940747935891209,0.6413738924853829
RQ7_CONFIRM_baseline_default_off_44,baseline_default_off,default,off,1,none,standard_dns,1,/opt/praxis/pcaps/RQ7_CONFIRM_baseline_default_off_44.pcap,/opt/praxis/logs/RQ7_CONFIRM_baseline_default_off_44_browser.json,21681,72,37,35,0,10426,4831,15257,1.140269,46,0,0,0,1727,0,-1369,0,80,655,0,-255,0,-255,0,-208,0,-366,0,0,0,1.0,14.561778618536485,0.3914028651236335,1,0.0,0.8756677999028655,0.6307743927884151,cicids2017_mapped,10000,16.79893149692488,0.4691432438968803,0.8756677999028655,0.6579835253590515
RQ7_CONFIRM_baseline_default_off_45,baseline_default_off,default,off,1,none,standard_dns,1,/opt/praxis/pcaps/RQ7_CONFIRM_baseline_default_off_45.pcap,/opt/praxis/logs/RQ7_CONFIRM_baseline_default_off_45_browser.json,21513,69,35,34,0,10522,4831,15353,1.145116,40,0,0,0,1759,0,-1369,0,80,655,0,-255,0,-255,0,-208,-366,0,0,0,0,1.0,14.517182460715013,0.3715913937186254,1,0.0,0.7940747935891209,0.619760727480975,cicids2017_mapped,10000,16.713373607951354,0.4217768927406683,0.7940747935891209,0.63732565213869
RQ7_CONFIRM_baseline_default_off_46,baseline_default_off,default,off,1,none,standard_dns,1,/opt/praxis/pcaps/RQ7_CONFIRM_baseline_default_off_46.pcap,/opt/praxis/logs/RQ7_CONFIRM_baseline_default_off_46_browser.json,21273,67,34,33,0,10458,4831,15289,1.139046,44,0,0,0,1823,0,-1369,0,80,655,0,-255,0,-255,0,-208,0,-366,0,0,0,1.0,14.534368953081486,0.3792263497037098,1,0.0,0.6775133559980573,0.6166048901962013,cicids2017_mapped,10000,16.680391186696635,0.4035172446138132,0.6775133559980573,0.6251067034147375
RQ7_CONFIRM_baseline_default_off_47,baseline_default_off,default,off,1,none,standard_dns,1,/opt/praxis/pcaps/RQ7_CONFIRM_baseline_default_off_47.pcap,/opt/praxis/logs/RQ7_CONFIRM_baseline_default_off_47_browser.json,21457,68,35,33,0,10554,4831,15385,1.144308,40,0,0,0,1823,0,-1369,0,80,655,0,-255,0,-255,0,-574,0,0,0,0,1998,1.0,15.665735373964788,0.881826452287531,1,0.0,0.7668771248178727,0.7969831145415295,cicids2017_mapped,10000,17.696087328431602,0.9658244812067454,0.7668771248178727,0.8263824246632545
RQ7_CONFIRM_baseline_default_off_48,baseline_default_off,default,off,1,none,standard_dns,1,/opt/praxis/pcaps/RQ7_CONFIRM_baseline_default_off_48.pcap,/opt/praxis/logs/RQ7_CONFIRM_baseline_default_off_48_browser.json,21505,70,36,34,0,10426,4831,15257,1.146175,44,0,0,0,1727,0,-1369,0,80,655,0,-255,0,-255,0,-208,0,-366,0,0,0,1.0,14.543641939636275,0.3833457966907051,1,0.0,0.7901894123360855,0.6236804994585511,cicids2017_mapped,10000,16.74582618989987,0.43974321251481296,0.7901894123360855,0.6434195949969889
RQ7_CONFIRM_baseline_default_off_49,baseline_default_off,default,off,1,none,standard_dns,1,/opt/praxis/pcaps/RQ7_CONFIRM_baseline_default_off_49.pcap,/opt/praxis/logs/RQ7_CONFIRM_baseline_default_off_49_browser.json,21481,69,35,34,0,10490,4831,15321,1.1418,42,0,0,0,1727,0,-1369,0,80,655,0,-255,0,-255,0,-208,0,-366,0,0,0,1.0,14.528460722711436,0.3766016676066774,1,0.0,0.7785332685769791,0.620737247091186,cicids2017_mapped,10000,16.719537406546817,0.4251892799820037,0.7785332685769791,0.6377429114225502
RQ7_CONFIRM_baseline_default_off_50,baseline_default_off,default,off,1,none,standard_dns,1,/opt/praxis/pcaps/RQ7_CONFIRM_baseline_default_off_50.pcap,/opt/praxis/logs/RQ7_CONFIRM_baseline_default_off_50_browser.json,21369,67,34,33,0,10554,4831,15385,1.139078,42,0,0,0,1823,0,-1369,0,80,655,0,-255,0,-255,0,-574,0,0,0,0,0,1.0,13.707039104492631,0.0116919602291033,1,0.0,0.7241379310344828,0.4902990826319103,cicids2017_mapped,10000,15.967914880722807,0.009077838685043665,0.7241379310344828,0.48938414009148945
RQ7_CONFIRM_camouflaged_c2_p1_01,camouflaged_c2_p1,camouflaged,c2,1,none,standard_dns,1,/opt/praxis/pcaps/RQ7_CONFIRM_camouflaged_c2_p1_01.pcap,/opt/praxis/logs/RQ7_CONFIRM_camouflaged_c2_p1_01_browser.json,20585,56,28,28,0,10648,4969,15617,0.184586,34,0,0,0,1800,0,-1377,0,88,687,0,-263,0,-263,0,-216,0,-374,0,-6,0,0.485,14.661352238866876,0.4356376160132924,1,0.0,0.3433705682370082,0.3878916940165027,cicids2017_mapped,10000,16.443364022522758,0.27229484038531454,0.34337056823700823,0.3307217225467105
RQ7_CONFIRM_camouflaged_c2_p1_02,camouflaged_c2_p1,camouflaged,c2,1,none,standard_dns,1,/opt/praxis/pcaps/RQ7_CONFIRM_camouflaged_c2_p1_02.pcap,/opt/praxis/logs/RQ7_CONFIRM_camouflaged_c2_p1_02_browser.json,20089,50,26,24,0,10712,4937,15649,0.197929,28,0,0,0,1768,0,-1377,0,88,687,0,-263,0,-263,0,-582,-6,0,0,6,2052,0.485,15.857421077069738,0.966981228199284,1,0.0,0.1024769305488101,0.5618172763971899,cicids2017_mapped,10000,17.378696593667442,0.7901113917776778,0.1024769305488101,0.49991283364962774
RQ7_CONFIRM_camouflaged_c2_p1_03,camouflaged_c2_p1,camouflaged,c2,1,none,standard_dns,1,/opt/praxis/pcaps/RQ7_CONFIRM_camouflaged_c2_p1_03.pcap,/opt/praxis/logs/RQ7_CONFIRM_camouflaged_c2_p1_03_browser.json,20153,52,26,26,0,10584,4953,15537,0.190154,32,0,0,0,1768,0,-1377,0,88,687,0,-263,0,-263,0,-582,0,-6,0,6,2020,0.49,15.883363579751496,0.9785059687859392,1,0.0,0.1335599805730937,0.5696550881037334,cicids2017_mapped,10000,17.453360022305635,0.8314463782042096,0.13355998057309373,0.518184231400128
RQ7_CONFIRM_camouflaged_c2_p1_04,camouflaged_c2_p1,camouflaged,c2,1,none,standard_dns,1,/opt/praxis/pcaps/RQ7_CONFIRM_camouflaged_c2_p1_04.pcap,/opt/praxis/logs/RQ7_CONFIRM_camouflaged_c2_p1_04_browser.json,20417,53,27,26,0,10736,4977,15713,0.188321,34,0,0,0,1832,0,-1377,0,88,687,0,-263,0,-263,0,-216,0,-374,0,-6,0,0.485,14.65060260575178,0.4308621810996708,1,0.0,0.2617775619232637,0.382140641481048,cicids2017_mapped,10000,16.3561093202834,0.22398910358085783,0.26177756192326374,0.3097350643494634
RQ7_CONFIRM_camouflaged_c2_p1_05,camouflaged_c2_p1,camouflaged,c2,1,none,standard_dns,1,/opt/praxis/pcaps/RQ7_CONFIRM_camouflaged_c2_p1_05.pcap,/opt/praxis/logs/RQ7_CONFIRM_camouflaged_c2_p1_05_browser.json,20897,58,29,29,0,10776,4977,15753,0.183114,34,0,0,0,1768,0,-1377,0,88,687,0,-263,0,-263,0,-216,0,-374,0,-6,0,0.49,14.668729728061004,0.4389150040967078,1,0.0,0.4949004371053909,0.3988652732891173,cicids2017_mapped,10000,16.4971268976075,0.30205891300308907,0.49490043710539094,0.3509656414063507
RQ7_CONFIRM_camouflaged_c2_p1_06,camouflaged_c2_p1,camouflaged,c2,1,none,standard_dns,1,/opt/praxis/pcaps/RQ7_CONFIRM_camouflaged_c2_p1_06.pcap,/opt/praxis/logs/RQ7_CONFIRM_camouflaged_c2_p1_06_browser.json,20193,52,26,26,0,10616,4961,15577,0.189476,30,0,0,0,1768,0,-1377,0,88,687,0,-263,0,-263,0,-216,0,-374,-6,0,0,0.485,14.617456989417038,0.4161375173103396,1,0.0,0.152986886838271,0.3715474754005324,cicids2017_mapped,10000,16.313449278924004,0.20037175486397918,0.152986886838271,0.2960294585443063
RQ7_CONFIRM_camouflaged_c2_p1_07,camouflaged_c2_p1,camouflaged,c2,1,none,standard_dns,1,/opt/praxis/pcaps/RQ7_CONFIRM_camouflaged_c2_p1_07.pcap,/opt/praxis/logs/RQ7_CONFIRM_camouflaged_c2_p1_07_browser.json,20441,53,27,26,0,10776,4961,15737,0.183895,30,0,0,0,1800,0,-1377,0,88,687,0,-263,0,-263,0,-216,0,-374,-6,0,0,0.485,14.62249901443906,0.418377394901297,1,0.0,0.2734337056823701,0.3783537734995724,cicids2017_mapped,10000,16.33757015227755,0.21372549431648133,0.2734337056823701,0.306725608294887
RQ7_CONFIRM_camouflaged_c2_p1_08,camouflaged_c2_p1,camouflaged,c2,1,none,standard_dns,1,/opt/praxis/pcaps/RQ7_CONFIRM_camouflaged_c2_p1_08.pcap,/opt/praxis/logs/RQ7_CONFIRM_camouflaged_c2_p1_08_browser.json,20481,54,27,27,0,10712,4977,15689,0.190767,38,0,0,0,1736,0,-1377,0,88,687,0,-263,0,-263,0,-216,0,-374,0,-6,0,0.485,14.678280841889276,0.4431580068067688,1,0.0,0.2928606119475473,0.3879983329797464,cicids2017_mapped,10000,16.404094211786727,0.25055438293040516,0.29286061194754737,0.32058706462301917
RQ7_CONFIRM_camouflaged_c2_p1_09,camouflaged_c2_p1,camouflaged,c2,1,none,standard_dns,1,/opt/praxis/pcaps/RQ7_CONFIRM_camouflaged_c2_p1_09.pcap,/opt/praxis/logs/RQ7_CONFIRM_camouflaged_c2_p1_09_browser.json,20193,50,25,25,0,10800,4953,15753,0.191965,32,0,0,0,1800,0,-1377,0,88,687,0,-263,0,-263,0,-582,0,-6,0,6,2052,0.49,15.884438583838843,0.9789835303916276,1,0.0,0.152986886838271,0.5707935799789832,cicids2017_mapped,10000,17.40823025426531,0.8064617453872649,0.152986886838271,0.5104109552274563
RQ7_CONFIRM_camouflaged_c2_p1_10,camouflaged_c2_p1,camouflaged,c2,1,none,standard_dns,1,/opt/praxis/pcaps/RQ7_CONFIRM_camouflaged_c2_p1_10.pcap,/opt/praxis/logs/RQ7_CONFIRM_camouflaged_c2_p1_10_browser.json,20313,52,26,26,0,10744,4953,15697,0.189412,34,0,0,0,1832,0,-1377,0,88,687,0,-263,0,-263,0,-582,0,-6,0,6,2084,0.5,15.91206835019258,0.9912578238012848,1,0.0,0.2112676056338028,0.5825036186121398,cicids2017_mapped,10000,17.477378472167977,0.8447434142117206,0.2112676056338028,0.5312235752557923
RQ7_CONFIRM_camouflaged_c2_p1_11,camouflaged_c2_p1,camouflaged,c2,1,none,standard_dns,1,/opt/praxis/pcaps/RQ7_CONFIRM_camouflaged_c2_p1_11.pcap,/opt/praxis/logs/RQ7_CONFIRM_camouflaged_c2_p1_11_browser.json,20497,54,27,27,0,10744,4961,15705,0.187201,36,0,0,0,1768,0,-1377,0,88,687,0,-263,0,-263,0,-582,0,-6,0,6,2084,0.5,15.930372898272443,0.999389466718093,1,0.0,0.3006313744536182,0.5898178820740135,cicids2017_mapped,10000,17.536461961369636,0.877453072323154,0.30063137445361826,0.5471401440357848
RQ7_CONFIRM_camouflaged_c2_p1_12,camouflaged_c2_p1,camouflaged,c2,1,none,standard_dns,1,/opt/praxis/pcaps/RQ7_CONFIRM_camouflaged_c2_p1_12.pcap,/opt/praxis/logs/RQ7_CONFIRM_camouflaged_c2_p1_12_browser.json,20649,56,28,28,0,10712,4969,15681,0.200795,34,0,0,0,1800,0,-1377,0,88,687,0,-263,0,-263,0,-216,0,-374,0,-6,0,0.485,14.661269089200632,0.4356006774671135,1,0.0,0.3744536182612918,0.3894329180265543,cicids2017_mapped,10000,16.444496728143488,0.272921926126113,0.37445361826129187,0.3324953550572042
RQ7_CONFIRM_camouflaged_c2_p1_13,camouflaged_c2_p1,camouflaged,c2,1,none,standard_dns,1,/opt/praxis/pcaps/RQ7_CONFIRM_camouflaged_c2_p1_13.pcap,/opt/praxis/logs/RQ7_CONFIRM_camouflaged_c2_p1_13_browser.json,20353,52,26,26,0,10768,4969,15737,0.187664,34,0,0,0,1768,0,-1377,0,88,687,0,-263,0,-263,0,-216,0,-374,0,-6,0,0.485,14.645483193178194,0.4285879247339528,1,0.0,0.23069451189898,0.3797904992518324,cicids2017_mapped,10000,16.332100494490906,0.21069739562757286,0.23069451189898008,0.3035288140645995
RQ7_CONFIRM_camouflaged_c2_p1_14,camouflaged_c2_p1,camouflaged,c2,1,none,standard_dns,1,/opt/praxis/pcaps/RQ7_CONFIRM_camouflaged_c2_p1_14.pcap,/opt/praxis/logs/RQ7_CONFIRM_camouflaged_c2_p1_14_browser.json,20033,51,25,26,0,10552,4953,15505,0.189224,34,0,0,0,1768,0,-1377,0,88,687,0,-263,0,-263,0,-582,0,-6,0,6,1988,0.49,15.884351864108805,0.9789450058743634,1,0.0,0.0752792617775619,0.5668947151449052,cicids2017_mapped,10000,17.43273426897223,0.820027598627334,0.07527926177756192,0.5112736226084449
RQ7_CONFIRM_camouflaged_c2_p1_15,camouflaged_c2_p1,camouflaged,c2,1,none,standard_dns,1,/opt/praxis/pcaps/RQ7_CONFIRM_camouflaged_c2_p1_15.pcap,/opt/praxis/logs/RQ7_CONFIRM_camouflaged_c2_p1_15_browser.json,20201,52,26,26,0,10616,4969,15585,0.191309,36,0,0,0,1768,0,-1377,0,88,687,0,-263,0,-263,0,-582,0,-6,0,6,2020,0.49,15.907980998538289,0.9894420518967764,1,0.0,0.1568722680913064,0.5746483315684371,cicids2017_mapped,10000,17.469723148236724,0.8405052923284834,0.15687226809130647,0.5225204657195345
RQ7_CONFIRM_camouflaged_c2_p1_16,camouflaged_c2_p1,camouflaged,c2,1,none,standard_dns,1,/opt/praxis/pcaps/RQ7_CONFIRM_camouflaged_c2_p1_16.pcap,/opt/praxis/logs/RQ7_CONFIRM_camouflaged_c2_p1_16_browser.json,20817,57,28,29,0,10776,4985,15761,0.18772,32,0,0,0,1768,0,-1377,0,88,687,0,-263,0,-263,0,-216,0,-374,-6,0,0,0.485,14.651133318355036,0.4310979457501983,1,0.0,0.4560466245750364,0.3919366122413212,cicids2017_mapped,10000,16.467125347157907,0.285449527347653,0.4560466245750364,0.34095966580043036
RQ7_CONFIRM_camouflaged_c2_p1_17,camouflaged_c2_p1,camouflaged,c2,1,none,standard_dns,1,/opt/praxis/pcaps/RQ7_CONFIRM_camouflaged_c2_p1_17.pcap,/opt/praxis/logs/RQ7_CONFIRM_camouflaged_c2_p1_17_browser.json,20385,54,27,27,0,10616,4977,15593,0.192556,40,0,0,0,1832,0,-1377,0,88,687,0,-263,0,-263,0,-216,0,-374,0,-6,0,0.485,14.691793783607658,0.4491610185353346,1,0.0,0.2462360369111219,0.3877681583329231,cicids2017_mapped,10000,16.41372674597561,0.25588712316498435,0.2462360369111219,0.3201222949533006
RQ7_CONFIRM_camouflaged_c2_p1_18,camouflaged_c2_p1,camouflaged,c2,1,none,standard_dns,1,/opt/praxis/pcaps/RQ7_CONFIRM_camouflaged_c2_p1_18.pcap,/opt/praxis/logs/RQ7_CONFIRM_camouflaged_c2_p1_18_browser.json,20409,53,26,27,0,10744,4961,15705,0.186782,32,0,0,0,1768,0,-1377,0,88,687,0,-263,0,-263,0,-582,0,-6,0,6,2052,0.49,15.894680133370812,0.9835332534083016,1,0.0,0.2578921806702283,0.5776312477264169,cicids2017_mapped,10000,17.49254963612132,0.8531424372344241,0.2578921806702283,0.5319944620655598
RQ7_CONFIRM_camouflaged_c2_p1_19,camouflaged_c2_p1,camouflaged,c2,1,none,standard_dns,1,/opt/praxis/pcaps/RQ7_CONFIRM_camouflaged_c2_p1_19.pcap,/opt/praxis/logs/RQ7_CONFIRM_camouflaged_c2_p1_19_browser.json,20337,54,27,27,0,10584,4961,15545,0.191449,30,0,0,0,1736,0,-1377,0,88,687,0,-263,0,-263,0,-216,0,-374,0,-6,0,0.485,14.624672396506648,0.4193429017697705,1,0.0,0.2229237493929091,0.3761662030890651,cicids2017_mapped,10000,16.368994809262308,0.2311227367632196,0.22292374939290918,0.3102891453367723
RQ7_CONFIRM_camouflaged_c2_p1_20,camouflaged_c2_p1,camouflaged,c2,1,none,standard_dns,1,/opt/praxis/pcaps/RQ7_CONFIRM_camouflaged_c2_p1_20.pcap,/opt/praxis/logs/RQ7_CONFIRM_camouflaged_c2_p1_20_browser.json,20441,53,26,27,0,10776,4961,15737,0.190748,38,0,0,0,1832,0,-1377,0,88,687,0,-263,0,-263,0,-582,0,-6,0,6,2052,0.49,15.931747225198423,1.0,1,0.0,0.2734337056823701,0.5841716852841186,cicids2017_mapped,10000,17.517950318311282,0.8672047013535086,0.2734337056823701,0.5376933307578465
RQ7_CONFIRM_camouflaged_c2_p1_21,camouflaged_c2_p1,camouflaged,c2,1,none,standard_dns,1,/opt/praxis/pcaps/RQ7_CONFIRM_camouflaged_c2_p1_21.pcap,/opt/praxis/logs/RQ7_CONFIRM_camouflaged_c2_p1_21_browser.json,20577,54,27,27,0,10808,4977,15785,0.185189,36,0,0,0,1800,0,-1377,0,88,687,0,-263,0,-263,0,-216,0,-374,0,-6,0,0.485,14.667017900030745,0.4381545387622827,1,0.0,0.3394851869839728,0.3885783479159976,cicids2017_mapped,10000,16.397740420826768,0.24703681257665633,0.3394851869839728,0.32168714375102836
RQ7_CONFIRM_camouflaged_c2_p1_22,camouflaged_c2_p1,camouflaged,c2,1,none,standard_dns,1,/opt/praxis/pcaps/RQ7_CONFIRM_camouflaged_c2_p1_22.pcap,/opt/praxis/logs/RQ7_CONFIRM_camouflaged_c2_p1_22_browser.json,20473,54,27,27,0,10712,4969,15681,0.190576,36,0,0,0,1736,0,-1377,0,88,687,0,-263,0,-263,0,-216,0,-374,0,-6,0,0.485,14.665674359592613,0.4375576821209981,1,0.0,0.2889752306945119,0.3858439502770749,cicids2017_mapped,10000,16.39591010451597,0.24602351729618221,0.2889752306945119,0.31880699258838935
RQ7_CONFIRM_camouflaged_c2_p1_23,camouflaged_c2_p1,camouflaged,c2,1,none,standard_dns,1,/opt/praxis/pcaps/RQ7_CONFIRM_camouflaged_c2_p1_23.pcap,/opt/praxis/logs/RQ7_CONFIRM_camouflaged_c2_p1_23_browser.json,20497,54,27,27,0,10744,4961,15705,0.185256,34,0,0,0,1832,0,-1377,0,88,687,0,-263,0,-263,0,-582,0,-6,0,6,2052,0.49,15.911925542042368,0.9911943824708532,1,0.0,0.3006313744536182,0.5824496025874796,cicids2017_mapped,10000,17.52313966547552,0.8700776151549323,0.30063137445361826,0.5400587340269073
RQ7_CONFIRM_camouflaged_c2_p1_24,camouflaged_c2_p1,camouflaged,c2,1,none,standard_dns,1,/opt/praxis/pcaps/RQ7_CONFIRM_camouflaged_c2_p1_24.pcap,/opt/praxis/logs/RQ7_CONFIRM_camouflaged_c2_p1_24_browser.json,20649,56,28,28,0,10712,4969,15681,0.195062,32,0,0,0,1768,0,-1377,0,88,687,0,-263,0,-263,0,-216,0,-374,0,-6,0,0.485,14.647268720812882,0.4293811305033619,1,0.0,0.3744536182612918,0.3872560765892412,cicids2017_mapped,10000,16.43479574719267,0.26755129256106147,0.37445361826129187,0.3306156333094361
RQ7_CONFIRM_camouflaged_c2_p1_25,camouflaged_c2_p1,camouflaged,c2,1,none,standard_dns,1,/opt/praxis/pcaps/RQ7_CONFIRM_camouflaged_c2_p1_25.pcap,/opt/praxis/logs/RQ7_CONFIRM_camouflaged_c2_p1_25_browser.json,20249,52,26,26,0,10680,4953,15633,0.18706,32,0,0,0,1832,0,-1377,0,88,687,0,-263,0,-263,0,-582,0,-6,0,6,1988,0.49,15.876895739568004,0.9756326846936108,1,0.0,0.1801845556095191,0.5709806674232397,cicids2017_mapped,10000,17.4481813020736,0.8285793476592386,0.18018455560951918,0.5195119994612094
RQ7_CONFIRM_camouflaged_c2_p1_26,camouflaged_c2_p1,camouflaged,c2,1,none,standard_dns,1,/opt/praxis/pcaps/RQ7_CONFIRM_camouflaged_c2_p1_26.pcap,/opt/praxis/logs/RQ7_CONFIRM_camouflaged_c2_p1_26_browser.json,20473,54,27,27,0,10712,4969,15681,0.187648,32,0,0,0,1832,0,-1377,0,88,687,0,-263,0,-263,0,-582,0,-6,0,6,2020,0.49,15.891852321039266,0.9822770213497144,1,0.0,0.2889752306945119,0.5787457190071257,cicids2017_mapped,10000,17.50810352983907,0.8617533461818059,0.2889752306945119,0.5365624326983577
RQ7_CONFIRM_camouflaged_c2_p1_27,camouflaged_c2_p1,camouflaged,c2,1,none,standard_dns,1,/opt/praxis/pcaps/RQ7_CONFIRM_camouflaged_c2_p1_27.pcap,/opt/praxis/logs/RQ7_CONFIRM_camouflaged_c2_p1_27_browser.json,20345,52,26,26,0,10776,4953,15729,0.186909,30,0,0,0,1832,0,-1377,0,88,687,0,-263,0,-263,0,-582,0,-6,0,6,2052,0.49,15.879251584234192,0.9766792490506948,1,0.0,0.2268091306459446,0.5736781937000404,cicids2017_mapped,10000,17.454035619545124,0.8318204007107223,0.22680913064594463,0.5229775967810499
RQ7_CONFIRM_camouflaged_c2_p1_28,camouflaged_c2_p1,camouflaged,c2,1,none,standard_dns,1,/opt/praxis/pcaps/RQ7_CONFIRM_camouflaged_c2_p1_28.pcap,/opt/praxis/logs/RQ7_CONFIRM_camouflaged_c2_p1_28_browser.json,20441,52,26,26,0,10872,4953,15825,0.186969,32,0,0,0,1832,0,-1377,0,88,687,0,-263,0,-263,0,-582,0,-6,0,6,2084,0.5,15.899846502612808,0.9858283698825788,1,0.0,0.2734337056823701,0.5837116147430211,cicids2017_mapped,10000,17.469797039295344,0.8405461997172917,0.2734337056823701,0.5328628551851706
RQ7_CONFIRM_camouflaged_c2_p1_29,camouflaged_c2_p1,camouflaged,c2,1,none,standard_dns,1,/opt/praxis/pcaps/RQ7_CONFIRM_camouflaged_c2_p1_29.pcap,/opt/praxis/logs/RQ7_CONFIRM_camouflaged_c2_p1_29_browser.json,20689,56,28,28,0,10744,4977,15721,0.19442,38,0,0,0,1800,0,-1377,0,88,687,0,-263,0,-263,0,-216,0,-374,0,-6,0,0.485,14.687054677399123,0.4470557101024527,1,0.0,0.3938805245264691,0.3944135247621819,cicids2017_mapped,10000,16.460918018512533,0.28201304110557457,0.39388052452646916,0.3366485906132745
RQ7_CONFIRM_camouflaged_c2_p1_30,camouflaged_c2_p1,camouflaged,c2,1,none,standard_dns,1,/opt/praxis/pcaps/RQ7_CONFIRM_camouflaged_c2_p1_30.pcap,/opt/praxis/logs/RQ7_CONFIRM_camouflaged_c2_p1_30_browser.json,20561,54,27,27,0,10808,4961,15769,0.19206,34,0,0,0,1768,0,-1377,0,88,687,0,-263,0,-263,0,-216,0,-374,-6,0,0,0.485,14.65330121640383,0.432061016389033,1,0.0,0.3317144244779019,0.3860570769600566,cicids2017_mapped,10000,16.38884228631197,0.24211064890993073,0.3317144244779019,0.3195744483423708
RQ7_CONFIRM_camouflaged_c2_p1_31,camouflaged_c2_p1,camouflaged,c2,1,none,standard_dns,1,/opt/praxis/pcaps/RQ7_CONFIRM_camouflaged_c2_p1_31.pcap,/opt/praxis/logs/RQ7_CONFIRM_camouflaged_c2_p1_31_browser.json,20377,53,26,27,0,10704,4969,15673,0.188454,34,0,0,0,1736,0,-1377,0,88,687,0,-263,0,-263,0,-582,0,-6,0,6,2084,0.5,15.914028310656766,0.9921285199013076,1,0.0,0.2423506556580864,0.584362514748362,cicids2017_mapped,10000,17.506631899923175,0.8609386259940532,0.24235065565808644,0.538446051880823
RQ7_CONFIRM_camouflaged_c2_p1_32,camouflaged_c2_p1,camouflaged,c2,1,none,standard_dns,1,/opt/praxis/pcaps/RQ7_CONFIRM_camouflaged_c2_p1_32.pcap,/opt/praxis/logs/RQ7_CONFIRM_camouflaged_c2_p1_32_browser.json,20601,56,28,28,0,10648,4985,15633,0.189031,34,0,0,0,1768,0,-1377,0,88,687,0,-263,0,-263,0,-216,0,-374,0,-6,0,0.485,14.660823091478369,0.4354025466963696,1,0.0,0.3511413307430792,0.3881979578808833,cicids2017_mapped,10000,16.442880937829333,0.27202739620802746,0.3511413307430792,0.33101665520996354
RQ7_CONFIRM_camouflaged_c2_p1_33,camouflaged_c2_p1,camouflaged,c2,1,none,standard_dns,1,/opt/praxis/pcaps/RQ7_CONFIRM_camouflaged_c2_p1_33.pcap,/opt/praxis/logs/RQ7_CONFIRM_camouflaged_c2_p1_33_browser.json,20105,51,26,25,0,10608,4969,15577,0.184619,32,0,0,0,1736,0,-1377,0,88,687,0,-263,0,-263,0,-582,0,-6,0,6,2020,0.49,15.879551984297551,0.9768126992750192,1,0.0,0.110247693054881,0.5678968293990008,cicids2017_mapped,10000,17.420340815144648,0.8131663647530719,0.11024769305488101,0.5106206123163192
RQ7_CONFIRM_camouflaged_c2_p1_34,camouflaged_c2_p1,camouflaged,c2,1,none,standard_dns,1,/opt/praxis/pcaps/RQ7_CONFIRM_camouflaged_c2_p1_34.pcap,/opt/praxis/logs/RQ7_CONFIRM_camouflaged_c2_p1_34_browser.json,20217,52,26,26,0,10648,4953,15601,0.188466,34,0,0,0,1736,0,-1377,0,88,687,0,-263,0,-263,0,-582,0,-6,0,6,2052,0.49,15.903030162894227,0.9872426844269188,1,0.0,0.1646430305973773,0.5742670910792904,cicids2017_mapped,10000,17.46796916432394,0.8395342560052166,0.16464303059737737,0.5225691411316947
RQ7_CONFIRM_camouflaged_c2_p1_35,camouflaged_c2_p1,camouflaged,c2,1,none,standard_dns,1,/opt/praxis/pcaps/RQ7_CONFIRM_camouflaged_c2_p1_35.pcap,/opt/praxis/logs/RQ7_CONFIRM_camouflaged_c2_p1_35_browser.json,20689,56,28,28,0,10744,4977,15721,0.182962,38,0,0,0,1736,0,-1377,0,88,687,0,-263,0,-263,0,-216,0,-374,-6,0,0,0.485,14.686146221223751,0.4466521360184894,1,0.0,0.3938805245264691,0.3942722738327947,cicids2017_mapped,10000,16.458906563768014,0.280899464404387,0.39388052452646916,0.3362588387678589
RQ7_CONFIRM_camouflaged_c2_p1_36,camouflaged_c2_p1,camouflaged,c2,1,none,standard_dns,1,/opt/praxis/pcaps/RQ7_CONFIRM_camouflaged_c2_p1_36.pcap,/opt/praxis/logs/RQ7_CONFIRM_camouflaged_c2_p1_36_browser.json,20225,52,26,26,0,10648,4961,15609,0.184936,32,0,0,0,1736,0,-1377,0,88,687,0,-263,0,-263,0,-582,0,-6,0,6,2052,0.49,15.890609305978478,0.9817248222694396,1,0.0,0.1685284118504128,0.5725301083868244,cicids2017_mapped,10000,17.45966458506489,0.8349366949607816,0.1685284118504128,0.5211542638287942
RQ7_CONFIRM_camouflaged_c2_p1_37,camouflaged_c2_p1,camouflaged,c2,1,none,standard_dns,1,/opt/praxis/pcaps/RQ7_CONFIRM_camouflaged_c2_p1_37.pcap,/opt/praxis/logs/RQ7_CONFIRM_camouflaged_c2_p1_37_browser.json,20569,54,27,27,0,10808,4969,15777,0.189214,36,0,0,0,1800,0,-1377,0,88,687,0,-263,0,-263,0,-216,0,-374,0,-6,0,0.485,14.666938233968972,0.4381191477783545,1,0.0,0.3355998057309373,0.3883716920089709,cicids2017_mapped,10000,16.397898058602447,0.24712408362001517,0.33559980573093734,0.3215234195535522
RQ7_CONFIRM_camouflaged_c2_p1_38,camouflaged_c2_p1,camouflaged,c2,1,none,standard_dns,1,/opt/praxis/pcaps/RQ7_CONFIRM_camouflaged_c2_p1_38.pcap,/opt/praxis/logs/RQ7_CONFIRM_camouflaged_c2_p1_38_browser.json,20529,54,27,27,0,10768,4969,15737,0.192467,34,0,0,0,1800,0,-1377,0,88,687,0,-263,0,-263,0,-216,0,-374,-6,0,0,0.485,14.653770689020051,0.4322695756857544,1,0.0,0.3161728994657601,0.385352996463302,cicids2017_mapped,10000,16.389395011388633,0.24241664722742248,0.3161728994657601,0.31890447150288587
RQ7_CONFIRM_camouflaged_c2_p1_39,camouflaged_c2_p1,camouflaged,c2,1,none,standard_dns,1,/opt/praxis/pcaps/RQ7_CONFIRM_camouflaged_c2_p1_39.pcap,/opt/praxis/logs/RQ7_CONFIRM_camouflaged_c2_p1_39_browser.json,20561,54,27,27,0,10808,4961,15769,0.186439,36,0,0,0,1800,0,-1377,0,88,687,0,-263,0,-263,0,-216,0,-374,0,-6,0,0.485,14.666947263942069,0.4381231592686374,1,0.0,0.3317144244779019,0.3881788269679181,cicids2017_mapped,10000,16.397744637063386,0.2470391467593556,0.3317144244779019,0.3212994225896696
RQ7_CONFIRM_camouflaged_c2_p1_40,camouflaged_c2_p1,camouflaged,c2,1,none,standard_dns,1,/opt/praxis/pcaps/RQ7_CONFIRM_camouflaged_c2_p1_40.pcap,/opt/praxis/logs/RQ7_CONFIRM_camouflaged_c2_p1_40_browser.json,20441,53,26,27,0,10776,4961,15737,0.188658,34,0,0,0,1800,0,-1377,0,88,687,0,-263,0,-263,0,-216,0,-374,0,-6,0,0.485,14.649703202780824,0.4304626288263109,1,0.0,0.2734337056823701,0.3825836053733273,cicids2017_mapped,10000,16.366658178248844,0.22982913676403716,0.2734337056823701,0.3123618831515315
RQ7_CONFIRM_camouflaged_c2_p1_41,camouflaged_c2_p1,camouflaged,c2,1,none,standard_dns,1,/opt/praxis/pcaps/RQ7_CONFIRM_camouflaged_c2_p1_41.pcap,/opt/praxis/logs/RQ7_CONFIRM_camouflaged_c2_p1_41_browser.json,20681,56,28,28,0,10744,4969,15713,0.185442,34,0,0,0,1800,0,-1377,0,88,687,0,-263,0,-263,0,-216,0,-374,-6,0,0,0.485,14.66152901593728,0.4357161477533897,1,0.0,0.3899951432734337,0.390250408877358,cicids2017_mapped,10000,16.443962685002518,0.2726262704565864,0.3899951432734337,0.33316895182347694
RQ7_CONFIRM_camouflaged_c2_p1_42,camouflaged_c2_p1,camouflaged,c2,1,none,standard_dns,1,/opt/praxis/pcaps/RQ7_CONFIRM_camouflaged_c2_p1_42.pcap,/opt/praxis/logs/RQ7_CONFIRM_camouflaged_c2_p1_42_browser.json,20601,56,27,29,0,10648,4985,15633,0.183959,38,0,0,0,1768,0,-1377,0,88,687,0,-263,0,-263,0,-216,0,-374,0,-6,0,0.485,14.686044776576376,0.4466070700794305,1,0.0,0.3511413307430792,0.3921195410649546,cicids2017_mapped,10000,16.4694068897121,0.2867126294075134,0.3511413307430792,0.3361564868297836
RQ7_CONFIRM_camouflaged_c2_p1_43,camouflaged_c2_p1,camouflaged,c2,1,none,standard_dns,1,/opt/praxis/pcaps/RQ7_CONFIRM_camouflaged_c2_p1_43.pcap,/opt/praxis/logs/RQ7_CONFIRM_camouflaged_c2_p1_43_browser.json,20537,55,28,27,0,10680,4977,15657,0.187186,36,0,0,0,1736,0,-1377,0,88,687,0,-263,0,-263,0,-216,0,-374,0,-6,0,0.485,14.669756374611357,0.4393710832696449,1,0.0,0.3200582807187955,0.3880327931803155,cicids2017_mapped,10000,16.41772665677803,0.2581015440902084,0.32005828071879555,0.3245884544675127
RQ7_CONFIRM_camouflaged_c2_p1_44,camouflaged_c2_p1,camouflaged,c2,1,none,standard_dns,1,/opt/praxis/pcaps/RQ7_CONFIRM_camouflaged_c2_p1_44.pcap,/opt/praxis/logs/RQ7_CONFIRM_camouflaged_c2_p1_44_browser.json,20481,52,27,25,0,10904,4961,15865,0.187357,30,0,0,0,1832,0,-1377,0,88,687,0,-263,0,-263,0,-582,0,-6,0,6,2084,0.5,15.887268618997748,0.980240749922742,1,0.0,0.2928606119475473,0.582727293070337,cicids2017_mapped,10000,17.45058100020123,0.8299078627213312,0.29286061194754737,0.5301107825498432
RQ7_CONFIRM_camouflaged_c2_p1_45,camouflaged_c2_p1,camouflaged,c2,1,none,standard_dns,1,/opt/praxis/pcaps/RQ7_CONFIRM_camouflaged_c2_p1_45.pcap,/opt/praxis/logs/RQ7_CONFIRM_camouflaged_c2_p1_45_browser.json,20625,56,28,28,0,10680,4977,15657,0.190874,38,0,0,0,1768,0,-1377,0,88,687,0,-263,0,-263,0,-216,0,-374,0,-6,0,0.485,14.686450722668043,0.4467874082471096,1,0.0,0.3627974745021855,0.3927654666115976,cicids2017_mapped,10000,16.45964272845046,0.2813070181118935,0.3627974745021855,0.33484733006427203
RQ7_CONFIRM_camouflaged_c2_p1_46,camouflaged_c2_p1,camouflaged,c2,1,none,standard_dns,1,/opt/praxis/pcaps/RQ7_CONFIRM_camouflaged_c2_p1_46.pcap,/opt/praxis/logs/RQ7_CONFIRM_camouflaged_c2_p1_46_browser.json,20289,52,26,26,0,10704,4969,15673,0.181052,38,0,0,0,1800,0,-1377,0,88,687,0,-263,0,-263,0,-216,0,-374,0,-6,0,0.485,14.671612880479875,0.4401958205278327,1,0.0,0.1996114618746964,0.3822991102784762,cicids2017_mapped,10000,16.348797262346732,0.21994101978568587,0.19961146187469644,0.3052099300187249
RQ7_CONFIRM_camouflaged_c2_p1_47,camouflaged_c2_p1,camouflaged,c2,1,none,standard_dns,1,/opt/praxis/pcaps/RQ7_CONFIRM_camouflaged_c2_p1_47.pcap,/opt/praxis/logs/RQ7_CONFIRM_camouflaged_c2_p1_47_browser.json,20513,54,26,28,0,10744,4977,15721,0.181752,34,0,0,0,1800,0,-1377,0,88,687,0,-263,0,-263,0,-582,0,-6,0,6,2052,0.49,15.911136890563249,0.990844030624632,1,0.0,0.3084021369596891,0.5827155175666057,cicids2017_mapped,10000,17.532159334161303,0.8750710622748789,0.30840213695968915,0.5421949786441921
RQ7_CONFIRM_camouflaged_c2_p1_48,camouflaged_c2_p1,camouflaged,c2,1,none,standard_dns,1,/opt/praxis/pcaps/RQ7_CONFIRM_camouflaged_c2_p1_48.pcap,/opt/praxis/logs/RQ7_CONFIRM_camouflaged_c2_p1_48_browser.json,20401,54,27,27,0,10640,4969,15609,0.190794,36,0,0,0,1800,0,-1377,0,88,687,0,-263,0,-263,0,-216,0,-374,0,-6,0,0.485,14.666589187869748,0.4379640869580595,1,0.0,0.2540067994171928,0.3842377704061804,cicids2017_mapped,10000,16.39699019929568,0.24662147675066964,0.2540067994171928,0.317267856833594
RQ7_CONFIRM_camouflaged_c2_p1_49,camouflaged_c2_p1,camouflaged,c2,1,none,standard_dns,1,/opt/praxis/pcaps/RQ7_CONFIRM_camouflaged_c2_p1_49.pcap,/opt/praxis/logs/RQ7_CONFIRM_camouflaged_c2_p1_49_browser.json,20465,54,27,27,0,10712,4961,15673,0.185285,32,0,0,0,1832,0,-1377,0,88,687,0,-263,0,-263,0,-216,0,-374,0,-6,0,0.485,14.640691203220284,0.4264591231361954,1,0.0,0.2850898494414764,0.3817651855697422,cicids2017_mapped,10000,16.380722178015763,0.23761521423290585,0.2850898494414764,0.31566981745359085
RQ7_CONFIRM_camouflaged_c2_p1_50,camouflaged_c2_p1,camouflaged,c2,1,none,standard_dns,1,/opt/praxis/pcaps/RQ7_CONFIRM_camouflaged_c2_p1_50.pcap,/opt/praxis/logs/RQ7_CONFIRM_camouflaged_c2_p1_50_browser.json,20529,54,27,27,0,10776,4961,15737,0.181503,36,0,0,0,1832,0,-1377,0,88,687,0,-263,0,-263,0,-216,0,-374,0,-6,0,0.485,14.667466992513896,0.4383540443547558,1,0.0,0.3161728994657601,0.3874825604974525,cicids2017_mapped,10000,16.39806461575332,0.2472162925862541,0.3161728994657601,0.3205843473784769
RQ7_CONFIRM_default_c2_p1_01,default_c2_p1,default,c2,1,none,standard_dns,1,/opt/praxis/pcaps/RQ7_CONFIRM_default_c2_p1_01.pcap,/opt/praxis/logs/RQ7_CONFIRM_default_c2_p1_01_browser.json,20310,54,27,27,0,10557,4961,15518,0.189242,38,0,0,0,1736,0,-1377,0,88,663,0,-263,0,-263,0,-216,0,-374,0,-6,0,0.485,14.66217118091338,0.4360014241916035,1,0.0,0.2098105876639145,0.3813410278502569,cicids2017_mapped,10000,16.38894959314545,0.2421700558590398,0.20981058766391453,0.31350004893385963
RQ7_CONFIRM_default_c2_p1_02,default_c2_p1,default,c2,1,none,standard_dns,1,/opt/praxis/pcaps/RQ7_CONFIRM_default_c2_p1_02.pcap,/opt/praxis/logs/RQ7_CONFIRM_default_c2_p1_02_browser.json,20446,54,27,27,0,10685,4969,15654,0.189728,40,0,0,0,1768,0,-1377,0,88,663,0,-263,0,-263,0,-216,0,-374,0,-6,0,0.485,14.67514040908663,0.4417628957095746,1,0.0,0.2758620689655172,0.3866601169466269,cicids2017_mapped,10000,16.398404542264323,0.2474044818775125,0.27586206896551724,0.3186346721054052
RQ7_CONFIRM_default_c2_p1_03,default_c2_p1,default,c2,1,none,standard_dns,1,/opt/praxis/pcaps/RQ7_CONFIRM_default_c2_p1_03.pcap,/opt/praxis/logs/RQ7_CONFIRM_default_c2_p1_03_browser.json,20030,52,26,26,0,10461,4953,15414,0.196199,34,0,0,0,1768,0,-1377,0,88,663,0,-263,0,-263,0,-582,0,-6,0,6,1988,0.49,15.873357292509477,0.9740607590806736,1,0.0,0.0738222438076736,0.5651123778686195,cicids2017_mapped,10000,17.44091263780399,0.8245552873608658,0.07382224380767363,0.5127854627666867
RQ7_CONFIRM_default_c2_p1_04,default_c2_p1,default,c2,1,none,standard_dns,1,/opt/praxis/pcaps/RQ7_CONFIRM_default_c2_p1_04.pcap,/opt/praxis/logs/RQ7_CONFIRM_default_c2_p1_04_browser.json,20438,55,27,28,0,10589,4969,15558,0.190956,36,0,0,0,1768,0,-1377,0,88,663,0,-263,0,-263,0,-216,0,-374,0,-6,0,0.485,14.653830151156964,0.4322959912444631,1,0.0,0.2719766877124818,0.3831524313211862,cicids2017_mapped,10000,16.414826604195607,0.2564960240073906,0.2719766877124818,0.3216224427882108
RQ7_CONFIRM_default_c2_p1_05,default_c2_p1,default,c2,1,none,standard_dns,1,/opt/praxis/pcaps/RQ7_CONFIRM_default_c2_p1_05.pcap,/opt/praxis/logs/RQ7_CONFIRM_default_c2_p1_05_browser.json,20254,52,26,26,0,10685,4953,15638,0.188936,34,0,0,0,1832,0,-1377,0,88,663,0,-263,0,-263,0,-582,0,-6,0,6,2052,0.49,15.88999109313962,0.9814501863685564,1,0.0,0.1826129188926663,0.5731382111736281,cicids2017_mapped,10000,17.4570281940459,0.8334771425537658,0.18261291889266634,0.5213476458384513
RQ7_CONFIRM_default_c2_p1_06,default_c2_p1,default,c2,1,none,standard_dns,1,/opt/praxis/pcaps/RQ7_CONFIRM_default_c2_p1_06.pcap,/opt/praxis/logs/RQ7_CONFIRM_default_c2_p1_06_browser.json,20318,53,26,27,0,10645,4969,15614,0.192563,32,0,0,0,1800,0,-1377,0,88,663,0,-263,0,-263,0,-216,0,-374,0,-6,0,0.485,14.62004845344297,0.417288753604112,1,0.0,0.2136959689169499,0.3749858622072867,cicids2017_mapped,10000,16.343219620101504,0.2168531390025011,0.21369596891694997,0.3048333970967229
RQ7_CONFIRM_default_c2_p1_07,default_c2_p1,default,c2,1,none,standard_dns,1,/opt/praxis/pcaps/RQ7_CONFIRM_default_c2_p1_07.pcap,/opt/praxis/logs/RQ7_CONFIRM_default_c2_p1_07_browser.json,20222,52,26,26,0,10645,4961,15606,0.188237,32,0,0,0,1768,0,-1377,0,88,663,0,-263,0,-263,0,-216,0,-374,0,-6,0,0.485,14.615824198068406,0.4154121633629601,1,0.0,0.1670713938805245,0.3719978268710622,cicids2017_mapped,10000,16.30845013124978,0.19760413884329556,0.16707139388052453,0.29576501828917967
RQ7_CONFIRM_default_c2_p1_08,default_c2_p1,default,c2,1,none,standard_dns,1,/opt/praxis/pcaps/RQ7_CONFIRM_default_c2_p1_08.pcap,/opt/praxis/logs/RQ7_CONFIRM_default_c2_p1_08_browser.json,20438,55,28,27,0,10589,4969,15558,0.187041,32,0,0,0,1800,0,-1377,0,88,663,0,-263,0,-263,0,-216,0,-374,0,-6,0,0.485,14.628208554329127,0.4209138104086745,1,0.0,0.2719766877124818,0.3791686680286601,cicids2017_mapped,10000,16.38742053159946,0.24132354051141025,0.2719766877124818,0.31631207356461766
RQ7_CONFIRM_default_c2_p1_09,default_c2_p1,default,c2,1,none,standard_dns,1,/opt/praxis/pcaps/RQ7_CONFIRM_default_c2_p1_09.pcap,/opt/praxis/logs/RQ7_CONFIRM_default_c2_p1_09_browser.json,20070,51,25,26,0,10581,4961,15542,0.188315,34,0,0,0,1832,0,-1377,0,88,663,0,-263,0,-263,0,-582,0,-6,0,6,1988,0.49,15.870831907411713,0.9729388777999752,1,0.0,0.0932491500728509,0.565691064733634,cicids2017_mapped,10000,17.420985363743416,0.8135231981863502,0.0932491500728509,0.5098955768688651
RQ7_CONFIRM_default_c2_p1_10,default_c2_p1,default,c2,1,none,standard_dns,1,/opt/praxis/pcaps/RQ7_CONFIRM_default_c2_p1_10.pcap,/opt/praxis/logs/RQ7_CONFIRM_default_c2_p1_10_browser.json,20502,55,28,27,0,10653,4969,15622,0.188032,38,0,0,0,1800,0,-1377,0,88,663,0,-263,0,-263,0,-216,0,-374,0,-6,0,0.485,14.667535856480953,0.4383846365981415,1,0.0,0.3030597377367654,0.3868376096961878,cicids2017_mapped,10000,16.413118115458285,0.2555501746129128,0.3030597377367654,0.32284554800135773
RQ7_CONFIRM_default_c2_p1_11,default_c2_p1,default,c2,1,none,standard_dns,1,/opt/praxis/pcaps/RQ7_CONFIRM_default_c2_p1_11.pcap,/opt/praxis/logs/RQ7_CONFIRM_default_c2_p1_11_browser.json,20470,55,28,27,0,10621,4969,15590,0.193895,30,0,0,0,1832,0,-1377,0,88,663,0,-263,0,-263,0,-216,0,-374,0,-6,0,0.485,14.61458336316596,0.4148609327998571,1,0.0,0.2875182127246236,0.3778272371161811,cicids2017_mapped,10000,16.37962484959084,0.2370077139295188,0.2875182127246236,0.3155786105115627
RQ7_CONFIRM_default_c2_p1_12,default_c2_p1,default,c2,1,none,standard_dns,1,/opt/praxis/pcaps/RQ7_CONFIRM_default_c2_p1_12.pcap,/opt/praxis/logs/RQ7_CONFIRM_default_c2_p1_12_browser.json,20222,54,28,26,0,10461,4969,15430,0.186845,34,0,0,0,1800,0,-1377,0,88,663,0,-263,0,-263,0,-582,0,-6,0,6,1988,0.49,15.881580511279145,0.9777138554789006,1,0.0,0.1670713938805245,0.5710534191116414,cicids2017_mapped,10000,17.48329548648397,0.848019177338303,0.16707139388052453,0.5256602817624323
RQ7_CONFIRM_default_c2_p1_13,default_c2_p1,default,c2,1,none,standard_dns,1,/opt/praxis/pcaps/RQ7_CONFIRM_default_c2_p1_13.pcap,/opt/praxis/logs/RQ7_CONFIRM_default_c2_p1_13_browser.json,20502,56,28,28,0,10557,4977,15534,0.186977,34,0,0,0,1736,0,-1377,0,88,663,0,-263,0,-263,0,-216,0,-374,0,-6,0,0.485,14.644319833926035,0.4280711120827346,1,0.0,0.3030597377367654,0.3832278761157954,cicids2017_mapped,10000,16.42739845335171,0.2634560206711134,0.3030597377367654,0.32561259412172794
RQ7_CONFIRM_default_c2_p1_14,default_c2_p1,default,c2,1,none,standard_dns,1,/opt/praxis/pcaps/RQ7_CONFIRM_default_c2_p1_14.pcap,/opt/praxis/logs/RQ7_CONFIRM_default_c2_p1_14_browser.json,20350,54,27,27,0,10589,4969,15558,0.190316,36,0,0,0,1768,0,-1377,0,88,663,0,-263,0,-263,0,-216,0,-374,0,-6,0,0.485,14.650186014561344,0.4306771139355901,1,0.0,0.2292374939290918,0.3804488645739111,cicids2017_mapped,10000,16.381811090464,0.23821805530367626,0.2292374939290918,0.3130881940527413
RQ7_CONFIRM_default_c2_p1_15,default_c2_p1,default,c2,1,none,standard_dns,1,/opt/praxis/pcaps/RQ7_CONFIRM_default_c2_p1_15.pcap,/opt/praxis/logs/RQ7_CONFIRM_default_c2_p1_15_browser.json,20158,53,26,27,0,10485,4969,15454,0.191367,36,0,0,0,1736,0,-1377,0,88,663,0,-263,0,-263,0,-216,0,-374,0,-6,0,0.485,14.645326723895224,0.4285184145591592,1,0.0,0.1359883438562409,0.3750308622885177,cicids2017_mapped,10000,16.35789927296568,0.22498005284712544,0.1359883438562409,0.3037924356893059
RQ7_CONFIRM_default_c2_p1_16,default_c2_p1,default,c2,1,none,standard_dns,1,/opt/praxis/pcaps/RQ7_CONFIRM_default_c2_p1_16.pcap,/opt/praxis/logs/RQ7_CONFIRM_default_c2_p1_16_browser.json,20390,54,27,27,0,10621,4977,15598,0.190135,36,0,0,0,1736,0,-1377,0,88,663,0,-263,0,-263,0,-216,0,-374,0,-6,0,0.485,14.64974443053241,0.4304809439113213,1,0.0,0.248664400194269,0.3813515503786759,cicids2017_mapped,10000,16.381264852557578,0.2379156483976516,0.24866440019426905,0.3139536969488915
RQ7_CONFIRM_default_c2_p1_17,default_c2_p1,default,c2,1,none,standard_dns,1,/opt/praxis/pcaps/RQ7_CONFIRM_default_c2_p1_17.pcap,/opt/praxis/logs/RQ7_CONFIRM_default_c2_p1_17_browser.json,20342,55,27,28,0,10493,4969,15462,0.18957,32,0,0,0,1736,0,-1377,0,88,663,0,-263,0,-263,0,-216,0,-374,0,-6,0,0.485,14.626498334544696,0.4201540595240539,1,0.0,0.2253521126760563,0.3765715264672216,cicids2017_mapped,10000,16.396321641242633,0.2462513512614969,0.22535211267605634,0.3157055785753267
RQ7_CONFIRM_default_c2_p1_18,default_c2_p1,default,c2,1,none,standard_dns,1,/opt/praxis/pcaps/RQ7_CONFIRM_default_c2_p1_18.pcap,/opt/praxis/logs/RQ7_CONFIRM_default_c2_p1_18_browser.json,20374,54,27,27,0,10621,4961,15582,0.190205,34,0,0,0,1832,0,-1377,0,88,663,0,-263,0,-263,0,-216,0,-374,0,-6,0,0.485,14.638205330557344,0.4253547949253316,1,0.0,0.2408936376881981,0.379168860108276,cicids2017_mapped,10000,16.37500764925577,0.23445155066914272,0.24089363768819816,0.31235272461860986
RQ7_CONFIRM_default_c2_p1_19,default_c2_p1,default,c2,1,none,standard_dns,1,/opt/praxis/pcaps/RQ7_CONFIRM_default_c2_p1_19.pcap,/opt/praxis/logs/RQ7_CONFIRM_default_c2_p1_19_browser.json,20438,54,27,27,0,10685,4961,15646,0.183457,30,0,0,0,1800,0,-1377,0,88,663,0,-263,0,-263,0,-216,0,-374,0,-6,0,0.485,14.610210337625714,0.4129182526525952,1,0.0,0.2719766877124818,0.3763702228140324,cicids2017_mapped,10000,16.356578567338214,0.2242488869981902,0.2719766877124818,0.31033594483499066
RQ7_CONFIRM_default_c2_p1_20,default_c2_p1,default,c2,1,none,standard_dns,1,/opt/praxis/pcaps/RQ7_CONFIRM_default_c2_p1_20.pcap,/opt/praxis/logs/RQ7_CONFIRM_default_c2_p1_20_browser.json,20310,54,27,27,0,10557,4961,15518,0.188362,32,0,0,0,1832,0,-1377,0,88,663,0,-263,0,-263,0,-216,0,-374,0,-6,0,0.485,14.624534483380412,0.4192816350129412,1,0.0,0.2098105876639145,0.3754891016377251,cicids2017_mapped,10000,16.36581998113223,0.22936509610758793,0.20981058766391453,0.3090183130208515
RQ7_CONFIRM_default_c2_p1_21,default_c2_p1,default,c2,1,none,standard_dns,1,/opt/praxis/pcaps/RQ7_CONFIRM_default_c2_p1_21.pcap,/opt/praxis/logs/RQ7_CONFIRM_default_c2_p1_21_browser.json,20158,52,26,26,0,10589,4953,15542,0.189295,30,0,0,0,1800,0,-1377,0,88,663,0,-263,0,-263,0,-582,0,-6,0,6,2020,0.49,15.856282114379155,0.966475253517201,1,0.0,0.1359883438562409,0.5655657559238324,cicids2017_mapped,10000,17.432298929087178,0.8197865868151559,0.1359883438562409,0.5142247225781166
RQ7_CONFIRM_default_c2_p1_22,default_c2_p1,default,c2,1,none,standard_dns,1,/opt/praxis/pcaps/RQ7_CONFIRM_default_c2_p1_22.pcap,/opt/praxis/logs/RQ7_CONFIRM_default_c2_p1_22_browser.json,20134,52,26,26,0,10557,4961,15518,0.183099,32,0,0,0,1736,0,-1377,0,88,663,0,-263,0,-263,0,-582,0,-6,0,6,2052,0.49,15.875900038840031,0.9751903529443352,1,0.0,0.1243322000971345,0.568033233535374,cicids2017_mapped,10000,17.445826982382883,0.827275954897421,0.12433220009713453,0.5162631942189541
RQ7_CONFIRM_default_c2_p1_23,default_c2_p1,default,c2,1,none,standard_dns,1,/opt/praxis/pcaps/RQ7_CONFIRM_default_c2_p1_23.pcap,/opt/praxis/logs/RQ7_CONFIRM_default_c2_p1_23_browser.json,20462,56,28,28,0,10525,4969,15494,0.182594,34,0,0,0,1736,0,-1377,0,88,663,0,-263,0,-263,0,-216,0,-374,0,-6,0,0.485,14.644287138110393,0.4280565872391522,1,0.0,0.2836328314715881,0.3822514471072827,cicids2017_mapped,10000,16.426985854020867,0.2632275984294473,0.28363283147158813,0.324561301023886
RQ7_CONFIRM_default_c2_p1_24,default_c2_p1,default,c2,1,none,standard_dns,1,/opt/praxis/pcaps/RQ7_CONFIRM_default_c2_p1_24.pcap,/opt/praxis/logs/RQ7_CONFIRM_default_c2_p1_24_browser.json,20214,54,27,27,0,10453,4969,15422,0.183381,36,0,0,0,1736,0,-1377,0,88,663,0,-263,0,-263,0,-216,0,-374,0,-6,0,0.485,14.649474283340927,0.4303609332731712,1,0.0,0.163186012627489,0.3770356272769843,cicids2017_mapped,10000,16.379935495188036,0.23717969279223325,0.16318601262748908,0.3094221931086561
RQ7_CONFIRM_default_c2_p1_25,default_c2_p1,default,c2,1,none,standard_dns,1,/opt/praxis/pcaps/RQ7_CONFIRM_default_c2_p1_25.pcap,/opt/praxis/logs/RQ7_CONFIRM_default_c2_p1_25_browser.json,20534,56,27,29,0,10589,4977,15566,0.190506,32,0,0,0,1800,0,-1377,0,88,663,0,-263,0,-263,0,-216,0,-374,0,-6,0,0.485,14.631372933573155,0.4223195595128604,1,0.0,0.3186012627489072,0.3819919089669465,cicids2017_mapped,10000,16.430806403798325,0.2653427219386877,0.3186012627489072,0.3270500158159861
RQ7_CONFIRM_default_c2_p1_26,default_c2_p1,default,c2,1,none,standard_dns,1,/opt/praxis/pcaps/RQ7_CONFIRM_default_c2_p1_26.pcap,/opt/praxis/logs/RQ7_CONFIRM_default_c2_p1_26_browser.json,20310,54,27,27,0,10557,4961,15518,0.194178,34,0,0,0,1736,0,-1377,0,88,663,0,-263,0,-263,0,-216,0,-374,0,-6,0,0.485,14.636448940378244,0.4245745332277086,1,0.0,0.2098105876639145,0.3773416160128937,cicids2017_mapped,10000,16.372593530991658,0.23311505236603489,0.20981058766391453,0.31033079771130795
RQ7_CONFIRM_default_c2_p1_27,default_c2_p1,default,c2,1,none,standard_dns,1,/opt/praxis/pcaps/RQ7_CONFIRM_default_c2_p1_27.pcap,/opt/praxis/logs/RQ7_CONFIRM_default_c2_p1_27_browser.json,20406,54,27,27,0,10653,4961,15614,0.189932,30,0,0,0,1736,0,-1377,0,88,663,0,-263,0,-263,0,-216,0,-374,0,-6,0,0.485,14.608999550200384,0.4123803704307565,1,0.0,0.2564351627003399,0.3754048877857818,cicids2017_mapped,10000,16.355190737024248,0.22348055974298053,0.25643516270033995,0.3092899540450602
RQ7_CONFIRM_default_c2_p1_28,default_c2_p1,default,c2,1,none,standard_dns,1,/opt/praxis/pcaps/RQ7_CONFIRM_default_c2_p1_28.pcap,/opt/praxis/logs/RQ7_CONFIRM_default_c2_p1_28_browser.json,20622,57,28,29,0,10589,4977,15566,0.188902,36,0,0,0,1800,0,-1377,0,88,663,0,-263,0,-263,0,-216,0,-374,0,-6,0,0.485,14.662060365392144,0.4359521953199367,1,0.0,0.3613404565322972,0.3889002911885927,cicids2017_mapped,10000,16.469806808765146,0.2869340316245136,0.36134045653229724,0.33674393389519464
RQ7_CONFIRM_default_c2_p1_29,default_c2_p1,default,c2,1,none,standard_dns,1,/opt/praxis/pcaps/RQ7_CONFIRM_default_c2_p1_29.pcap,/opt/praxis/logs/RQ7_CONFIRM_default_c2_p1_29_browser.json,20350,53,26,27,0,10677,4969,15646,0.190608,40,0,0,0,1768,0,-1377,0,88,663,0,-263,0,-263,0,-216,0,-374,0,-6,0,0.485,14.671014055033291,0.4399297973143737,1,0.0,0.2292374939290918,0.3836873037564853,cicids2017_mapped,10000,16.375831065181604,0.23490740819857156,0.2292374939290918,0.31192946756595463
RQ7_CONFIRM_default_c2_p1_30,default_c2_p1,default,c2,1,none,standard_dns,1,/opt/praxis/pcaps/RQ7_CONFIRM_default_c2_p1_30.pcap,/opt/praxis/logs/RQ7_CONFIRM_default_c2_p1_30_browser.json,20342,54,27,27,0,10589,4961,15550,0.193628,32,0,0,0,1768,0,-1377,0,88,663,0,-263,0,-263,0,-216,0,-374,-6,0,0,0.485,14.623483972610394,0.4188149543593258,1,0.0,0.2253521126760563,0.3761028396595668,cicids2017_mapped,10000,16.364784582687506,0.2287918813297598,0.22535211267605634,0.3095947640992187
RQ7_CONFIRM_default_c2_p1_31,default_c2_p1,default,c2,1,none,standard_dns,1,/opt/praxis/pcaps/RQ7_CONFIRM_default_c2_p1_31.pcap,/opt/praxis/logs/RQ7_CONFIRM_default_c2_p1_31_browser.json,20318,55,28,27,0,10461,4977,15438,0.186683,34,0,0,0,1768,0,-1377,0,88,663,0,-263,0,-263,0,-216,0,-374,0,-6,0,0.485,14.64102709563992,0.4266083405439683,1,0.0,0.2136959689169499,0.3782477176362364,cicids2017_mapped,10000,16.394646094309586,0.24532373902887186,0.21369596891694997,0.3147981071059527
RQ7_CONFIRM_default_c2_p1_32,default_c2_p1,default,c2,1,none,standard_dns,1,/opt/praxis/pcaps/RQ7_CONFIRM_default_c2_p1_32.pcap,/opt/praxis/logs/RQ7_CONFIRM_default_c2_p1_32_browser.json,20630,56,28,28,0,10685,4977,15662,0.186946,32,0,0,0,1768,0,-1377,0,88,663,0,-263,0,-263,0,-216,0,-374,-6,0,0,0.485,14.631543940553666,0.4223955279386158,1,0.0,0.3652258377853327,0.3843497266677821,cicids2017_mapped,10000,16.420203216282964,0.2594726109617424,0.3652258377853327,0.32732670572587647
RQ7_CONFIRM_default_c2_p1_33,default_c2_p1,default,c2,1,none,standard_dns,1,/opt/praxis/pcaps/RQ7_CONFIRM_default_c2_p1_33.pcap,/opt/praxis/logs/RQ7_CONFIRM_default_c2_p1_33_browser.json,20134,52,26,26,0,10549,4969,15518,0.190991,34,0,0,0,1768,0,-1377,0,88,663,0,-263,0,-263,0,-216,0,-374,-6,0,0,0.485,14.629203327082683,0.4213557299130516,1,0.0,0.1243322000971345,0.3719411154744247,cicids2017_mapped,10000,16.316791611024737,0.2022221286619228,0.12433220009713453,0.2952443550365297
RQ7_CONFIRM_default_c2_p1_34,default_c2_p1,default,c2,1,none,standard_dns,1,/opt/praxis/pcaps/RQ7_CONFIRM_default_c2_p1_34.pcap,/opt/praxis/logs/RQ7_CONFIRM_default_c2_p1_34_browser.json,20566,55,28,27,0,10717,4969,15686,0.188795,34,0,0,0,1832,0,-1377,0,88,663,0,-263,0,-263,0,-216,0,-374,0,-6,0,0.485,14.642520463494188,0.4272717567660659,1,0.0,0.334142787761049,0.3845022542561755,cicids2017_mapped,10000,16.397693058173033,0.2470105917790722,0.33414278776104905,0.3214108465107277
RQ7_CONFIRM_default_c2_p1_35,default_c2_p1,default,c2,1,none,standard_dns,1,/opt/praxis/pcaps/RQ7_CONFIRM_default_c2_p1_35.pcap,/opt/praxis/logs/RQ7_CONFIRM_default_c2_p1_35_browser.json,20342,54,27,27,0,10589,4961,15550,0.1877,34,0,0,0,1800,0,-1377,0,88,663,0,-263,0,-263,0,-216,0,-374,0,-6,0,0.485,14.637656751127327,0.4251110930859356,1,0.0,0.2253521126760563,0.3783064882138802,cicids2017_mapped,10000,16.373974578336416,0.23387962445026889,0.22535211267605634,0.3113754741913969
RQ7_CONFIRM_default_c2_p1_36,default_c2_p1,default,c2,1,none,standard_dns,1,/opt/praxis/pcaps/RQ7_CONFIRM_default_c2_p1_36.pcap,/opt/praxis/logs/RQ7_CONFIRM_default_c2_p1_36_browser.json,19878,50,25,25,0,10485,4953,15438,0.184509,32,0,0,0,1768,0,-1377,0,88,663,0,-263,0,-263,0,-582,0,-6,0,6,1988,0.49,15.85370216158046,0.965329130990184,1,0.0,0.0,0.5583651958465643,cicids2017_mapped,10000,17.37830521064061,0.7898947152548247,0.0,0.4969631503391886
RQ7_CONFIRM_default_c2_p1_37,default_c2_p1,default,c2,1,none,standard_dns,1,/opt/praxis/pcaps/RQ7_CONFIRM_default_c2_p1_37.pcap,/opt/praxis/logs/RQ7_CONFIRM_default_c2_p1_37_browser.json,20494,56,28,28,0,10557,4969,15526,0.190411,34,0,0,0,1768,0,-1377,0,88,663,0,-263,0,-263,0,-216,0,-374,0,-6,0,0.485,14.644782143849705,0.4282764894129894,1,0.0,0.29917435648373,0.3831054891187328,cicids2017_mapped,10000,16.42828057237041,0.26394437726455755,0.29917435648373,0.32558924986678167
RQ7_CONFIRM_default_c2_p1_38,default_c2_p1,default,c2,1,none,standard_dns,1,/opt/praxis/pcaps/RQ7_CONFIRM_default_c2_p1_38.pcap,/opt/praxis/logs/RQ7_CONFIRM_default_c2_p1_38_browser.json,20230,52,25,27,0,10645,4969,15614,0.181452,34,0,0,0,1768,0,-1377,0,88,663,0,-263,0,-263,0,-582,0,-6,0,6,2052,0.49,15.888715754180971,0.9808836276660754,1,0.0,0.1709567751335599,0.5723571084398044,cicids2017_mapped,10000,17.465184901215565,0.837992839010422,0.17095677513355997,0.5223453324103257
RQ7_CONFIRM_default_c2_p1_39,default_c2_p1,default,c2,1,none,standard_dns,1,/opt/praxis/pcaps/RQ7_CONFIRM_default_c2_p1_39.pcap,/opt/praxis/logs/RQ7_CONFIRM_default_c2_p1_39_browser.json,20470,54,27,27,0,10717,4961,15678,0.191269,30,0,0,0,1768,0,-1377,0,88,663,0,-263,0,-263,0,-582,0,-6,0,6,2084,0.5,15.878239494139908,0.976229636462038,1,0.0,0.2875182127246236,0.5810562833979446,cicids2017_mapped,10000,17.498801608491245,0.8566036390271002,0.2875182127246236,0.5391871842957163
RQ7_CONFIRM_default_c2_p1_40,default_c2_p1,default,c2,1,none,standard_dns,1,/opt/praxis/pcaps/RQ7_CONFIRM_default_c2_p1_40.pcap,/opt/praxis/logs/RQ7_CONFIRM_default_c2_p1_40_browser.json,20310,54,27,27,0,10557,4961,15518,0.18514,30,0,0,0,1800,0,-1377,0,88,663,0,-263,0,-263,0,-216,0,-374,0,-6,0,0.485,14.609935748280098,0.4127962686244961,1,0.0,0.2098105876639145,0.3732192234017694,cicids2017_mapped,10000,16.355899726716974,0.22387306889853206,0.20981058766391453,0.30709610349768196
RQ7_CONFIRM_default_c2_p1_41,default_c2_p1,default,c2,1,none,standard_dns,1,/opt/praxis/pcaps/RQ7_CONFIRM_default_c2_p1_41.pcap,/opt/praxis/logs/RQ7_CONFIRM_default_c2_p1_41_browser.json,20254,54,27,27,0,10493,4969,15462,0.186114,34,0,0,0,1736,0,-1377,0,88,663,0,-263,0,-263,0,-216,0,-374,0,-6,0,0.485,14.636454523550888,0.4245770135056195,1,0.0,0.1826129188926663,0.3759826006716001,cicids2017_mapped,10000,16.3718659748083,0.2327122644749334,0.18261291889266634,0.30882993851086
RQ7_CONFIRM_default_c2_p1_42,default_c2_p1,default,c2,1,none,standard_dns,1,/opt/praxis/pcaps/RQ7_CONFIRM_default_c2_p1_42.pcap,/opt/praxis/logs/RQ7_CONFIRM_default_c2_p1_42_browser.json,20374,54,27,27,0,10621,4961,15582,0.187359,34,0,0,0,1800,0,-1377,0,88,663,0,-263,0,-263,0,-216,0,-374,0,-6,0,0.485,14.637724216298288,0.4251410639258147,1,0.0,0.2408936376881981,0.379094054258445,cicids2017_mapped,10000,16.37414764580129,0.2339754376407686,0.24089363768819816,0.31218608505867895
RQ7_CONFIRM_default_c2_p1_43,default_c2_p1,default,c2,1,none,standard_dns,1,/opt/praxis/pcaps/RQ7_CONFIRM_default_c2_p1_43.pcap,/opt/praxis/logs/RQ7_CONFIRM_default_c2_p1_43_browser.json,20470,56,28,28,0,10525,4977,15502,0.182789,36,0,0,0,1736,0,-1377,0,88,663,0,-263,0,-263,0,-216,0,-374,0,-6,0,0.485,14.657367709094206,0.4338675218726794,1,0.0,0.2875182127246236,0.3844795432916689,cicids2017_mapped,10000,16.43542344262788,0.26789879578677206,0.2875182127246236,0.3263904891616014
RQ7_CONFIRM_default_c2_p1_44,default_c2_p1,default,c2,1,none,standard_dns,1,/opt/praxis/pcaps/RQ7_CONFIRM_default_c2_p1_44.pcap,/opt/praxis/logs/RQ7_CONFIRM_default_c2_p1_44_browser.json,20294,52,26,26,0,10717,4961,15678,0.185416,38,0,0,0,1800,0,-1377,0,88,663,0,-263,0,-263,0,-582,0,-6,0,6,2084,0.5,15.92069596850236,0.9950905713245528,1,0.0,0.2020398251578436,0.5833836912214856,cicids2017_mapped,10000,17.478709381786523,0.8454802291694704,0.2020398251578436,0.5310200714672068
RQ7_CONFIRM_default_c2_p1_45,default_c2_p1,default,c2,1,none,standard_dns,1,/opt/praxis/pcaps/RQ7_CONFIRM_default_c2_p1_45.pcap,/opt/praxis/logs/RQ7_CONFIRM_default_c2_p1_45_browser.json,20030,52,26,26,0,10453,4961,15414,0.194644,34,0,0,0,1800,0,-1377,0,88,663,0,-263,0,-263,0,-216,0,-374,0,-6,0,0.485,14.62946556527636,0.4214722270448464,1,0.0,0.0738222438076736,0.3694563916560799,cicids2017_mapped,10000,16.317108728423882,0.20239769042794903,0.07382224380767363,0.29278030384016585
RQ7_CONFIRM_default_c2_p1_46,default_c2_p1,default,c2,1,none,standard_dns,1,/opt/praxis/pcaps/RQ7_CONFIRM_default_c2_p1_46.pcap,/opt/praxis/logs/RQ7_CONFIRM_default_c2_p1_46_browser.json,20310,54,27,27,0,10557,4961,15518,0.183835,34,0,0,0,1736,0,-1377,0,88,663,0,-263,0,-263,0,-582,0,-6,0,6,2052,0.49,15.89560351196873,0.9839434566541032,1,0.0,0.2098105876639145,0.5753707392121318,cicids2017_mapped,10000,17.506764776771874,0.8610121889530221,0.20981058766391453,0.5323447955167534
RQ7_CONFIRM_default_c2_p1_47,default_c2_p1,default,c2,1,none,standard_dns,1,/opt/praxis/pcaps/RQ7_CONFIRM_default_c2_p1_47.pcap,/opt/praxis/logs/RQ7_CONFIRM_default_c2_p1_47_browser.json,20222,52,26,26,0,10653,4953,15606,0.192541,34,0,0,0,1736,0,-1377,0,88,663,0,-263,0,-263,0,-582,0,-6,0,6,2052,0.49,15.888435535666073,0.9807591429264416,1,0.0,0.1670713938805245,0.5721192697182809,cicids2017_mapped,10000,17.45492456161633,0.8323125346659597,0.16707139388052453,0.5201629568271121
RQ7_CONFIRM_default_c2_p1_48,default_c2_p1,default,c2,1,none,standard_dns,1,/opt/praxis/pcaps/RQ7_CONFIRM_default_c2_p1_48.pcap,/opt/praxis/logs/RQ7_CONFIRM_default_c2_p1_48_browser.json,20254,54,27,27,0,10493,4969,15462,0.182903,32,0,0,0,1800,0,-1377,0,88,663,0,-263,0,-263,0,-216,0,-374,0,-6,0,0.485,14.623988438418014,0.4190390590896585,1,0.0,0.1826129188926663,0.3740443166260138,cicids2017_mapped,10000,16.36448972783538,0.22862864450106476,0.18261291889266634,0.30740067152000594
RQ7_CONFIRM_default_c2_p1_49,default_c2_p1,default,c2,1,none,standard_dns,1,/opt/praxis/pcaps/RQ7_CONFIRM_default_c2_p1_49.pcap,/opt/praxis/logs/RQ7_CONFIRM_default_c2_p1_49_browser.json,20230,53,26,27,0,10557,4969,15526,0.188622,38,0,0,0,1800,0,-1377,0,88,663,0,-263,0,-263,0,-582,0,-6,0,6,2020,0.49,15.908874769884108,0.9898391023676092,1,0.0,0.1709567751335599,0.5754915245853411,cicids2017_mapped,10000,17.49594607350755,0.8550227646694077,0.17095677513355997,0.5283058063909707
RQ7_CONFIRM_default_c2_p1_50,default_c2_p1,default,c2,1,none,standard_dns,1,/opt/praxis/pcaps/RQ7_CONFIRM_default_c2_p1_50.pcap,/opt/praxis/logs/RQ7_CONFIRM_default_c2_p1_50_browser.json,20126,52,26,26,0,10557,4953,15510,0.182422,30,0,0,0,1800,0,-1377,0,88,663,0,-263,0,-263,0,-582,0,-6,0,6,2084,0.5,15.871296047378532,0.9731450681116468,1,0.0,0.120446818844099,0.5716231147812814,cicids2017_mapped,10000,17.445463245901106,0.827074583987843,0.12044681884409908,0.52049844533795
RQ7_CONFIRM_baseline_default_off_01,baseline_default_off,default,off,1,none,standard_dns,1,/opt/praxis/pcaps/RQ7_CONFIRM_baseline_default_off_01.pcap,/opt/praxis/logs/RQ7_CONFIRM_baseline_default_off_01_browser.json,21665,70,36,34,0,10586,4831,15417,1.141853,44,0,0,0,1759,0,-1369,0,80,655,0,-255,0,-255,0,-208,0,-366,0,0,0,1.0,14.544491704778494,0.3837232977723774,1,0.0,0.8678970373967946,0.6276980060901718,mawi_plus_cicids_balanced,20000,15.066519669819,0.44181794102746913,0.8678970373967946,0.6480311312294539
RQ7_CONFIRM_baseline_default_off_02,baseline_default_off,default,off,1,none,standard_dns,1,/opt/praxis/pcaps/RQ7_CONFIRM_baseline_default_off_02.pcap,/opt/praxis/logs/RQ7_CONFIRM_baseline_default_off_02_browser.json,21417,69,35,34,0,10426,4831,15257,1.139745,44,0,0,0,1759,0,-1369,0,80,655,0,-255,0,-255,0,-208,0,-366,0,0,0,1.0,14.540383430360755,0.381898231104599,1,0.0,0.7474502185526954,0.6210368918142444,mawi_plus_cicids_balanced,20000,15.062476521380761,0.43995130877818495,0.7474502185526954,0.6413554689999996
RQ7_CONFIRM_baseline_default_off_03,baseline_default_off,default,off,1,none,standard_dns,1,/opt/praxis/pcaps/RQ7_CONFIRM_baseline_default_off_03.pcap,/opt/praxis/logs/RQ7_CONFIRM_baseline_default_off_03_browser.json,21521,68,35,33,0,10618,4831,15449,1.139794,42,0,0,0,1823,0,-1369,0,80,655,0,-255,0,-255,0,-574,0,0,0,0,0,1.0,13.71123395133492,0.0135554859749097,1,0.0,0.7979601748421564,0.4946424288333262,mawi_plus_cicids_balanced,20000,14.22376637849118,0.05273737774541876,0.7979601748421564,0.5083560909530044
RQ7_CONFIRM_baseline_default_off_04,baseline_default_off,default,off,1,none,standard_dns,1,/opt/praxis/pcaps/RQ7_CONFIRM_baseline_default_off_04.pcap,/opt/praxis/logs/RQ7_CONFIRM_baseline_default_off_04_browser.json,21337,67,34,33,0,10522,4831,15353,1.145909,40,0,0,0,1823,0,-1369,0,80,655,0,-255,0,-255,0,-208,-366,0,0,0,0,1.0,14.51109764677764,0.3688882658436278,1,0.0,0.708596406022341,0.6145407133463868,mawi_plus_cicids_balanced,20000,14.95675689762645,0.39114289570692307,0.708596406022341,0.6223298337985401
RQ7_CONFIRM_baseline_default_off_05,baseline_default_off,default,off,1,none,standard_dns,1,/opt/praxis/pcaps/RQ7_CONFIRM_baseline_default_off_05.pcap,/opt/praxis/logs/RQ7_CONFIRM_baseline_default_off_05_browser.json,21369,67,34,33,0,10554,4831,15385,1.147163,44,0,0,0,1727,0,-1369,0,80,655,0,-255,0,-255,0,-574,0,0,0,0,2062,1.0,15.697704002649182,0.8960282491233397,1,0.0,0.7241379310344828,0.7998167837448931,mawi_plus_cicids_balanced,20000,16.183205037076522,0.957366887762312,0.7241379310344828,0.8212853072685333
RQ7_CONFIRM_baseline_default_off_06,baseline_default_off,default,off,1,none,standard_dns,1,/opt/praxis/pcaps/RQ7_CONFIRM_baseline_default_off_06.pcap,/opt/praxis/logs/RQ7_CONFIRM_baseline_default_off_06_browser.json,21385,69,35,34,0,10394,4831,15225,1.142792,44,0,0,0,1727,0,-1369,0,80,655,0,-255,0,-255,0,-208,0,-366,0,0,0,1.0,14.539785793095904,0.3816327357309712,1,0.0,0.7319086935405537,0.6201668921828676,mawi_plus_cicids_balanced,20000,15.062015811786985,0.4397386093439609,0.7319086935405537,0.6405039479474139
RQ7_CONFIRM_baseline_default_off_07,baseline_default_off,default,off,1,none,standard_dns,1,/opt/praxis/pcaps/RQ7_CONFIRM_baseline_default_off_07.pcap,/opt/praxis/logs/RQ7_CONFIRM_baseline_default_off_07_browser.json,21305,67,34,33,0,10490,4831,15321,1.144525,38,0,0,0,1791,0,-1369,0,80,655,0,-255,0,-255,0,-574,0,0,0,0,0,1.0,13.680720185874218,0.0,1,0.0,0.6930548810101991,0.4846527440505099,mawi_plus_cicids_balanced,20000,14.109536568870153,0.0,0.6930548810101991,0.48465274405050995
RQ7_CONFIRM_baseline_default_off_08,baseline_default_off,default,off,1,none,standard_dns,1,/opt/praxis/pcaps/RQ7_CONFIRM_baseline_default_off_08.pcap,/opt/praxis/logs/RQ7_CONFIRM_baseline_default_off_08_browser.json,21209,67,34,33,0,10394,4831,15225,1.144064,42,0,0,0,1727,0,-1369,0,80,655,0,-255,0,-255,0,-574,0,0,0,0,2030,1.0,15.679135826867684,0.887779491797407,1,0.0,0.6464303059737737,0.7930443374277811,mawi_plus_cicids_balanced,20000,16.129500773252733,0.9325728164317977,0.6464303059737737,0.8087220010498178
RQ7_CONFIRM_baseline_default_off_09,baseline_default_off,default,off,1,none,standard_dns,1,/opt/praxis/pcaps/RQ7_CONFIRM_baseline_default_off_09.pcap,/opt/praxis/logs/RQ7_CONFIRM_baseline_default_off_09_browser.json,21369,67,34,33,0,10554,4831,15385,1.146044,42,0,0,0,1759,0,-1369,0,80,655,0,-255,0,-255,0,-208,-366,0,0,0,0,1.0,14.522000454165932,0.3737317471514154,1,0.0,0.7241379310344828,0.6170130080547196,mawi_plus_cicids_balanced,20000,15.007080124549102,0.41437601704708,0.7241379310344828,0.6312385025182021
RQ7_CONFIRM_baseline_default_off_10,baseline_default_off,default,off,1,none,standard_dns,1,/opt/praxis/pcaps/RQ7_CONFIRM_baseline_default_off_10.pcap,/opt/praxis/logs/RQ7_CONFIRM_baseline_default_off_10_browser.json,21569,70,36,34,0,10490,4831,15321,1.141708,46,0,0,0,1759,0,-1369,0,80,655,0,-255,0,-255,0,-208,0,-366,0,0,0,1.0,14.555460552426146,0.388596116914943,1,0.0,0.8212724623603691,0.6270722640382486,mawi_plus_cicids_balanced,20000,15.114140867630027,0.46380359526239656,0.8212724623603691,0.6533948814598572
RQ7_CONFIRM_baseline_default_off_11,baseline_default_off,default,off,1,none,standard_dns,1,/opt/praxis/pcaps/RQ7_CONFIRM_baseline_default_off_11.pcap,/opt/praxis/logs/RQ7_CONFIRM_baseline_default_off_11_browser.json,21609,69,35,34,0,10618,4831,15449,1.139084,44,0,0,0,1791,0,-1369,0,80,655,0,-255,0,-255,0,-208,0,-366,0,0,0,1.0,14.541297156146651,0.3823041461691156,1,0.0,0.8406993686255464,0.6258414195904678,mawi_plus_cicids_balanced,20000,15.06331827075423,0.44033992585478604,0.8406993686255464,0.6461539424804524
RQ7_CONFIRM_baseline_default_off_12,baseline_default_off,default,off,1,none,standard_dns,1,/opt/praxis/pcaps/RQ7_CONFIRM_baseline_default_off_12.pcap,/opt/praxis/logs/RQ7_CONFIRM_baseline_default_off_12_browser.json,21937,72,37,35,0,10682,4831,15513,1.144409,42,0,0,0,1823,0,-1369,0,80,655,0,-255,0,-255,0,-208,0,-366,0,0,0,1.0,14.541232783506818,0.3822755491604128,1,0.0,1.0,0.6337964422061445,mawi_plus_cicids_balanced,20000,15.024359805034504,0.4223536635134628,1.0,0.647823782229712
RQ7_CONFIRM_baseline_default_off_13,baseline_default_off,default,off,1,none,standard_dns,1,/opt/praxis/pcaps/RQ7_CONFIRM_baseline_default_off_13.pcap,/opt/praxis/logs/RQ7_CONFIRM_baseline_default_off_13_browser.json,21545,69,35,34,0,10554,4831,15385,1.14453,44,0,0,0,1759,0,-1369,0,80,655,0,-255,0,-255,0,-208,0,-366,0,0,0,1.0,14.540650295171666,0.3820167835725386,1,0.0,0.8096163186012627,0.6241866901804516,mawi_plus_cicids_balanced,20000,15.062798864582582,0.440100127508204,0.8096163186012627,0.6445158605579345
RQ7_CONFIRM_baseline_default_off_14,baseline_default_off,default,off,1,none,standard_dns,1,/opt/praxis/pcaps/RQ7_CONFIRM_baseline_default_off_14.pcap,/opt/praxis/logs/RQ7_CONFIRM_baseline_default_off_14_browser.json,21633,70,36,34,0,10554,4831,15385,1.143213,44,0,0,0,1791,0,-1369,0,80,655,0,-255,0,-255,0,-208,0,-366,0,0,0,1.0,14.544963056109124,0.3839326916723161,1,0.0,0.8523555123846528,0.6269942177045432,mawi_plus_cicids_balanced,20000,15.066840104197421,0.44196587849592417,0.8523555123846528,0.6473058330928061
RQ7_CONFIRM_baseline_default_off_15,baseline_default_off,default,off,1,none,standard_dns,1,/opt/praxis/pcaps/RQ7_CONFIRM_baseline_default_off_15.pcap,/opt/praxis/logs/RQ7_CONFIRM_baseline_default_off_15_browser.json,21665,70,36,34,0,10586,4831,15417,1.142199,44,0,0,0,1823,0,-1369,0,80,655,0,-255,0,-255,0,-208,0,-366,0,0,0,1.0,14.545548166129812,0.3841926219221377,1,0.0,0.8678970373967946,0.627862269542588,mawi_plus_cicids_balanced,20000,15.067295842782336,0.44217628292525435,0.8678970373967946,0.6481565508936787
RQ7_CONFIRM_baseline_default_off_16,baseline_default_off,default,off,1,none,standard_dns,1,/opt/praxis/pcaps/RQ7_CONFIRM_baseline_default_off_16.pcap,/opt/praxis/logs/RQ7_CONFIRM_baseline_default_off_16_browser.json,21305,67,34,33,0,10490,4831,15321,1.14148,42,0,0,0,1791,0,-1369,0,80,655,0,-255,0,-255,0,-574,0,0,0,0,1998,1.0,15.672595428360555,0.8848739742745741,1,0.0,0.6930548810101991,0.794358635046611,mawi_plus_cicids_balanced,20000,16.122946681227287,0.9295469370394488,0.6930548810101991,0.8099941720143171
RQ7_CONFIRM_baseline_default_off_17,baseline_default_off,default,off,1,none,standard_dns,1,/opt/praxis/pcaps/RQ7_CONFIRM_baseline_default_off_17.pcap,/opt/praxis/logs/RQ7_CONFIRM_baseline_default_off_17_browser.json,21577,69,35,34,0,10586,4831,15417,1.141105,44,0,0,0,1791,0,-1369,0,80,655,0,-255,0,-255,0,-208,0,-366,0,0,0,1.0,14.541238148402684,0.3822779324706852,1,0.0,0.8251578436134046,0.6250551685454101,mawi_plus_cicids_balanced,20000,15.063251071004705,0.44030890121606125,0.8251578436134046,0.6453660076062916
RQ7_CONFIRM_baseline_default_off_18,baseline_default_off,default,off,1,none,standard_dns,1,/opt/praxis/pcaps/RQ7_CONFIRM_baseline_default_off_18.pcap,/opt/praxis/logs/RQ7_CONFIRM_baseline_default_off_18_browser.json,21625,71,37,34,0,10458,4831,15289,1.142971,42,0,0,0,1823,0,-1369,0,80,655,0,-255,0,-255,0,-208,0,-366,0,0,0,1.0,14.537540459213837,0.3806352648686296,1,0.0,0.8484701311316173,0.6256458492606013,mawi_plus_cicids_balanced,20000,15.021257308666787,0.4209213095294993,0.8484701311316173,0.6397459648919056
RQ7_CONFIRM_baseline_default_off_19,baseline_default_off,default,off,1,none,standard_dns,1,/opt/praxis/pcaps/RQ7_CONFIRM_baseline_default_off_19.pcap,/opt/praxis/logs/RQ7_CONFIRM_baseline_default_off_19_browser.json,21481,69,35,34,0,10490,4831,15321,1.143154,44,0,0,0,1727,0,-1369,0,80,655,0,-255,0,-255,0,-208,0,-366,0,0,0,1.0,14.53997882689146,0.381718489385718,1,0.0,0.7785332685769791,0.6225281347138503,mawi_plus_cicids_balanced,20000,15.062245348446789,0.4398445813452682,0.7785332685769791,0.6428722668996929
RQ7_CONFIRM_baseline_default_off_20,baseline_default_off,default,off,1,none,standard_dns,1,/opt/praxis/pcaps/RQ7_CONFIRM_baseline_default_off_20.pcap,/opt/praxis/logs/RQ7_CONFIRM_baseline_default_off_20_browser.json,21545,69,35,34,0,10554,4831,15385,1.141477,44,0,0,0,1823,0,-1369,0,80,655,0,-255,0,-255,0,-208,0,-366,0,0,0,1.0,14.54169913988254,0.3824827240932654,1,0.0,0.8096163186012627,0.624349769362706,mawi_plus_cicids_balanced,20000,15.06356162398662,0.4404522766622041,0.8096163186012627,0.6446391127618346
RQ7_CONFIRM_baseline_default_off_21,baseline_default_off,default,off,1,none,standard_dns,1,/opt/praxis/pcaps/RQ7_CONFIRM_baseline_default_off_21.pcap,/opt/praxis/logs/RQ7_CONFIRM_baseline_default_off_21_browser.json,21449,69,35,34,0,10458,4831,15289,1.14448,42,0,0,0,1759,0,-1369,0,80,655,0,-255,0,-255,0,-208,0,-366,0,0,0,1.0,14.528943888151566,0.3768163098262908,1,0.0,0.7629917435648373,0.6200352956174436,mawi_plus_cicids_balanced,20000,15.013191118123952,0.4171973276806696,0.7629917435648373,0.6341686518664763
RQ7_CONFIRM_baseline_default_off_22,baseline_default_off,default,off,1,none,standard_dns,1,/opt/praxis/pcaps/RQ7_CONFIRM_baseline_default_off_22.pcap,/opt/praxis/logs/RQ7_CONFIRM_baseline_default_off_22_browser.json,21569,70,36,34,0,10490,4831,15321,1.139051,42,0,0,0,1759,0,-1369,0,80,655,0,-255,0,-255,0,-208,0,-366,0,0,0,1.0,14.532782276438144,0.3785214818297903,1,0.0,0.8212724623603691,0.6235461417584451,mawi_plus_cicids_balanced,20000,15.016913636916787,0.41891593231104957,0.8212724623603691,0.6376841994268858
RQ7_CONFIRM_baseline_default_off_23,baseline_default_off,default,off,1,none,standard_dns,1,/opt/praxis/pcaps/RQ7_CONFIRM_baseline_default_off_23.pcap,/opt/praxis/logs/RQ7_CONFIRM_baseline_default_off_23_browser.json,21545,69,35,34,0,10554,4831,15385,1.141934,42,0,0,0,1727,0,-1369,0,80,655,0,-255,0,-255,0,-208,0,-366,0,0,0,1.0,14.528588867586455,0.3766585948993222,1,0.0,0.8096163186012627,0.6223113241448259,mawi_plus_cicids_balanced,20000,15.013010802852047,0.4171140801059843,0.8096163186012627,0.6364707439671576
RQ7_CONFIRM_baseline_default_off_24,baseline_default_off,default,off,1,none,standard_dns,1,/opt/praxis/pcaps/RQ7_CONFIRM_baseline_default_off_24.pcap,/opt/praxis/logs/RQ7_CONFIRM_baseline_default_off_24_browser.json,21209,67,34,33,0,10394,4831,15225,1.144279,42,0,0,0,1791,0,-1369,0,80,655,0,-255,0,-255,0,-208,0,-366,0,0,0,1.0,14.52220875712026,0.3738242840026785,1,0.0,0.6464303059737737,0.6131600146996261,mawi_plus_cicids_balanced,20000,15.007084187198544,0.41437789268251146,0.6464303059737737,0.6273537777375677
RQ7_CONFIRM_baseline_default_off_25,baseline_default_off,default,off,1,none,standard_dns,1,/opt/praxis/pcaps/RQ7_CONFIRM_baseline_default_off_25.pcap,/opt/praxis/logs/RQ7_CONFIRM_baseline_default_off_25_browser.json,21577,69,35,34,0,10586,4831,15417,1.144272,46,0,0,0,1823,0,-1369,0,80,655,0,-255,0,-255,0,-208,0,-366,0,0,0,1.0,14.552931922132208,0.3874727939828929,1,0.0,0.8251578436134046,0.6268733700746828,mawi_plus_cicids_balanced,20000,15.111505047829095,0.4625866955321789,0.8251578436134046,0.6531632356169329
RQ7_CONFIRM_baseline_default_off_26,baseline_default_off,default,off,1,none,standard_dns,1,/opt/praxis/pcaps/RQ7_CONFIRM_baseline_default_off_26.pcap,/opt/praxis/logs/RQ7_CONFIRM_baseline_default_off_26_browser.json,21545,69,36,33,0,10554,4831,15385,1.146769,46,0,0,0,1759,0,-1369,0,80,655,0,-255,0,-255,0,-574,0,0,0,0,2094,1.0,15.723079473142954,0.9073010903866726,1,0.0,0.8096163186012627,0.8080361975653986,mawi_plus_cicids_balanced,20000,16.24221549990227,0.9846107138642558,0.8096163186012627,0.8350945657825526
RQ7_CONFIRM_baseline_default_off_27,baseline_default_off,default,off,1,none,standard_dns,1,/opt/praxis/pcaps/RQ7_CONFIRM_baseline_default_off_27.pcap,/opt/praxis/logs/RQ7_CONFIRM_baseline_default_off_27_browser.json,21593,71,36,35,0,10426,4831,15257,1.140293,42,0,0,0,1727,0,-1369,0,80,655,0,-255,0,-255,0,-208,0,-366,0,0,0,1.0,14.535372103293165,0.3796719908240313,1,0.0,0.8329286061194755,0.6245316270943848,mawi_plus_cicids_balanced,20000,15.018947914843327,0.4198551134565584,0.8329286061194755,0.6385957200157693
RQ7_CONFIRM_baseline_default_off_28,baseline_default_off,default,off,1,none,standard_dns,1,/opt/praxis/pcaps/RQ7_CONFIRM_baseline_default_off_28.pcap,/opt/praxis/logs/RQ7_CONFIRM_baseline_default_off_28_browser.json,21513,69,35,34,0,10522,4831,15353,1.141719,44,0,0,0,1791,0,-1369,0,80,655,0,-255,0,-255,0,-208,0,-366,0,0,0,1.0,14.541112002550474,0.3822218932272614,1,0.0,0.7940747935891209,0.6234814023089975,mawi_plus_cicids_balanced,20000,15.063102532537858,0.4402403242897594,0.7940747935891209,0.6437878531808718
RQ7_CONFIRM_baseline_default_off_29,baseline_default_off,default,off,1,none,standard_dns,1,/opt/praxis/pcaps/RQ7_CONFIRM_baseline_default_off_29.pcap,/opt/praxis/logs/RQ7_CONFIRM_baseline_default_off_29_browser.json,21665,70,36,34,0,10586,4831,15417,1.145373,42,0,0,0,1823,0,-1369,0,80,655,0,-255,0,-255,0,-208,0,-366,0,0,0,1.0,14.534045013961054,0.379082442449477,1,0.0,0.8678970373967946,0.6260737067271567,mawi_plus_cicids_balanced,20000,15.017943754779788,0.41939151495487637,0.8678970373967946,0.6401818821040465
RQ7_CONFIRM_baseline_default_off_30,baseline_default_off,default,off,1,none,standard_dns,1,/opt/praxis/pcaps/RQ7_CONFIRM_baseline_default_off_30.pcap,/opt/praxis/logs/RQ7_CONFIRM_baseline_default_off_30_browser.json,21273,67,34,33,0,10458,4831,15289,1.141588,44,0,0,0,1727,0,-1369,0,80,655,0,-255,0,-255,0,-208,0,-366,0,0,0,1.0,14.532777543832974,0.3785193794093904,1,0.0,0.6775133559980573,0.6163574505931895,mawi_plus_cicids_balanced,20000,15.055838540047619,0.4368866995470712,0.6775133559980573,0.6367860126413778
RQ7_CONFIRM_baseline_default_off_31,baseline_default_off,default,off,1,none,standard_dns,1,/opt/praxis/pcaps/RQ7_CONFIRM_baseline_default_off_31.pcap,/opt/praxis/logs/RQ7_CONFIRM_baseline_default_off_31_browser.json,21433,67,34,33,0,10618,4831,15449,1.142839,44,0,0,0,1791,0,-1369,0,80,655,0,-255,0,-255,0,-208,0,-366,0,0,0,1.0,14.53417285056848,0.3791392327968139,1,0.0,0.7552209810587663,0.6204597805318232,mawi_plus_cicids_balanced,20000,15.057009106656782,0.4374271242720044,0.7552209810587663,0.6408605425481398
RQ7_CONFIRM_baseline_default_off_32,baseline_default_off,default,off,1,none,standard_dns,1,/opt/praxis/pcaps/RQ7_CONFIRM_baseline_default_off_32.pcap,/opt/praxis/logs/RQ7_CONFIRM_baseline_default_off_32_browser.json,21577,69,35,34,0,10586,4831,15417,1.146946,40,0,0,0,1791,0,-1369,0,80,655,0,-255,0,-255,0,-574,0,0,0,0,2030,1.0,15.67609181910887,0.8864272167222356,1,0.0,0.8251578436134046,0.8015074180334526,mawi_plus_cicids_balanced,20000,16.089130310584284,0.9139346663152329,0.8251578436134046,0.8111350253910018
RQ7_CONFIRM_baseline_default_off_33,baseline_default_off,default,off,1,none,standard_dns,1,/opt/praxis/pcaps/RQ7_CONFIRM_baseline_default_off_33.pcap,/opt/praxis/logs/RQ7_CONFIRM_baseline_default_off_33_browser.json,21425,68,35,33,0,10522,4831,15353,1.146236,42,0,0,0,1823,0,-1369,0,80,655,0,-255,0,-255,0,-574,0,0,0,0,1998,1.0,15.67670009873286,0.8866974398752068,1,0.0,0.751335599805731,0.7979108839466089,mawi_plus_cicids_balanced,20000,16.126859766985145,0.9313535222245861,0.751335599805731,0.8135405127688917
RQ7_CONFIRM_baseline_default_off_34,baseline_default_off,default,off,1,none,standard_dns,1,/opt/praxis/pcaps/RQ7_CONFIRM_baseline_default_off_34.pcap,/opt/praxis/logs/RQ7_CONFIRM_baseline_default_off_34_browser.json,21649,72,36,36,0,10394,4831,15225,1.14966,44,0,0,0,1727,0,-1369,0,80,655,0,-255,0,-255,0,-208,0,-366,0,0,0,1.0,14.550054199643634,0.3861943897530452,1,0.0,0.8601262748907237,0.6281743501581021,mawi_plus_cicids_balanced,20000,15.070812601252076,0.44379989256334595,0.8601262748907237,0.6483362761417073
RQ7_CONFIRM_baseline_default_off_35,baseline_default_off,default,off,1,none,standard_dns,1,/opt/praxis/pcaps/RQ7_CONFIRM_baseline_default_off_35.pcap,/opt/praxis/logs/RQ7_CONFIRM_baseline_default_off_35_browser.json,21305,67,34,33,0,10490,4831,15321,1.142591,44,0,0,0,1759,0,-1369,0,80,655,0,-255,0,-255,0,-208,0,-366,0,0,0,1.0,14.533384686574143,0.3787890975116451,1,0.0,0.6930548810101991,0.6172289281795857,mawi_plus_cicids_balanced,20000,15.056315336970076,0.4371068261452939,0.6930548810101991,0.6376401332013628
RQ7_CONFIRM_baseline_default_off_36,baseline_default_off,default,off,1,none,standard_dns,1,/opt/praxis/pcaps/RQ7_CONFIRM_baseline_default_off_36.pcap,/opt/praxis/logs/RQ7_CONFIRM_baseline_default_off_36_browser.json,21545,69,35,34,0,10554,4831,15385,1.144784,40,0,0,0,1727,0,-1369,0,80,655,0,-255,0,-255,0,-574,0,0,0,0,2062,1.0,15.682634841565262,0.8893338999126593,1,0.0,0.8096163186012627,0.8017476808994939,mawi_plus_cicids_balanced,20000,16.095721180127704,0.9169775250745642,0.8096163186012627,0.8114229497061606
RQ7_CONFIRM_baseline_default_off_37,baseline_default_off,default,off,1,none,standard_dns,1,/opt/praxis/pcaps/RQ7_CONFIRM_baseline_default_off_37.pcap,/opt/praxis/logs/RQ7_CONFIRM_baseline_default_off_37_browser.json,21537,70,36,34,0,10458,4831,15289,1.140335,44,0,0,0,1759,0,-1369,0,80,655,0,-255,0,-255,0,-208,-366,0,0,0,0,1.0,14.544232806609322,0.3836082844186288,1,0.0,0.8057309373482273,0.6245494464139315,mawi_plus_cicids_balanced,20000,15.0662110795908,0.44167547174132504,0.8057309373482273,0.6448729619768752
RQ7_CONFIRM_baseline_default_off_38,baseline_default_off,default,off,1,none,standard_dns,1,/opt/praxis/pcaps/RQ7_CONFIRM_baseline_default_off_38.pcap,/opt/praxis/logs/RQ7_CONFIRM_baseline_default_off_38_browser.json,21537,70,36,34,0,10458,4831,15289,1.143674,48,0,0,0,1759,0,-1369,0,80,655,0,-255,0,-255,0,-208,0,-366,0,0,0,1.0,14.566233748998208,0.3933820196979218,1,0.0,0.8057309373482273,0.627970253761684,mawi_plus_cicids_balanced,20000,15.160497683187275,0.48520551216331803,0.8057309373482273,0.6601084761245727
RQ7_CONFIRM_baseline_default_off_39,baseline_default_off,default,off,1,none,standard_dns,1,/opt/praxis/pcaps/RQ7_CONFIRM_baseline_default_off_39.pcap,/opt/praxis/logs/RQ7_CONFIRM_baseline_default_off_39_browser.json,21305,67,34,33,0,10490,4831,15321,1.140609,42,0,0,0,1727,0,-1369,0,80,655,0,-255,0,-255,0,-574,0,0,0,0,1998,1.0,15.671598402950986,0.8844310540465388,1,0.0,0.6930548810101991,0.7942036129667985,mawi_plus_cicids_balanced,20000,16.12220797678853,0.9292058935311198,0.6930548810101991,0.8098748067864019
RQ7_CONFIRM_baseline_default_off_40,baseline_default_off,default,off,1,none,standard_dns,1,/opt/praxis/pcaps/RQ7_CONFIRM_baseline_default_off_40.pcap,/opt/praxis/logs/RQ7_CONFIRM_baseline_default_off_40_browser.json,21609,69,35,34,0,10618,4831,15449,1.144017,44,0,0,0,1823,0,-1369,0,80,655,0,-255,0,-255,0,-574,0,0,0,0,2094,1.0,15.713383084350143,0.9029935504844766,1,0.0,0.8406993686255464,0.8080827111008442,mawi_plus_cicids_balanced,20000,16.197569328430603,0.9639985635192677,0.8406993686255464,0.829434465663021
RQ7_CONFIRM_baseline_default_off_41,baseline_default_off,default,off,1,none,standard_dns,1,/opt/praxis/pcaps/RQ7_CONFIRM_baseline_default_off_41.pcap,/opt/praxis/logs/RQ7_CONFIRM_baseline_default_off_41_browser.json,21337,67,34,33,0,10522,4831,15353,1.141272,46,0,0,0,1727,0,-1369,0,80,655,0,-255,0,-255,0,-208,0,-366,0,0,0,1.0,14.544074118143376,0.3835377883902941,1,0.0,0.708596406022341,0.61966804623772,mawi_plus_cicids_balanced,20000,15.103870027810506,0.4590617755822116,0.708596406022341,0.6461014417548911
RQ7_CONFIRM_baseline_default_off_42,baseline_default_off,default,off,1,none,standard_dns,1,/opt/praxis/pcaps/RQ7_CONFIRM_baseline_default_off_42.pcap,/opt/praxis/logs/RQ7_CONFIRM_baseline_default_off_42_browser.json,21609,69,35,34,0,10618,4831,15449,1.144226,40,0,0,0,1823,0,-1369,0,80,655,0,-255,0,-255,0,-574,0,0,0,0,2062,1.0,15.684231932050952,0.8900433940492424,1,0.0,0.8406993686255464,0.8035501563485121,mawi_plus_cicids_balanced,20000,16.09695657418425,0.9175478791987697,0.8406993686255464,0.8131767261508467
RQ7_CONFIRM_baseline_default_off_43,baseline_default_off,default,off,1,none,standard_dns,1,/opt/praxis/pcaps/RQ7_CONFIRM_baseline_default_off_43.pcap,/opt/praxis/logs/RQ7_CONFIRM_baseline_default_off_43_browser.json,21513,69,35,34,0,10522,4831,15353,1.142944,46,0,0,0,1727,0,-1369,0,80,655,0,-255,0,-255,0,-208,0,-366,0,0,0,1.0,14.55120611823404,0.3867061199856378,1,0.0,0.7940747935891209,0.6250508816744292,mawi_plus_cicids_balanced,20000,15.110181256227484,0.4619755302156827,0.7940747935891209,0.6513951752549451
RQ7_CONFIRM_baseline_default_off_44,baseline_default_off,default,off,1,none,standard_dns,1,/opt/praxis/pcaps/RQ7_CONFIRM_baseline_default_off_44.pcap,/opt/praxis/logs/RQ7_CONFIRM_baseline_default_off_44_browser.json,21681,72,37,35,0,10426,4831,15257,1.140269,46,0,0,0,1727,0,-1369,0,80,655,0,-255,0,-255,0,-208,0,-366,0,0,0,1.0,14.561778618536485,0.3914028651236335,1,0.0,0.8756677999028655,0.6307743927884151,mawi_plus_cicids_balanced,20000,15.11974317303652,0.46639005581457293,0.8756677999028655,0.6570199095302438
RQ7_CONFIRM_baseline_default_off_45,baseline_default_off,default,off,1,none,standard_dns,1,/opt/praxis/pcaps/RQ7_CONFIRM_baseline_default_off_45.pcap,/opt/praxis/logs/RQ7_CONFIRM_baseline_default_off_45_browser.json,21513,69,35,34,0,10522,4831,15353,1.145116,40,0,0,0,1759,0,-1369,0,80,655,0,-255,0,-255,0,-208,-366,0,0,0,0,1.0,14.517182460715013,0.3715913937186254,1,0.0,0.7940747935891209,0.619760727480975,mawi_plus_cicids_balanced,20000,14.962340057567468,0.3937205172209519,0.7940747935891209,0.6275059207067892
RQ7_CONFIRM_baseline_default_off_46,baseline_default_off,default,off,1,none,standard_dns,1,/opt/praxis/pcaps/RQ7_CONFIRM_baseline_default_off_46.pcap,/opt/praxis/logs/RQ7_CONFIRM_baseline_default_off_46_browser.json,21273,67,34,33,0,10458,4831,15289,1.139046,44,0,0,0,1823,0,-1369,0,80,655,0,-255,0,-255,0,-208,0,-366,0,0,0,1.0,14.534368953081486,0.3792263497037098,1,0.0,0.6775133559980573,0.6166048901962013,mawi_plus_cicids_balanced,20000,15.057000573872502,0.4374231848741424,0.6775133559980573,0.6369737825058528
RQ7_CONFIRM_baseline_default_off_47,baseline_default_off,default,off,1,none,standard_dns,1,/opt/praxis/pcaps/RQ7_CONFIRM_baseline_default_off_47.pcap,/opt/praxis/logs/RQ7_CONFIRM_baseline_default_off_47_browser.json,21457,68,35,33,0,10554,4831,15385,1.144308,40,0,0,0,1823,0,-1369,0,80,655,0,-255,0,-255,0,-574,0,0,0,0,1998,1.0,15.665735373964788,0.881826452287531,1,0.0,0.7668771248178727,0.7969831145415295,mawi_plus_cicids_balanced,20000,16.079450190277633,0.9094655687746992,0.7668771248178727,0.8066568053120383
RQ7_CONFIRM_baseline_default_off_48,baseline_default_off,default,off,1,none,standard_dns,1,/opt/praxis/pcaps/RQ7_CONFIRM_baseline_default_off_48.pcap,/opt/praxis/logs/RQ7_CONFIRM_baseline_default_off_48_browser.json,21505,70,36,34,0,10426,4831,15257,1.146175,44,0,0,0,1727,0,-1369,0,80,655,0,-255,0,-255,0,-208,0,-366,0,0,0,1.0,14.543641939636275,0.3833457966907051,1,0.0,0.7901894123360855,0.6236804994585511,mawi_plus_cicids_balanced,20000,15.06576183470746,0.4414680653104512,0.7901894123360855,0.6440232934754623
RQ7_CONFIRM_baseline_default_off_49,baseline_default_off,default,off,1,none,standard_dns,1,/opt/praxis/pcaps/RQ7_CONFIRM_baseline_default_off_49.pcap,/opt/praxis/logs/RQ7_CONFIRM_baseline_default_off_49_browser.json,21481,69,35,34,0,10490,4831,15321,1.1418,42,0,0,0,1727,0,-1369,0,80,655,0,-255,0,-255,0,-208,0,-366,0,0,0,1.0,14.528460722711436,0.3766016676066774,1,0.0,0.7785332685769791,0.620737247091186,mawi_plus_cicids_balanced,20000,15.012858465842726,0.417043749476599,0.7785332685769791,0.6348919757456586
RQ7_CONFIRM_baseline_default_off_50,baseline_default_off,default,off,1,none,standard_dns,1,/opt/praxis/pcaps/RQ7_CONFIRM_baseline_default_off_50.pcap,/opt/praxis/logs/RQ7_CONFIRM_baseline_default_off_50_browser.json,21369,67,34,33,0,10554,4831,15385,1.139078,42,0,0,0,1823,0,-1369,0,80,655,0,-255,0,-255,0,-574,0,0,0,0,0,1.0,13.707039104492631,0.0116919602291033,1,0.0,0.7241379310344828,0.4902990826319103,mawi_plus_cicids_balanced,20000,14.219674616321257,0.05084830161095324,0.7241379310344828,0.5040038021155577
RQ7_CONFIRM_camouflaged_c2_p1_01,camouflaged_c2_p1,camouflaged,c2,1,none,standard_dns,1,/opt/praxis/pcaps/RQ7_CONFIRM_camouflaged_c2_p1_01.pcap,/opt/praxis/logs/RQ7_CONFIRM_camouflaged_c2_p1_01_browser.json,20585,56,28,28,0,10648,4969,15617,0.184586,34,0,0,0,1800,0,-1377,0,88,687,0,-263,0,-263,0,-216,0,-374,0,-6,0,0.485,14.661352238866876,0.4356376160132924,1,0.0,0.3433705682370082,0.3878916940165027,mawi_plus_cicids_balanced,20000,14.948754930388787,0.3874485643382626,0.34337056823700823,0.3710255259302423
RQ7_CONFIRM_camouflaged_c2_p1_02,camouflaged_c2_p1,camouflaged,c2,1,none,standard_dns,1,/opt/praxis/pcaps/RQ7_CONFIRM_camouflaged_c2_p1_02.pcap,/opt/praxis/logs/RQ7_CONFIRM_camouflaged_c2_p1_02_browser.json,20089,50,26,24,0,10712,4937,15649,0.197929,28,0,0,0,1768,0,-1377,0,88,687,0,-263,0,-263,0,-582,-6,0,0,6,2052,0.485,15.857421077069738,0.966981228199284,1,0.0,0.1024769305488101,0.5618172763971899,mawi_plus_cicids_balanced,20000,15.996241250631101,0.8710498408968932,0.1024769305488101,0.5282412908413531
RQ7_CONFIRM_camouflaged_c2_p1_03,camouflaged_c2_p1,camouflaged,c2,1,none,standard_dns,1,/opt/praxis/pcaps/RQ7_CONFIRM_camouflaged_c2_p1_03.pcap,/opt/praxis/logs/RQ7_CONFIRM_camouflaged_c2_p1_03_browser.json,20153,52,26,26,0,10584,4953,15537,0.190154,32,0,0,0,1768,0,-1377,0,88,687,0,-263,0,-263,0,-582,0,-6,0,6,2020,0.49,15.883363579751496,0.9785059687859392,1,0.0,0.1335599805730937,0.5696550881037334,mawi_plus_cicids_balanced,20000,16.108513207346473,0.9228833212393659,0.13355998057309373,0.5501871614624327
RQ7_CONFIRM_camouflaged_c2_p1_04,camouflaged_c2_p1,camouflaged,c2,1,none,standard_dns,1,/opt/praxis/pcaps/RQ7_CONFIRM_camouflaged_c2_p1_04.pcap,/opt/praxis/logs/RQ7_CONFIRM_camouflaged_c2_p1_04_browser.json,20417,53,27,26,0,10736,4977,15713,0.188321,34,0,0,0,1832,0,-1377,0,88,687,0,-263,0,-263,0,-216,0,-374,0,-6,0,0.485,14.65060260575178,0.4308621810996708,1,0.0,0.2617775619232637,0.382140641481048,mawi_plus_cicids_balanced,20000,14.939282939117746,0.38307555537221866,0.26177756192326374,0.3654153224764397
RQ7_CONFIRM_camouflaged_c2_p1_05,camouflaged_c2_p1,camouflaged,c2,1,none,standard_dns,1,/opt/praxis/pcaps/RQ7_CONFIRM_camouflaged_c2_p1_05.pcap,/opt/praxis/logs/RQ7_CONFIRM_camouflaged_c2_p1_05_browser.json,20897,58,29,29,0,10776,4977,15753,0.183114,34,0,0,0,1768,0,-1377,0,88,687,0,-263,0,-263,0,-216,0,-374,0,-6,0,0.49,14.668729728061004,0.4389150040967078,1,0.0,0.4949004371053909,0.3988652732891173,mawi_plus_cicids_balanced,20000,14.955646278082092,0.3906301472165198,0.49490043710539094,0.38196557338105147
RQ7_CONFIRM_camouflaged_c2_p1_06,camouflaged_c2_p1,camouflaged,c2,1,none,standard_dns,1,/opt/praxis/pcaps/RQ7_CONFIRM_camouflaged_c2_p1_06.pcap,/opt/praxis/logs/RQ7_CONFIRM_camouflaged_c2_p1_06_browser.json,20193,52,26,26,0,10616,4961,15577,0.189476,30,0,0,0,1768,0,-1377,0,88,687,0,-263,0,-263,0,-216,0,-374,-6,0,0,0.485,14.617456989417038,0.4161375173103396,1,0.0,0.152986886838271,0.3715474754005324,mawi_plus_cicids_balanced,20000,14.815053778616393,0.32572169838784926,0.152986886838271,0.3399019387776608
RQ7_CONFIRM_camouflaged_c2_p1_07,camouflaged_c2_p1,camouflaged,c2,1,none,standard_dns,1,/opt/praxis/pcaps/RQ7_CONFIRM_camouflaged_c2_p1_07.pcap,/opt/praxis/logs/RQ7_CONFIRM_camouflaged_c2_p1_07_browser.json,20441,53,27,26,0,10776,4961,15737,0.183895,30,0,0,0,1800,0,-1377,0,88,687,0,-263,0,-263,0,-216,0,-374,-6,0,0,0.485,14.62249901443906,0.418377394901297,1,0.0,0.2734337056823701,0.3783537734995724,mawi_plus_cicids_balanced,20000,14.820099311088866,0.32805110918534897,0.2734337056823701,0.3467395734989906
RQ7_CONFIRM_camouflaged_c2_p1_08,camouflaged_c2_p1,camouflaged,c2,1,none,standard_dns,1,/opt/praxis/pcaps/RQ7_CONFIRM_camouflaged_c2_p1_08.pcap,/opt/praxis/logs/RQ7_CONFIRM_camouflaged_c2_p1_08_browser.json,20481,54,27,27,0,10712,4977,15689,0.190767,38,0,0,0,1736,0,-1377,0,88,687,0,-263,0,-263,0,-216,0,-374,0,-6,0,0.485,14.678280841889276,0.4431580068067688,1,0.0,0.2928606119475473,0.3879983329797464,mawi_plus_cicids_balanced,20000,15.051238941735512,0.4347631666928407,0.29286061194754737,0.3850601389398716
RQ7_CONFIRM_camouflaged_c2_p1_09,camouflaged_c2_p1,camouflaged,c2,1,none,standard_dns,1,/opt/praxis/pcaps/RQ7_CONFIRM_camouflaged_c2_p1_09.pcap,/opt/praxis/logs/RQ7_CONFIRM_camouflaged_c2_p1_09_browser.json,20193,50,25,25,0,10800,4953,15753,0.191965,32,0,0,0,1800,0,-1377,0,88,687,0,-263,0,-263,0,-582,0,-6,0,6,2052,0.49,15.884438583838843,0.9789835303916276,1,0.0,0.152986886838271,0.5707935799789832,mawi_plus_cicids_balanced,20000,16.109974453107014,0.9235579461022475,0.152986886838271,0.5513946254777001
RQ7_CONFIRM_camouflaged_c2_p1_10,camouflaged_c2_p1,camouflaged,c2,1,none,standard_dns,1,/opt/praxis/pcaps/RQ7_CONFIRM_camouflaged_c2_p1_10.pcap,/opt/praxis/logs/RQ7_CONFIRM_camouflaged_c2_p1_10_browser.json,20313,52,26,26,0,10744,4953,15697,0.189412,34,0,0,0,1832,0,-1377,0,88,687,0,-263,0,-263,0,-582,0,-6,0,6,2084,0.5,15.91206835019258,0.9912578238012848,1,0.0,0.2112676056338028,0.5825036186121398,mawi_plus_cicids_balanced,20000,16.17812894135922,0.9550233665903566,0.2112676056338028,0.569821558588315
RQ7_CONFIRM_camouflaged_c2_p1_11,camouflaged_c2_p1,camouflaged,c2,1,none,standard_dns,1,/opt/praxis/pcaps/RQ7_CONFIRM_camouflaged_c2_p1_11.pcap,/opt/praxis/logs/RQ7_CONFIRM_camouflaged_c2_p1_11_browser.json,20497,54,27,27,0,10744,4961,15705,0.187201,36,0,0,0,1768,0,-1377,0,88,687,0,-263,0,-263,0,-582,0,-6,0,6,2084,0.5,15.930372898272443,0.999389466718093,1,0.0,0.3006313744536182,0.5898178820740135,mawi_plus_cicids_balanced,20000,16.235893822225215,0.9816921350384167,0.30063137445361826,0.5836238159861268
RQ7_CONFIRM_camouflaged_c2_p1_12,camouflaged_c2_p1,camouflaged,c2,1,none,standard_dns,1,/opt/praxis/pcaps/RQ7_CONFIRM_camouflaged_c2_p1_12.pcap,/opt/praxis/logs/RQ7_CONFIRM_camouflaged_c2_p1_12_browser.json,20649,56,28,28,0,10712,4969,15681,0.200795,34,0,0,0,1800,0,-1377,0,88,687,0,-263,0,-263,0,-216,0,-374,0,-6,0,0.485,14.661269089200632,0.4356006774671135,1,0.0,0.3744536182612918,0.3894329180265543,mawi_plus_cicids_balanced,20000,14.948847161621325,0.38749114545930613,0.37445361826129187,0.37259458182382177
RQ7_CONFIRM_camouflaged_c2_p1_13,camouflaged_c2_p1,camouflaged,c2,1,none,standard_dns,1,/opt/praxis/pcaps/RQ7_CONFIRM_camouflaged_c2_p1_13.pcap,/opt/praxis/logs/RQ7_CONFIRM_camouflaged_c2_p1_13_browser.json,20353,52,26,26,0,10768,4969,15737,0.187664,34,0,0,0,1768,0,-1377,0,88,687,0,-263,0,-263,0,-216,0,-374,0,-6,0,0.485,14.645483193178194,0.4285879247339528,1,0.0,0.23069451189898,0.3797904992518324,mawi_plus_cicids_balanced,20000,14.934348135647625,0.38079726570714273,0.23069451189898008,0.363063768592449
RQ7_CONFIRM_camouflaged_c2_p1_14,camouflaged_c2_p1,camouflaged,c2,1,none,standard_dns,1,/opt/praxis/pcaps/RQ7_CONFIRM_camouflaged_c2_p1_14.pcap,/opt/praxis/logs/RQ7_CONFIRM_camouflaged_c2_p1_14_browser.json,20033,51,25,26,0,10552,4953,15505,0.189224,34,0,0,0,1768,0,-1377,0,88,687,0,-263,0,-263,0,-582,0,-6,0,6,1988,0.49,15.884351864108805,0.9789450058743634,1,0.0,0.0752792617775619,0.5668947151449052,mawi_plus_cicids_balanced,20000,16.150829539666326,0.9424198363553115,0.07527926177756192,0.5541109058132371
RQ7_CONFIRM_camouflaged_c2_p1_15,camouflaged_c2_p1,camouflaged,c2,1,none,standard_dns,1,/opt/praxis/pcaps/RQ7_CONFIRM_camouflaged_c2_p1_15.pcap,/opt/praxis/logs/RQ7_CONFIRM_camouflaged_c2_p1_15_browser.json,20201,52,26,26,0,10616,4969,15585,0.191309,36,0,0,0,1768,0,-1377,0,88,687,0,-263,0,-263,0,-582,0,-6,0,6,2020,0.49,15.907980998538289,0.9894420518967764,1,0.0,0.1568722680913064,0.5746483315684371,mawi_plus_cicids_balanced,20000,16.21433042210614,0.9717367899202899,0.15687226809130647,0.5684514898766667
RQ7_CONFIRM_camouflaged_c2_p1_16,camouflaged_c2_p1,camouflaged,c2,1,none,standard_dns,1,/opt/praxis/pcaps/RQ7_CONFIRM_camouflaged_c2_p1_16.pcap,/opt/praxis/logs/RQ7_CONFIRM_camouflaged_c2_p1_16_browser.json,20817,57,28,29,0,10776,4985,15761,0.18772,32,0,0,0,1768,0,-1377,0,88,687,0,-263,0,-263,0,-216,0,-374,-6,0,0,0.485,14.651133318355036,0.4310979457501983,1,0.0,0.4560466245750364,0.3919366122413212,mawi_plus_cicids_balanced,20000,14.893364731239238,0.36187613393997126,0.4560466245750364,0.3677089781077417
RQ7_CONFIRM_camouflaged_c2_p1_17,camouflaged_c2_p1,camouflaged,c2,1,none,standard_dns,1,/opt/praxis/pcaps/RQ7_CONFIRM_camouflaged_c2_p1_17.pcap,/opt/praxis/logs/RQ7_CONFIRM_camouflaged_c2_p1_17_browser.json,20385,54,27,27,0,10616,4977,15593,0.192556,40,0,0,0,1832,0,-1377,0,88,687,0,-263,0,-263,0,-216,0,-374,0,-6,0,0.485,14.691793783607658,0.4491610185353346,1,0.0,0.2462360369111219,0.3877681583329231,mawi_plus_cicids_balanced,20000,15.104426341908471,0.4593186135024254,0.2462360369111219,0.39132331657140496
RQ7_CONFIRM_camouflaged_c2_p1_18,camouflaged_c2_p1,camouflaged,c2,1,none,standard_dns,1,/opt/praxis/pcaps/RQ7_CONFIRM_camouflaged_c2_p1_18.pcap,/opt/praxis/logs/RQ7_CONFIRM_camouflaged_c2_p1_18_browser.json,20409,53,26,27,0,10744,4961,15705,0.186782,32,0,0,0,1768,0,-1377,0,88,687,0,-263,0,-263,0,-582,0,-6,0,6,2052,0.49,15.894680133370812,0.9835332534083016,1,0.0,0.2578921806702283,0.5776312477264169,mawi_plus_cicids_balanced,20000,16.11910467061325,0.9277731656769073,0.2578921806702283,0.5581152170204289
RQ7_CONFIRM_camouflaged_c2_p1_19,camouflaged_c2_p1,camouflaged,c2,1,none,standard_dns,1,/opt/praxis/pcaps/RQ7_CONFIRM_camouflaged_c2_p1_19.pcap,/opt/praxis/logs/RQ7_CONFIRM_camouflaged_c2_p1_19_browser.json,20337,54,27,27,0,10584,4961,15545,0.191449,30,0,0,0,1736,0,-1377,0,88,687,0,-263,0,-263,0,-216,0,-374,0,-6,0,0.485,14.624672396506648,0.4193429017697705,1,0.0,0.2229237493929091,0.3761662030890651,mawi_plus_cicids_balanced,20000,14.821832077858224,0.32885108929530016,0.22292374939290918,0.3444940687230005
RQ7_CONFIRM_camouflaged_c2_p1_20,camouflaged_c2_p1,camouflaged,c2,1,none,standard_dns,1,/opt/praxis/pcaps/RQ7_CONFIRM_camouflaged_c2_p1_20.pcap,/opt/praxis/logs/RQ7_CONFIRM_camouflaged_c2_p1_20_browser.json,20441,53,26,27,0,10776,4961,15737,0.190748,38,0,0,0,1832,0,-1377,0,88,687,0,-263,0,-263,0,-582,0,-6,0,6,2052,0.49,15.931747225198423,1.0,1,0.0,0.2734337056823701,0.5841716852841186,mawi_plus_cicids_balanced,20000,16.27554888318074,1.0,0.2734337056823701,0.5841716852841186
RQ7_CONFIRM_camouflaged_c2_p1_21,camouflaged_c2_p1,camouflaged,c2,1,none,standard_dns,1,/opt/praxis/pcaps/RQ7_CONFIRM_camouflaged_c2_p1_21.pcap,/opt/praxis/logs/RQ7_CONFIRM_camouflaged_c2_p1_21_browser.json,20577,54,27,27,0,10808,4977,15785,0.185189,36,0,0,0,1800,0,-1377,0,88,687,0,-263,0,-263,0,-216,0,-374,0,-6,0,0.485,14.667017900030745,0.4381545387622827,1,0.0,0.3394851869839728,0.3885783479159976,mawi_plus_cicids_balanced,20000,14.99816421522093,0.41025973882037486,0.3394851869839728,0.37881516793632986
RQ7_CONFIRM_camouflaged_c2_p1_22,camouflaged_c2_p1,camouflaged,c2,1,none,standard_dns,1,/opt/praxis/pcaps/RQ7_CONFIRM_camouflaged_c2_p1_22.pcap,/opt/praxis/logs/RQ7_CONFIRM_camouflaged_c2_p1_22_browser.json,20473,54,27,27,0,10712,4969,15681,0.190576,36,0,0,0,1736,0,-1377,0,88,687,0,-263,0,-263,0,-216,0,-374,0,-6,0,0.485,14.665674359592613,0.4375576821209981,1,0.0,0.2889752306945119,0.3858439502770749,mawi_plus_cicids_balanced,20000,14.997115447857867,0.4097755461146669,0.2889752306945119,0.37612020267485896
RQ7_CONFIRM_camouflaged_c2_p1_23,camouflaged_c2_p1,camouflaged,c2,1,none,standard_dns,1,/opt/praxis/pcaps/RQ7_CONFIRM_camouflaged_c2_p1_23.pcap,/opt/praxis/logs/RQ7_CONFIRM_camouflaged_c2_p1_23_browser.json,20497,54,27,27,0,10744,4961,15705,0.185256,34,0,0,0,1832,0,-1377,0,88,687,0,-263,0,-263,0,-582,0,-6,0,6,2052,0.49,15.911925542042368,0.9911943824708532,1,0.0,0.3006313744536182,0.5824496025874796,mawi_plus_cicids_balanced,20000,16.177513533394336,0.9547392463382153,0.30063137445361826,0.5696903049410563
RQ7_CONFIRM_camouflaged_c2_p1_24,camouflaged_c2_p1,camouflaged,c2,1,none,standard_dns,1,/opt/praxis/pcaps/RQ7_CONFIRM_camouflaged_c2_p1_24.pcap,/opt/praxis/logs/RQ7_CONFIRM_camouflaged_c2_p1_24_browser.json,20649,56,28,28,0,10712,4969,15681,0.195062,32,0,0,0,1768,0,-1377,0,88,687,0,-263,0,-263,0,-216,0,-374,0,-6,0,0.485,14.647268720812882,0.4293811305033619,1,0.0,0.3744536182612918,0.3872560765892412,mawi_plus_cicids_balanced,20000,14.890245655425373,0.3604361255922542,0.37445361826129187,0.36312532487035354
RQ7_CONFIRM_camouflaged_c2_p1_25,camouflaged_c2_p1,camouflaged,c2,1,none,standard_dns,1,/opt/praxis/pcaps/RQ7_CONFIRM_camouflaged_c2_p1_25.pcap,/opt/praxis/logs/RQ7_CONFIRM_camouflaged_c2_p1_25_browser.json,20249,52,26,26,0,10680,4953,15633,0.18706,32,0,0,0,1832,0,-1377,0,88,687,0,-263,0,-263,0,-582,0,-6,0,6,1988,0.49,15.876895739568004,0.9756326846936108,1,0.0,0.1801845556095191,0.5709806674232397,mawi_plus_cicids_balanced,20000,16.101920720203253,0.9198397156699684,0.18018455560951918,0.5514531282649648
RQ7_CONFIRM_camouflaged_c2_p1_26,camouflaged_c2_p1,camouflaged,c2,1,none,standard_dns,1,/opt/praxis/pcaps/RQ7_CONFIRM_camouflaged_c2_p1_26.pcap,/opt/praxis/logs/RQ7_CONFIRM_camouflaged_c2_p1_26_browser.json,20473,54,27,27,0,10712,4969,15681,0.187648,32,0,0,0,1832,0,-1377,0,88,687,0,-263,0,-263,0,-582,0,-6,0,6,2020,0.49,15.891852321039266,0.9822770213497144,1,0.0,0.2889752306945119,0.5787457190071257,mawi_plus_cicids_balanced,20000,16.11623646121466,0.9264489768070462,0.2889752306945119,0.5592059034171918
RQ7_CONFIRM_camouflaged_c2_p1_27,camouflaged_c2_p1,camouflaged,c2,1,none,standard_dns,1,/opt/praxis/pcaps/RQ7_CONFIRM_camouflaged_c2_p1_27.pcap,/opt/praxis/logs/RQ7_CONFIRM_camouflaged_c2_p1_27_browser.json,20345,52,26,26,0,10776,4953,15729,0.186909,30,0,0,0,1832,0,-1377,0,88,687,0,-263,0,-263,0,-582,0,-6,0,6,2052,0.49,15.879251584234192,0.9766792490506948,1,0.0,0.2268091306459446,0.5736781937000404,mawi_plus_cicids_balanced,20000,16.06115452640251,0.9010188652383228,0.22680913064594463,0.5471970593657102
RQ7_CONFIRM_camouflaged_c2_p1_28,camouflaged_c2_p1,camouflaged,c2,1,none,standard_dns,1,/opt/praxis/pcaps/RQ7_CONFIRM_camouflaged_c2_p1_28.pcap,/opt/praxis/logs/RQ7_CONFIRM_camouflaged_c2_p1_28_browser.json,20441,52,26,26,0,10872,4953,15825,0.186969,32,0,0,0,1832,0,-1377,0,88,687,0,-263,0,-263,0,-582,0,-6,0,6,2084,0.5,15.899846502612808,0.9858283698825788,1,0.0,0.2734337056823701,0.5837116147430211,mawi_plus_cicids_balanced,20000,16.12462578080371,0.9303221401928802,0.2734337056823701,0.5642844343516266
RQ7_CONFIRM_camouflaged_c2_p1_29,camouflaged_c2_p1,camouflaged,c2,1,none,standard_dns,1,/opt/praxis/pcaps/RQ7_CONFIRM_camouflaged_c2_p1_29.pcap,/opt/praxis/logs/RQ7_CONFIRM_camouflaged_c2_p1_29_browser.json,20689,56,28,28,0,10744,4977,15721,0.19442,38,0,0,0,1800,0,-1377,0,88,687,0,-263,0,-263,0,-216,0,-374,0,-6,0,0.485,14.687054677399123,0.4470557101024527,1,0.0,0.3938805245264691,0.3944135247621819,mawi_plus_cicids_balanced,20000,15.059112924001056,0.4383984102293253,0.39388052452646916,0.3913834698065873
RQ7_CONFIRM_camouflaged_c2_p1_30,camouflaged_c2_p1,camouflaged,c2,1,none,standard_dns,1,/opt/praxis/pcaps/RQ7_CONFIRM_camouflaged_c2_p1_30.pcap,/opt/praxis/logs/RQ7_CONFIRM_camouflaged_c2_p1_30_browser.json,20561,54,27,27,0,10808,4961,15769,0.19206,34,0,0,0,1768,0,-1377,0,88,687,0,-263,0,-263,0,-216,0,-374,-6,0,0,0.485,14.65330121640383,0.432061016389033,1,0.0,0.3317144244779019,0.3860570769600566,mawi_plus_cicids_balanced,20000,14.94161285614473,0.3841512265545062,0.3317144244779019,0.3692886505179722
RQ7_CONFIRM_camouflaged_c2_p1_31,camouflaged_c2_p1,camouflaged,c2,1,none,standard_dns,1,/opt/praxis/pcaps/RQ7_CONFIRM_camouflaged_c2_p1_31.pcap,/opt/praxis/logs/RQ7_CONFIRM_camouflaged_c2_p1_31_browser.json,20377,53,26,27,0,10704,4969,15673,0.188454,34,0,0,0,1736,0,-1377,0,88,687,0,-263,0,-263,0,-582,0,-6,0,6,2084,0.5,15.914028310656766,0.9921285199013076,1,0.0,0.2423506556580864,0.584362514748362,mawi_plus_cicids_balanced,20000,16.179766937959865,0.9557795934085626,0.24235065565808644,0.5716403904759012
RQ7_CONFIRM_camouflaged_c2_p1_32,camouflaged_c2_p1,camouflaged,c2,1,none,standard_dns,1,/opt/praxis/pcaps/RQ7_CONFIRM_camouflaged_c2_p1_32.pcap,/opt/praxis/logs/RQ7_CONFIRM_camouflaged_c2_p1_32_browser.json,20601,56,28,28,0,10648,4985,15633,0.189031,34,0,0,0,1768,0,-1377,0,88,687,0,-263,0,-263,0,-216,0,-374,0,-6,0,0.485,14.660823091478369,0.4354025466963696,1,0.0,0.3511413307430792,0.3881979578808833,mawi_plus_cicids_balanced,20000,14.948382638491697,0.38727668539988797,0.3511413307430792,0.37135390642711474
RQ7_CONFIRM_camouflaged_c2_p1_33,camouflaged_c2_p1,camouflaged,c2,1,none,standard_dns,1,/opt/praxis/pcaps/RQ7_CONFIRM_camouflaged_c2_p1_33.pcap,/opt/praxis/logs/RQ7_CONFIRM_camouflaged_c2_p1_33_browser.json,20105,51,26,25,0,10608,4969,15577,0.184619,32,0,0,0,1736,0,-1377,0,88,687,0,-263,0,-263,0,-582,0,-6,0,6,2020,0.49,15.879551984297551,0.9768126992750192,1,0.0,0.110247693054881,0.5678968293990008,mawi_plus_cicids_balanced,20000,16.105424101288566,0.9214571492654131,0.11024769305488101,0.5485223868956386
RQ7_CONFIRM_camouflaged_c2_p1_34,camouflaged_c2_p1,camouflaged,c2,1,none,standard_dns,1,/opt/praxis/pcaps/RQ7_CONFIRM_camouflaged_c2_p1_34.pcap,/opt/praxis/logs/RQ7_CONFIRM_camouflaged_c2_p1_34_browser.json,20217,52,26,26,0,10648,4953,15601,0.188466,34,0,0,0,1736,0,-1377,0,88,687,0,-263,0,-263,0,-582,0,-6,0,6,2052,0.49,15.903030162894227,0.9872426844269188,1,0.0,0.1646430305973773,0.5742670910792904,mawi_plus_cicids_balanced,20000,16.169536134087142,0.9510562574399121,0.16464303059737737,0.5616018416338381
RQ7_CONFIRM_camouflaged_c2_p1_35,camouflaged_c2_p1,camouflaged,c2,1,none,standard_dns,1,/opt/praxis/pcaps/RQ7_CONFIRM_camouflaged_c2_p1_35.pcap,/opt/praxis/logs/RQ7_CONFIRM_camouflaged_c2_p1_35_browser.json,20689,56,28,28,0,10744,4977,15721,0.182962,38,0,0,0,1736,0,-1377,0,88,687,0,-263,0,-263,0,-216,0,-374,-6,0,0,0.485,14.686146221223751,0.4466521360184894,1,0.0,0.3938805245264691,0.3942722738327947,mawi_plus_cicids_balanced,20000,15.058370749970315,0.43805576488708176,0.39388052452646916,0.39126354393680207
RQ7_CONFIRM_camouflaged_c2_p1_36,camouflaged_c2_p1,camouflaged,c2,1,none,standard_dns,1,/opt/praxis/pcaps/RQ7_CONFIRM_camouflaged_c2_p1_36.pcap,/opt/praxis/logs/RQ7_CONFIRM_camouflaged_c2_p1_36_browser.json,20225,52,26,26,0,10648,4961,15609,0.184936,32,0,0,0,1736,0,-1377,0,88,687,0,-263,0,-263,0,-582,0,-6,0,6,2052,0.49,15.890609305978478,0.9817248222694396,1,0.0,0.1685284118504128,0.5725301083868244,mawi_plus_cicids_balanced,20000,16.115747747296272,0.9262233483952603,0.1685284118504128,0.5531045925308617
RQ7_CONFIRM_camouflaged_c2_p1_37,camouflaged_c2_p1,camouflaged,c2,1,none,standard_dns,1,/opt/praxis/pcaps/RQ7_CONFIRM_camouflaged_c2_p1_37.pcap,/opt/praxis/logs/RQ7_CONFIRM_camouflaged_c2_p1_37_browser.json,20569,54,27,27,0,10808,4969,15777,0.189214,36,0,0,0,1800,0,-1377,0,88,687,0,-263,0,-263,0,-216,0,-374,0,-6,0,0.485,14.666938233968972,0.4381191477783545,1,0.0,0.3355998057309373,0.3883716920089709,mawi_plus_cicids_balanced,20000,14.998131515015022,0.4102446418582328,0.33559980573093734,0.3786156149369283
RQ7_CONFIRM_camouflaged_c2_p1_38,camouflaged_c2_p1,camouflaged,c2,1,none,standard_dns,1,/opt/praxis/pcaps/RQ7_CONFIRM_camouflaged_c2_p1_38.pcap,/opt/praxis/logs/RQ7_CONFIRM_camouflaged_c2_p1_38_browser.json,20529,54,27,27,0,10768,4969,15737,0.192467,34,0,0,0,1800,0,-1377,0,88,687,0,-263,0,-263,0,-216,0,-374,-6,0,0,0.485,14.653770689020051,0.4322695756857544,1,0.0,0.3161728994657601,0.385352996463302,mawi_plus_cicids_balanced,20000,14.941927754677005,0.38429660824518036,0.3161728994657601,0.3685624578591011
RQ7_CONFIRM_camouflaged_c2_p1_39,camouflaged_c2_p1,camouflaged,c2,1,none,standard_dns,1,/opt/praxis/pcaps/RQ7_CONFIRM_camouflaged_c2_p1_39.pcap,/opt/praxis/logs/RQ7_CONFIRM_camouflaged_c2_p1_39_browser.json,20561,54,27,27,0,10808,4961,15769,0.186439,36,0,0,0,1800,0,-1377,0,88,687,0,-263,0,-263,0,-216,0,-374,0,-6,0,0.485,14.666947263942069,0.4381231592686374,1,0.0,0.3317144244779019,0.3881788269679181,mawi_plus_cicids_balanced,20000,14.998123840459824,0.4102410986857647,0.3317144244779019,0.3784201057639127
RQ7_CONFIRM_camouflaged_c2_p1_40,camouflaged_c2_p1,camouflaged,c2,1,none,standard_dns,1,/opt/praxis/pcaps/RQ7_CONFIRM_camouflaged_c2_p1_40.pcap,/opt/praxis/logs/RQ7_CONFIRM_camouflaged_c2_p1_40_browser.json,20441,53,26,27,0,10776,4961,15737,0.188658,34,0,0,0,1800,0,-1377,0,88,687,0,-263,0,-263,0,-216,0,-374,0,-6,0,0.485,14.649703202780824,0.4304626288263109,1,0.0,0.2734337056823701,0.3825836053733273,mawi_plus_cicids_balanced,20000,14.937742550825918,0.38236439215230056,0.2734337056823701,0.36574922253742365
RQ7_CONFIRM_camouflaged_c2_p1_41,camouflaged_c2_p1,camouflaged,c2,1,none,standard_dns,1,/opt/praxis/pcaps/RQ7_CONFIRM_camouflaged_c2_p1_41.pcap,/opt/praxis/logs/RQ7_CONFIRM_camouflaged_c2_p1_41_browser.json,20681,56,28,28,0,10744,4969,15713,0.185442,34,0,0,0,1800,0,-1377,0,88,687,0,-263,0,-263,0,-216,0,-374,-6,0,0,0.485,14.66152901593728,0.4357161477533897,1,0.0,0.3899951432734337,0.390250408877358,mawi_plus_cicids_balanced,20000,14.94897731867289,0.38755123609254266,0.3899951432734337,0.3733926897960616
RQ7_CONFIRM_camouflaged_c2_p1_42,camouflaged_c2_p1,camouflaged,c2,1,none,standard_dns,1,/opt/praxis/pcaps/RQ7_CONFIRM_camouflaged_c2_p1_42.pcap,/opt/praxis/logs/RQ7_CONFIRM_camouflaged_c2_p1_42_browser.json,20601,56,27,29,0,10648,4985,15633,0.183959,38,0,0,0,1768,0,-1377,0,88,687,0,-263,0,-263,0,-216,0,-374,0,-6,0,0.485,14.686044776576376,0.4466070700794305,1,0.0,0.3511413307430792,0.3921195410649546,mawi_plus_cicids_balanced,20000,15.057343599312418,0.4375815521362533,0.3511413307430792,0.3889606097848426
RQ7_CONFIRM_camouflaged_c2_p1_43,camouflaged_c2_p1,camouflaged,c2,1,none,standard_dns,1,/opt/praxis/pcaps/RQ7_CONFIRM_camouflaged_c2_p1_43.pcap,/opt/praxis/logs/RQ7_CONFIRM_camouflaged_c2_p1_43_browser.json,20537,55,28,27,0,10680,4977,15657,0.187186,36,0,0,0,1736,0,-1377,0,88,687,0,-263,0,-263,0,-216,0,-374,0,-6,0,0.485,14.669756374611357,0.4393710832696449,1,0.0,0.3200582807187955,0.3880327931803155,mawi_plus_cicids_balanced,20000,15.001202502182316,0.41166244874095687,0.32005828071879555,0.3783347710952747
RQ7_CONFIRM_camouflaged_c2_p1_44,camouflaged_c2_p1,camouflaged,c2,1,none,standard_dns,1,/opt/praxis/pcaps/RQ7_CONFIRM_camouflaged_c2_p1_44.pcap,/opt/praxis/logs/RQ7_CONFIRM_camouflaged_c2_p1_44_browser.json,20481,52,27,25,0,10904,4961,15865,0.187357,30,0,0,0,1832,0,-1377,0,88,687,0,-263,0,-263,0,-582,0,-6,0,6,2084,0.5,15.887268618997748,0.980240749922742,1,0.0,0.2928606119475473,0.582727293070337,mawi_plus_cicids_balanced,20000,16.069899729779504,0.9050563323012818,0.29286061194754737,0.5564127469028259
RQ7_CONFIRM_camouflaged_c2_p1_45,camouflaged_c2_p1,camouflaged,c2,1,none,standard_dns,1,/opt/praxis/pcaps/RQ7_CONFIRM_camouflaged_c2_p1_45.pcap,/opt/praxis/logs/RQ7_CONFIRM_camouflaged_c2_p1_45_browser.json,20625,56,28,28,0,10680,4977,15657,0.190874,38,0,0,0,1768,0,-1377,0,88,687,0,-263,0,-263,0,-216,0,-374,0,-6,0,0.485,14.686450722668043,0.4467874082471096,1,0.0,0.3627974745021855,0.3927654666115976,mawi_plus_cicids_balanced,20000,15.058587569866324,0.43815586583968313,0.3627974745021855,0.38974442676899834
RQ7_CONFIRM_camouflaged_c2_p1_46,camouflaged_c2_p1,camouflaged,c2,1,none,standard_dns,1,/opt/praxis/pcaps/RQ7_CONFIRM_camouflaged_c2_p1_46.pcap,/opt/praxis/logs/RQ7_CONFIRM_camouflaged_c2_p1_46_browser.json,20289,52,26,26,0,10704,4969,15673,0.181052,38,0,0,0,1800,0,-1377,0,88,687,0,-263,0,-263,0,-216,0,-374,0,-6,0,0.485,14.671612880479875,0.4401958205278327,1,0.0,0.1996114618746964,0.3822991102784762,mawi_plus_cicids_balanced,20000,15.044870396504791,0.4318229501536064,0.19961146187469644,0.3793686056474971
RQ7_CONFIRM_camouflaged_c2_p1_47,camouflaged_c2_p1,camouflaged,c2,1,none,standard_dns,1,/opt/praxis/pcaps/RQ7_CONFIRM_camouflaged_c2_p1_47.pcap,/opt/praxis/logs/RQ7_CONFIRM_camouflaged_c2_p1_47_browser.json,20513,54,26,28,0,10744,4977,15721,0.181752,34,0,0,0,1800,0,-1377,0,88,687,0,-263,0,-263,0,-582,0,-6,0,6,2052,0.49,15.911136890563249,0.990844030624632,1,0.0,0.3084021369596891,0.5827155175666057,mawi_plus_cicids_balanced,20000,16.176061704323505,0.9540689689527919,0.30840213695968915,0.5698442459814616
RQ7_CONFIRM_camouflaged_c2_p1_48,camouflaged_c2_p1,camouflaged,c2,1,none,standard_dns,1,/opt/praxis/pcaps/RQ7_CONFIRM_camouflaged_c2_p1_48.pcap,/opt/praxis/logs/RQ7_CONFIRM_camouflaged_c2_p1_48_browser.json,20401,54,27,27,0,10640,4969,15609,0.190794,36,0,0,0,1800,0,-1377,0,88,687,0,-263,0,-263,0,-216,0,-374,0,-6,0,0.485,14.666589187869748,0.4379640869580595,1,0.0,0.2540067994171928,0.3842377704061804,mawi_plus_cicids_balanced,20000,14.997732948752459,0.4100606326261848,0.2540067994171928,0.3744715613900243
RQ7_CONFIRM_camouflaged_c2_p1_49,camouflaged_c2_p1,camouflaged,c2,1,none,standard_dns,1,/opt/praxis/pcaps/RQ7_CONFIRM_camouflaged_c2_p1_49.pcap,/opt/praxis/logs/RQ7_CONFIRM_camouflaged_c2_p1_49_browser.json,20465,54,27,27,0,10712,4961,15673,0.185285,32,0,0,0,1832,0,-1377,0,88,687,0,-263,0,-263,0,-216,0,-374,0,-6,0,0.485,14.640691203220284,0.4264591231361954,1,0.0,0.2850898494414764,0.3817651855697422,mawi_plus_cicids_balanced,20000,14.883936373301209,0.35752326951914726,0.2850898494414764,0.35763763680377536
RQ7_CONFIRM_camouflaged_c2_p1_50,camouflaged_c2_p1,camouflaged,c2,1,none,standard_dns,1,/opt/praxis/pcaps/RQ7_CONFIRM_camouflaged_c2_p1_50.pcap,/opt/praxis/logs/RQ7_CONFIRM_camouflaged_c2_p1_50_browser.json,20529,54,27,27,0,10776,4961,15737,0.181503,36,0,0,0,1832,0,-1377,0,88,687,0,-263,0,-263,0,-216,0,-374,0,-6,0,0.485,14.667466992513896,0.4383540443547558,1,0.0,0.3161728994657601,0.3874825604974525,mawi_plus_cicids_balanced,20000,14.998452311983556,0.41039274672652676,0.3161728994657601,0.37769610632757233
RQ7_CONFIRM_default_c2_p1_01,default_c2_p1,default,c2,1,none,standard_dns,1,/opt/praxis/pcaps/RQ7_CONFIRM_default_c2_p1_01.pcap,/opt/praxis/logs/RQ7_CONFIRM_default_c2_p1_01_browser.json,20310,54,27,27,0,10557,4961,15518,0.189242,38,0,0,0,1736,0,-1377,0,88,663,0,-263,0,-263,0,-216,0,-374,0,-6,0,0.485,14.66217118091338,0.4360014241916035,1,0.0,0.2098105876639145,0.3813410278502569,mawi_plus_cicids_balanced,20000,15.03546565649134,0.42748098960642233,0.20981058766391453,0.3783588757454435
RQ7_CONFIRM_default_c2_p1_02,default_c2_p1,default,c2,1,none,standard_dns,1,/opt/praxis/pcaps/RQ7_CONFIRM_default_c2_p1_02.pcap,/opt/praxis/logs/RQ7_CONFIRM_default_c2_p1_02_browser.json,20446,54,27,27,0,10685,4969,15654,0.189728,40,0,0,0,1768,0,-1377,0,88,663,0,-263,0,-263,0,-216,0,-374,0,-6,0,0.485,14.67514040908663,0.4417628957095746,1,0.0,0.2758620689655172,0.3866601169466269,mawi_plus_cicids_balanced,20000,15.08848411948004,0.45195844185284445,0.27586206896551724,0.39022855809677137
RQ7_CONFIRM_default_c2_p1_03,default_c2_p1,default,c2,1,none,standard_dns,1,/opt/praxis/pcaps/RQ7_CONFIRM_default_c2_p1_03.pcap,/opt/praxis/logs/RQ7_CONFIRM_default_c2_p1_03_browser.json,20030,52,26,26,0,10461,4953,15414,0.196199,34,0,0,0,1768,0,-1377,0,88,663,0,-263,0,-263,0,-582,0,-6,0,6,1988,0.49,15.873357292509477,0.9740607590806736,1,0.0,0.0738222438076736,0.5651123778686195,mawi_plus_cicids_balanced,20000,16.140225635324793,0.937524248148599,0.07382224380767363,0.5523245990423933
RQ7_CONFIRM_default_c2_p1_04,default_c2_p1,default,c2,1,none,standard_dns,1,/opt/praxis/pcaps/RQ7_CONFIRM_default_c2_p1_04.pcap,/opt/praxis/logs/RQ7_CONFIRM_default_c2_p1_04_browser.json,20438,55,27,28,0,10589,4969,15558,0.190956,36,0,0,0,1768,0,-1377,0,88,663,0,-263,0,-263,0,-216,0,-374,0,-6,0,0.485,14.653830151156964,0.4322959912444631,1,0.0,0.2719766877124818,0.3831524313211862,mawi_plus_cicids_balanced,20000,14.984727772693223,0.4040564303539666,0.2719766877124818,0.3732685850095124
RQ7_CONFIRM_default_c2_p1_05,default_c2_p1,default,c2,1,none,standard_dns,1,/opt/praxis/pcaps/RQ7_CONFIRM_default_c2_p1_05.pcap,/opt/praxis/logs/RQ7_CONFIRM_default_c2_p1_05_browser.json,20254,52,26,26,0,10685,4953,15638,0.188936,34,0,0,0,1832,0,-1377,0,88,663,0,-263,0,-263,0,-582,0,-6,0,6,2052,0.49,15.88999109313962,0.9814501863685564,1,0.0,0.1826129188926663,0.5731382111736281,mawi_plus_cicids_balanced,20000,16.15638791149359,0.9449860137452273,0.18261291889266634,0.5603757507554629
RQ7_CONFIRM_default_c2_p1_06,default_c2_p1,default,c2,1,none,standard_dns,1,/opt/praxis/pcaps/RQ7_CONFIRM_default_c2_p1_06.pcap,/opt/praxis/logs/RQ7_CONFIRM_default_c2_p1_06_browser.json,20318,53,26,27,0,10645,4969,15614,0.192563,32,0,0,0,1800,0,-1377,0,88,663,0,-263,0,-263,0,-216,0,-374,0,-6,0,0.485,14.62004845344297,0.417288753604112,1,0.0,0.2136959689169499,0.3749858622072867,mawi_plus_cicids_balanced,20000,14.863607913535356,0.3481380690604309,0.21369596891694997,0.35078312261699834
RQ7_CONFIRM_default_c2_p1_07,default_c2_p1,default,c2,1,none,standard_dns,1,/opt/praxis/pcaps/RQ7_CONFIRM_default_c2_p1_07.pcap,/opt/praxis/logs/RQ7_CONFIRM_default_c2_p1_07_browser.json,20222,52,26,26,0,10645,4961,15606,0.188237,32,0,0,0,1768,0,-1377,0,88,663,0,-263,0,-263,0,-216,0,-374,0,-6,0,0.485,14.615824198068406,0.4154121633629601,1,0.0,0.1670713938805245,0.3719978268710622,mawi_plus_cicids_balanced,20000,14.860191389994487,0.34656073567303675,0.16707139388052453,0.3478998271795891
RQ7_CONFIRM_default_c2_p1_08,default_c2_p1,default,c2,1,none,standard_dns,1,/opt/praxis/pcaps/RQ7_CONFIRM_default_c2_p1_08.pcap,/opt/praxis/logs/RQ7_CONFIRM_default_c2_p1_08_browser.json,20438,55,28,27,0,10589,4969,15558,0.187041,32,0,0,0,1800,0,-1377,0,88,663,0,-263,0,-263,0,-216,0,-374,0,-6,0,0.485,14.628208554329127,0.4209138104086745,1,0.0,0.2719766877124818,0.3791686680286601,mawi_plus_cicids_balanced,20000,14.871883642226049,0.35195879003972363,0.2719766877124818,0.35503441089952736
RQ7_CONFIRM_default_c2_p1_09,default_c2_p1,default,c2,1,none,standard_dns,1,/opt/praxis/pcaps/RQ7_CONFIRM_default_c2_p1_09.pcap,/opt/praxis/logs/RQ7_CONFIRM_default_c2_p1_09_browser.json,20070,51,25,26,0,10581,4961,15542,0.188315,34,0,0,0,1832,0,-1377,0,88,663,0,-263,0,-263,0,-582,0,-6,0,6,1988,0.49,15.870831907411713,0.9729388777999752,1,0.0,0.0932491500728509,0.565691064733634,mawi_plus_cicids_balanced,20000,16.137301777405465,0.9361743675869744,0.0932491500728509,0.5528234861590836
RQ7_CONFIRM_default_c2_p1_10,default_c2_p1,default,c2,1,none,standard_dns,1,/opt/praxis/pcaps/RQ7_CONFIRM_default_c2_p1_10.pcap,/opt/praxis/logs/RQ7_CONFIRM_default_c2_p1_10_browser.json,20502,55,28,27,0,10653,4969,15622,0.188032,38,0,0,0,1800,0,-1377,0,88,663,0,-263,0,-263,0,-216,0,-374,0,-6,0,0.485,14.667535856480953,0.4383846365981415,1,0.0,0.3030597377367654,0.3868376096961878,mawi_plus_cicids_balanced,20000,15.040619532922216,0.4298604204142831,0.3030597377367654,0.3838541340318373
RQ7_CONFIRM_default_c2_p1_11,default_c2_p1,default,c2,1,none,standard_dns,1,/opt/praxis/pcaps/RQ7_CONFIRM_default_c2_p1_11.pcap,/opt/praxis/logs/RQ7_CONFIRM_default_c2_p1_11_browser.json,20470,55,28,27,0,10621,4969,15590,0.193895,30,0,0,0,1832,0,-1377,0,88,663,0,-263,0,-263,0,-216,0,-374,0,-6,0,0.485,14.61458336316596,0.4148609327998571,1,0.0,0.2875182127246236,0.3778272371161811,mawi_plus_cicids_balanced,20000,14.811683171214517,0.32416556346672837,0.2875182127246236,0.3460838578495861
RQ7_CONFIRM_default_c2_p1_12,default_c2_p1,default,c2,1,none,standard_dns,1,/opt/praxis/pcaps/RQ7_CONFIRM_default_c2_p1_12.pcap,/opt/praxis/logs/RQ7_CONFIRM_default_c2_p1_12_browser.json,20222,54,28,26,0,10461,4969,15430,0.186845,34,0,0,0,1800,0,-1377,0,88,663,0,-263,0,-263,0,-582,0,-6,0,6,1988,0.49,15.881580511279145,0.9777138554789006,1,0.0,0.1670713938805245,0.5710534191116414,mawi_plus_cicids_balanced,20000,16.148406645098277,0.9413012394978323,0.16707139388052453,0.5583090035182675
RQ7_CONFIRM_default_c2_p1_13,default_c2_p1,default,c2,1,none,standard_dns,1,/opt/praxis/pcaps/RQ7_CONFIRM_default_c2_p1_13.pcap,/opt/praxis/logs/RQ7_CONFIRM_default_c2_p1_13_browser.json,20502,56,28,28,0,10557,4977,15534,0.186977,34,0,0,0,1736,0,-1377,0,88,663,0,-263,0,-263,0,-216,0,-374,0,-6,0,0.485,14.644319833926035,0.4280711120827346,1,0.0,0.3030597377367654,0.3832278761157954,mawi_plus_cicids_balanced,20000,14.932273114032927,0.3798392741015605,0.3030597377367654,0.36634673282238445
RQ7_CONFIRM_default_c2_p1_14,default_c2_p1,default,c2,1,none,standard_dns,1,/opt/praxis/pcaps/RQ7_CONFIRM_default_c2_p1_14.pcap,/opt/praxis/logs/RQ7_CONFIRM_default_c2_p1_14_browser.json,20350,54,27,27,0,10589,4969,15558,0.190316,36,0,0,0,1768,0,-1377,0,88,663,0,-263,0,-263,0,-216,0,-374,0,-6,0,0.485,14.650186014561344,0.4306771139355901,1,0.0,0.2292374939290918,0.3804488645739111,mawi_plus_cicids_balanced,20000,14.981789155778442,0.4026997358904283,0.2292374939290918,0.3706567822581045
RQ7_CONFIRM_default_c2_p1_15,default_c2_p1,default,c2,1,none,standard_dns,1,/opt/praxis/pcaps/RQ7_CONFIRM_default_c2_p1_15.pcap,/opt/praxis/logs/RQ7_CONFIRM_default_c2_p1_15_browser.json,20158,53,26,27,0,10485,4969,15454,0.191367,36,0,0,0,1736,0,-1377,0,88,663,0,-263,0,-263,0,-216,0,-374,0,-6,0,0.485,14.645326723895224,0.4285184145591592,1,0.0,0.1359883438562409,0.3750308622885177,mawi_plus_cicids_balanced,20000,14.976953184618704,0.4004670749181029,0.1359883438562409,0.36521289341414803
RQ7_CONFIRM_default_c2_p1_16,default_c2_p1,default,c2,1,none,standard_dns,1,/opt/praxis/pcaps/RQ7_CONFIRM_default_c2_p1_16.pcap,/opt/praxis/logs/RQ7_CONFIRM_default_c2_p1_16_browser.json,20390,54,27,27,0,10621,4977,15598,0.190135,36,0,0,0,1736,0,-1377,0,88,663,0,-263,0,-263,0,-216,0,-374,0,-6,0,0.485,14.64974443053241,0.4304809439113213,1,0.0,0.248664400194269,0.3813515503786759,mawi_plus_cicids_balanced,20000,14.98148614414457,0.40255984211795554,0.24866440019426905,0.3715791647509979
RQ7_CONFIRM_default_c2_p1_17,default_c2_p1,default,c2,1,none,standard_dns,1,/opt/praxis/pcaps/RQ7_CONFIRM_default_c2_p1_17.pcap,/opt/praxis/logs/RQ7_CONFIRM_default_c2_p1_17_browser.json,20342,55,27,28,0,10493,4969,15462,0.18957,32,0,0,0,1736,0,-1377,0,88,663,0,-263,0,-263,0,-216,0,-374,0,-6,0,0.485,14.626498334544696,0.4201540595240539,1,0.0,0.2253521126760563,0.3765715264672216,mawi_plus_cicids_balanced,20000,14.869647316048475,0.35092632768353177,0.22535211267605634,0.3523418203230389
RQ7_CONFIRM_default_c2_p1_18,default_c2_p1,default,c2,1,none,standard_dns,1,/opt/praxis/pcaps/RQ7_CONFIRM_default_c2_p1_18.pcap,/opt/praxis/logs/RQ7_CONFIRM_default_c2_p1_18_browser.json,20374,54,27,27,0,10621,4961,15582,0.190205,34,0,0,0,1832,0,-1377,0,88,663,0,-263,0,-263,0,-216,0,-374,0,-6,0,0.485,14.638205330557344,0.4253547949253316,1,0.0,0.2408936376881981,0.379168860108276,mawi_plus_cicids_balanced,20000,14.926466121364172,0.37715831396555866,0.24089363768819816,0.36230009177235545
RQ7_CONFIRM_default_c2_p1_19,default_c2_p1,default,c2,1,none,standard_dns,1,/opt/praxis/pcaps/RQ7_CONFIRM_default_c2_p1_19.pcap,/opt/praxis/logs/RQ7_CONFIRM_default_c2_p1_19_browser.json,20438,54,27,27,0,10685,4961,15646,0.183457,30,0,0,0,1800,0,-1377,0,88,663,0,-263,0,-263,0,-216,0,-374,0,-6,0,0.485,14.610210337625714,0.4129182526525952,1,0.0,0.2719766877124818,0.3763702228140324,mawi_plus_cicids_balanced,20000,14.807281900417356,0.32213359404158626,0.2719766877124818,0.3445955923001793
RQ7_CONFIRM_default_c2_p1_20,default_c2_p1,default,c2,1,none,standard_dns,1,/opt/praxis/pcaps/RQ7_CONFIRM_default_c2_p1_20.pcap,/opt/praxis/logs/RQ7_CONFIRM_default_c2_p1_20_browser.json,20310,54,27,27,0,10557,4961,15518,0.188362,32,0,0,0,1832,0,-1377,0,88,663,0,-263,0,-263,0,-216,0,-374,0,-6,0,0.485,14.624534483380412,0.4192816350129412,1,0.0,0.2098105876639145,0.3754891016377251,mawi_plus_cicids_balanced,20000,14.868004662389643,0.35016795080451796,0.20981058766391453,0.351299312164777
RQ7_CONFIRM_default_c2_p1_21,default_c2_p1,default,c2,1,none,standard_dns,1,/opt/praxis/pcaps/RQ7_CONFIRM_default_c2_p1_21.pcap,/opt/praxis/logs/RQ7_CONFIRM_default_c2_p1_21_browser.json,20158,52,26,26,0,10589,4953,15542,0.189295,30,0,0,0,1800,0,-1377,0,88,663,0,-263,0,-263,0,-582,0,-6,0,6,2020,0.49,15.856282114379155,0.966475253517201,1,0.0,0.1359883438562409,0.5655657559238324,mawi_plus_cicids_balanced,20000,16.038504253131045,0.8905617348139855,0.1359883438562409,0.538996024377707
RQ7_CONFIRM_default_c2_p1_22,default_c2_p1,default,c2,1,none,standard_dns,1,/opt/praxis/pcaps/RQ7_CONFIRM_default_c2_p1_22.pcap,/opt/praxis/logs/RQ7_CONFIRM_default_c2_p1_22_browser.json,20134,52,26,26,0,10557,4961,15518,0.183099,32,0,0,0,1736,0,-1377,0,88,663,0,-263,0,-263,0,-582,0,-6,0,6,2052,0.49,15.875900038840031,0.9751903529443352,1,0.0,0.1243322000971345,0.568033233535374,mawi_plus_cicids_balanced,20000,16.101191729739334,0.919503156889068,0.12433220009713453,0.5485427149160306
RQ7_CONFIRM_default_c2_p1_23,default_c2_p1,default,c2,1,none,standard_dns,1,/opt/praxis/pcaps/RQ7_CONFIRM_default_c2_p1_23.pcap,/opt/praxis/logs/RQ7_CONFIRM_default_c2_p1_23_browser.json,20462,56,28,28,0,10525,4969,15494,0.182594,34,0,0,0,1736,0,-1377,0,88,663,0,-263,0,-263,0,-216,0,-374,0,-6,0,0.485,14.644287138110393,0.4280565872391522,1,0.0,0.2836328314715881,0.3822514471072827,mawi_plus_cicids_balanced,20000,14.932195509512608,0.3798034458101854,0.28363283147158813,0.36536284760714427
RQ7_CONFIRM_default_c2_p1_24,default_c2_p1,default,c2,1,none,standard_dns,1,/opt/praxis/pcaps/RQ7_CONFIRM_default_c2_p1_24.pcap,/opt/praxis/logs/RQ7_CONFIRM_default_c2_p1_24_browser.json,20214,54,27,27,0,10453,4969,15422,0.183381,36,0,0,0,1736,0,-1377,0,88,663,0,-263,0,-263,0,-216,0,-374,0,-6,0,0.485,14.649474283340927,0.4303609332731712,1,0.0,0.163186012627489,0.3770356272769843,mawi_plus_cicids_balanced,20000,14.981095384629915,0.40237943708882745,0.16318601262748908,0.36724210361246407
RQ7_CONFIRM_default_c2_p1_25,default_c2_p1,default,c2,1,none,standard_dns,1,/opt/praxis/pcaps/RQ7_CONFIRM_default_c2_p1_25.pcap,/opt/praxis/logs/RQ7_CONFIRM_default_c2_p1_25_browser.json,20534,56,27,29,0,10589,4977,15566,0.190506,32,0,0,0,1800,0,-1377,0,88,663,0,-263,0,-263,0,-216,0,-374,0,-6,0,0.485,14.631372933573155,0.4223195595128604,1,0.0,0.3186012627489072,0.3819919089669465,mawi_plus_cicids_balanced,20000,14.873609269390963,0.35275547395214335,0.3186012627489072,0.3576444790206955
RQ7_CONFIRM_default_c2_p1_26,default_c2_p1,default,c2,1,none,standard_dns,1,/opt/praxis/pcaps/RQ7_CONFIRM_default_c2_p1_26.pcap,/opt/praxis/logs/RQ7_CONFIRM_default_c2_p1_26_browser.json,20310,54,27,27,0,10557,4961,15518,0.194178,34,0,0,0,1736,0,-1377,0,88,663,0,-263,0,-263,0,-216,0,-374,0,-6,0,0.485,14.636448940378244,0.4245745332277086,1,0.0,0.2098105876639145,0.3773416160128937,mawi_plus_cicids_balanced,20000,14.925122847056924,0.3765381539145873,0.20981058766391453,0.36052888325330124
RQ7_CONFIRM_default_c2_p1_27,default_c2_p1,default,c2,1,none,standard_dns,1,/opt/praxis/pcaps/RQ7_CONFIRM_default_c2_p1_27.pcap,/opt/praxis/logs/RQ7_CONFIRM_default_c2_p1_27_browser.json,20406,54,27,27,0,10653,4961,15614,0.189932,30,0,0,0,1736,0,-1377,0,88,663,0,-263,0,-263,0,-216,0,-374,0,-6,0,0.485,14.608999550200384,0.4123803704307565,1,0.0,0.2564351627003399,0.3754048877857818,mawi_plus_cicids_balanced,20000,14.806384326580986,0.3217192040446133,0.25643516270033995,0.34367347955063166
RQ7_CONFIRM_default_c2_p1_28,default_c2_p1,default,c2,1,none,standard_dns,1,/opt/praxis/pcaps/RQ7_CONFIRM_default_c2_p1_28.pcap,/opt/praxis/logs/RQ7_CONFIRM_default_c2_p1_28_browser.json,20622,57,28,29,0,10589,4977,15566,0.188902,36,0,0,0,1800,0,-1377,0,88,663,0,-263,0,-263,0,-216,0,-374,0,-6,0,0.485,14.662060365392144,0.4359521953199367,1,0.0,0.3613404565322972,0.3889002911885927,mawi_plus_cicids_balanced,20000,14.992150841689801,0.40748349720281835,0.36134045653229724,0.3789362468476013
RQ7_CONFIRM_default_c2_p1_29,default_c2_p1,default,c2,1,none,standard_dns,1,/opt/praxis/pcaps/RQ7_CONFIRM_default_c2_p1_29.pcap,/opt/praxis/logs/RQ7_CONFIRM_default_c2_p1_29_browser.json,20350,53,26,27,0,10677,4969,15646,0.190608,40,0,0,0,1768,0,-1377,0,88,663,0,-263,0,-263,0,-216,0,-374,0,-6,0,0.485,14.671014055033291,0.4399297973143737,1,0.0,0.2292374939290918,0.3836873037564853,mawi_plus_cicids_balanced,20000,15.084303266023916,0.4500282342411421,0.2292374939290918,0.3872217566808543
RQ7_CONFIRM_default_c2_p1_30,default_c2_p1,default,c2,1,none,standard_dns,1,/opt/praxis/pcaps/RQ7_CONFIRM_default_c2_p1_30.pcap,/opt/praxis/logs/RQ7_CONFIRM_default_c2_p1_30_browser.json,20342,54,27,27,0,10589,4961,15550,0.193628,32,0,0,0,1768,0,-1377,0,88,663,0,-263,0,-263,0,-216,0,-374,-6,0,0,0.485,14.623483972610394,0.4188149543593258,1,0.0,0.2253521126760563,0.3761028396595668,mawi_plus_cicids_balanced,20000,14.867279871512196,0.3498333308798488,0.22535211267605634,0.3519592714417499
RQ7_CONFIRM_default_c2_p1_31,default_c2_p1,default,c2,1,none,standard_dns,1,/opt/praxis/pcaps/RQ7_CONFIRM_default_c2_p1_31.pcap,/opt/praxis/logs/RQ7_CONFIRM_default_c2_p1_31_browser.json,20318,55,28,27,0,10461,4977,15438,0.186683,34,0,0,0,1768,0,-1377,0,88,663,0,-263,0,-263,0,-216,0,-374,0,-6,0,0.485,14.64102709563992,0.4266083405439683,1,0.0,0.2136959689169499,0.3782477176362364,mawi_plus_cicids_balanced,20000,14.929507872039576,0.378562623006328,0.21369596891694997,0.3614317164980623
RQ7_CONFIRM_default_c2_p1_32,default_c2_p1,default,c2,1,none,standard_dns,1,/opt/praxis/pcaps/RQ7_CONFIRM_default_c2_p1_32.pcap,/opt/praxis/logs/RQ7_CONFIRM_default_c2_p1_32_browser.json,20630,56,28,28,0,10685,4977,15662,0.186946,32,0,0,0,1768,0,-1377,0,88,663,0,-263,0,-263,0,-216,0,-374,-6,0,0,0.485,14.631543940553666,0.4223955279386158,1,0.0,0.3652258377853327,0.3843497266677821,mawi_plus_cicids_balanced,20000,14.874683556678423,0.35325144864275926,0.3652258377853327,0.36014929891423236
RQ7_CONFIRM_default_c2_p1_33,default_c2_p1,default,c2,1,none,standard_dns,1,/opt/praxis/pcaps/RQ7_CONFIRM_default_c2_p1_33.pcap,/opt/praxis/logs/RQ7_CONFIRM_default_c2_p1_33_browser.json,20134,52,26,26,0,10549,4969,15518,0.190991,34,0,0,0,1768,0,-1377,0,88,663,0,-263,0,-263,0,-216,0,-374,-6,0,0,0.485,14.629203327082683,0.4213557299130516,1,0.0,0.1243322000971345,0.3719411154744247,mawi_plus_cicids_balanced,20000,14.91831903585333,0.37339698469840016,0.12433220009713453,0.3551555546492968
RQ7_CONFIRM_default_c2_p1_34,default_c2_p1,default,c2,1,none,standard_dns,1,/opt/praxis/pcaps/RQ7_CONFIRM_default_c2_p1_34.pcap,/opt/praxis/logs/RQ7_CONFIRM_default_c2_p1_34_browser.json,20566,55,28,27,0,10717,4969,15686,0.188795,34,0,0,0,1832,0,-1377,0,88,663,0,-263,0,-263,0,-216,0,-374,0,-6,0,0.485,14.642520463494188,0.4272717567660659,1,0.0,0.334142787761049,0.3845022542561755,mawi_plus_cicids_balanced,20000,14.930866789912374,0.37919000534567104,0.33414278776104905,0.36767364125903734
RQ7_CONFIRM_default_c2_p1_35,default_c2_p1,default,c2,1,none,standard_dns,1,/opt/praxis/pcaps/RQ7_CONFIRM_default_c2_p1_35.pcap,/opt/praxis/logs/RQ7_CONFIRM_default_c2_p1_35_browser.json,20342,54,27,27,0,10589,4961,15550,0.1877,34,0,0,0,1800,0,-1377,0,88,663,0,-263,0,-263,0,-216,0,-374,0,-6,0,0.485,14.637656751127327,0.4251110930859356,1,0.0,0.2253521126760563,0.3783064882138802,mawi_plus_cicids_balanced,20000,14.92601322244508,0.3769492205471607,0.22535211267605634,0.36144983282530907
RQ7_CONFIRM_default_c2_p1_36,default_c2_p1,default,c2,1,none,standard_dns,1,/opt/praxis/pcaps/RQ7_CONFIRM_default_c2_p1_36.pcap,/opt/praxis/logs/RQ7_CONFIRM_default_c2_p1_36_browser.json,19878,50,25,25,0,10485,4953,15438,0.184509,32,0,0,0,1768,0,-1377,0,88,663,0,-263,0,-263,0,-582,0,-6,0,6,1988,0.49,15.85370216158046,0.965329130990184,1,0.0,0.0,0.5583651958465643,mawi_plus_cicids_balanced,20000,16.079594229342938,0.90953206842678,0.0,0.538836223949373
RQ7_CONFIRM_default_c2_p1_37,default_c2_p1,default,c2,1,none,standard_dns,1,/opt/praxis/pcaps/RQ7_CONFIRM_default_c2_p1_37.pcap,/opt/praxis/logs/RQ7_CONFIRM_default_c2_p1_37_browser.json,20494,56,28,28,0,10557,4969,15526,0.190411,34,0,0,0,1768,0,-1377,0,88,663,0,-263,0,-263,0,-216,0,-374,0,-6,0,0.485,14.644782143849705,0.4282764894129894,1,0.0,0.29917435648373,0.3831054891187328,mawi_plus_cicids_balanced,20000,14.932640837033135,0.3800090436812524,0.29917435648373,0.3662118831126248
RQ7_CONFIRM_default_c2_p1_38,default_c2_p1,default,c2,1,none,standard_dns,1,/opt/praxis/pcaps/RQ7_CONFIRM_default_c2_p1_38.pcap,/opt/praxis/logs/RQ7_CONFIRM_default_c2_p1_38_browser.json,20230,52,25,27,0,10645,4969,15614,0.181452,34,0,0,0,1768,0,-1377,0,88,663,0,-263,0,-263,0,-582,0,-6,0,6,2052,0.49,15.888715754180971,0.9808836276660754,1,0.0,0.1709567751335599,0.5723571084398044,mawi_plus_cicids_balanced,20000,16.154486264731535,0.944108065476194,0.17095677513355997,0.5594856616733458
RQ7_CONFIRM_default_c2_p1_39,default_c2_p1,default,c2,1,none,standard_dns,1,/opt/praxis/pcaps/RQ7_CONFIRM_default_c2_p1_39.pcap,/opt/praxis/logs/RQ7_CONFIRM_default_c2_p1_39_browser.json,20470,54,27,27,0,10717,4961,15678,0.191269,30,0,0,0,1768,0,-1377,0,88,663,0,-263,0,-263,0,-582,0,-6,0,6,2084,0.5,15.878239494139908,0.976229636462038,1,0.0,0.2875182127246236,0.5810562833979446,mawi_plus_cicids_balanced,20000,16.059952400375796,0.9004638702280113,0.2875182127246236,0.5545382652160352
RQ7_CONFIRM_default_c2_p1_40,default_c2_p1,default,c2,1,none,standard_dns,1,/opt/praxis/pcaps/RQ7_CONFIRM_default_c2_p1_40.pcap,/opt/praxis/logs/RQ7_CONFIRM_default_c2_p1_40_browser.json,20310,54,27,27,0,10557,4961,15518,0.18514,30,0,0,0,1800,0,-1377,0,88,663,0,-263,0,-263,0,-216,0,-374,0,-6,0,0.485,14.609935748280098,0.4127962686244961,1,0.0,0.2098105876639145,0.3732192234017694,mawi_plus_cicids_balanced,20000,14.806970408015182,0.3219897848858783,0.20981058766391453,0.34143695409325314
RQ7_CONFIRM_default_c2_p1_41,default_c2_p1,default,c2,1,none,standard_dns,1,/opt/praxis/pcaps/RQ7_CONFIRM_default_c2_p1_41.pcap,/opt/praxis/logs/RQ7_CONFIRM_default_c2_p1_41_browser.json,20254,54,27,27,0,10493,4969,15462,0.186114,34,0,0,0,1736,0,-1377,0,88,663,0,-263,0,-263,0,-216,0,-374,0,-6,0,0.485,14.636454523550888,0.4245770135056195,1,0.0,0.1826129188926663,0.3759826006716001,mawi_plus_cicids_balanced,20000,14.925018117550206,0.37648980261666226,0.18261291889266634,0.35915207686046513
RQ7_CONFIRM_default_c2_p1_42,default_c2_p1,default,c2,1,none,standard_dns,1,/opt/praxis/pcaps/RQ7_CONFIRM_default_c2_p1_42.pcap,/opt/praxis/logs/RQ7_CONFIRM_default_c2_p1_42_browser.json,20374,54,27,27,0,10621,4961,15582,0.187359,34,0,0,0,1800,0,-1377,0,88,663,0,-263,0,-263,0,-216,0,-374,0,-6,0,0.485,14.637724216298288,0.4251410639258147,1,0.0,0.2408936376881981,0.379094054258445,mawi_plus_cicids_balanced,20000,14.926090228421433,0.37698477250401896,0.24089363768819816,0.3622393522608165
RQ7_CONFIRM_default_c2_p1_43,default_c2_p1,default,c2,1,none,standard_dns,1,/opt/praxis/pcaps/RQ7_CONFIRM_default_c2_p1_43.pcap,/opt/praxis/logs/RQ7_CONFIRM_default_c2_p1_43_browser.json,20470,56,28,28,0,10525,4977,15502,0.182789,36,0,0,0,1736,0,-1377,0,88,663,0,-263,0,-263,0,-216,0,-374,0,-6,0,0.485,14.657367709094206,0.4338675218726794,1,0.0,0.2875182127246236,0.3844795432916689,mawi_plus_cicids_balanced,20000,14.98834800295109,0.40572781062911517,0.2875182127246236,0.37463064435642146
RQ7_CONFIRM_default_c2_p1_44,default_c2_p1,default,c2,1,none,standard_dns,1,/opt/praxis/pcaps/RQ7_CONFIRM_default_c2_p1_44.pcap,/opt/praxis/logs/RQ7_CONFIRM_default_c2_p1_44_browser.json,20294,52,26,26,0,10717,4961,15678,0.185416,38,0,0,0,1800,0,-1377,0,88,663,0,-263,0,-263,0,-582,0,-6,0,6,2084,0.5,15.92069596850236,0.9950905713245528,1,0.0,0.2020398251578436,0.5833836912214856,mawi_plus_cicids_balanced,20000,16.265364560997288,0.9952981235996834,0.2020398251578436,0.5834563345177813
RQ7_CONFIRM_default_c2_p1_45,default_c2_p1,default,c2,1,none,standard_dns,1,/opt/praxis/pcaps/RQ7_CONFIRM_default_c2_p1_45.pcap,/opt/praxis/logs/RQ7_CONFIRM_default_c2_p1_45_browser.json,20030,52,26,26,0,10453,4961,15414,0.194644,34,0,0,0,1800,0,-1377,0,88,663,0,-263,0,-263,0,-216,0,-374,0,-6,0,0.485,14.62946556527636,0.4214722270448464,1,0.0,0.0738222438076736,0.3694563916560799,mawi_plus_cicids_balanced,20000,14.918451547631454,0.37345816245683167,0.07382224380767363,0.3526514690502748
RQ7_CONFIRM_default_c2_p1_46,default_c2_p1,default,c2,1,none,standard_dns,1,/opt/praxis/pcaps/RQ7_CONFIRM_default_c2_p1_46.pcap,/opt/praxis/logs/RQ7_CONFIRM_default_c2_p1_46_browser.json,20310,54,27,27,0,10557,4961,15518,0.183835,34,0,0,0,1736,0,-1377,0,88,663,0,-263,0,-263,0,-582,0,-6,0,6,2052,0.49,15.89560351196873,0.9839434566541032,1,0.0,0.2098105876639145,0.5753707392121318,mawi_plus_cicids_balanced,20000,16.1617157835421,0.9474457744831097,0.20981058766391453,0.5625965504522841
RQ7_CONFIRM_default_c2_p1_47,default_c2_p1,default,c2,1,none,standard_dns,1,/opt/praxis/pcaps/RQ7_CONFIRM_default_c2_p1_47.pcap,/opt/praxis/logs/RQ7_CONFIRM_default_c2_p1_47_browser.json,20222,52,26,26,0,10653,4953,15606,0.192541,34,0,0,0,1736,0,-1377,0,88,663,0,-263,0,-263,0,-582,0,-6,0,6,2052,0.49,15.888435535666073,0.9807591429264416,1,0.0,0.1670713938805245,0.5721192697182809,mawi_plus_cicids_balanced,20000,16.155218423564403,0.9444460870229925,0.16707139388052453,0.5594097001520736
RQ7_CONFIRM_default_c2_p1_48,default_c2_p1,default,c2,1,none,standard_dns,1,/opt/praxis/pcaps/RQ7_CONFIRM_default_c2_p1_48.pcap,/opt/praxis/logs/RQ7_CONFIRM_default_c2_p1_48_browser.json,20254,54,27,27,0,10493,4969,15462,0.182903,32,0,0,0,1800,0,-1377,0,88,663,0,-263,0,-263,0,-216,0,-374,0,-6,0,0.485,14.623988438418014,0.4190390590896585,1,0.0,0.1826129188926663,0.3740443166260138,mawi_plus_cicids_balanced,20000,14.867502574705648,0.34993614802081396,0.18261291889266634,0.3498582977519182
RQ7_CONFIRM_default_c2_p1_49,default_c2_p1,default,c2,1,none,standard_dns,1,/opt/praxis/pcaps/RQ7_CONFIRM_default_c2_p1_49.pcap,/opt/praxis/logs/RQ7_CONFIRM_default_c2_p1_49_browser.json,20230,53,26,27,0,10557,4969,15526,0.188622,38,0,0,0,1800,0,-1377,0,88,663,0,-263,0,-263,0,-582,0,-6,0,6,2020,0.49,15.908874769884108,0.9898391023676092,1,0.0,0.1709567751335599,0.5754915245853411,mawi_plus_cicids_balanced,20000,16.25315956770735,0.9896633480218618,0.17095677513355997,0.5754300105643296
RQ7_CONFIRM_default_c2_p1_50,default_c2_p1,default,c2,1,none,standard_dns,1,/opt/praxis/pcaps/RQ7_CONFIRM_default_c2_p1_50.pcap,/opt/praxis/logs/RQ7_CONFIRM_default_c2_p1_50_browser.json,20126,52,26,26,0,10557,4953,15510,0.182422,30,0,0,0,1800,0,-1377,0,88,663,0,-263,0,-263,0,-582,0,-6,0,6,2084,0.5,15.871296047378532,0.9731450681116468,1,0.0,0.120446818844099,0.5716231147812814,mawi_plus_cicids_balanced,20000,16.053276273918144,0.8973816502362117,0.12044681884409908,0.5451059185248791
